well_id,timestamp,ground_to_water_cm
EEF-1,2018-06-01 07:45:00,4.7887
EEF-1,2018-06-18 08:32:00,1.1903
EEF-1,2018-06-30 08:55:00,4.577
EEF-1,2018-07-16 08:40:00,16.117
EEF-1,2018-07-25 08:16:00,23.5503
EEF-1,2018-08-10 07:20:00,7.0837
EEF-1,2018-08-24 08:39:00,1.817
EEF-1,2018-09-16 07:57:00,2.317
EEF-1,2018-09-29 08:39:00,0.617
EEF-1,2018-11-18 13:16:00,0.017
EEF-1,2019-06-02 19:00:00,-2.0
EEF-1,2019-06-18 08:55:00,1.6503
EEF-1,2019-07-06 09:01:00,18.0503
EEF-1,2019-07-26 07:47:00,49.017
EEF-1,2019-08-05 07:14:00,56.1503
EEF-1,2019-08-20 09:12:00,39.4837
EEF-1,2019-09-03 08:54:00,20.017
EEF-1,2019-09-21 09:34:00,1.717
EEF-1,2019-10-05 07:12:00,3.2503
EEF-1,2019-10-20 14:51:00,5.017
EEF-1,2021-05-20 08:20:00,13.1594
EEF-1,2021-06-06 08:31:00,38.153
EEF-1,2021-06-20 08:17:00,69.0394
EEF-1,2021-07-05 08:17:00,76.3546
EEF-1,2021-07-20 08:42:00,79.301
EEF-1,2021-08-06 08:34:00,79.301
EEF-1,2021-08-22 09:51:00,79.6058
EEF-1,2021-09-08 09:17:00,83.7714
EEF-1,2021-09-24 09:47:00,83.4666
EEF-1,2021-10-06 09:40:00,
EEF-1,2021-11-14 09:52:00,7.673
EER-1,2018-05-31 08:40:00,17.2537
EER-1,2018-06-18 07:21:00,29.3187
EER-1,2018-06-30 08:20:00,38.3146
EER-1,2018-07-16 07:57:00,42.2437
EER-1,2018-07-25 07:25:00,41.3771
EER-1,2018-08-10 06:35:00,42.5437
EER-1,2018-08-24 08:00:00,41.0771
EER-1,2018-09-16 07:25:00,35.8771
EER-1,2018-09-29 08:21:00,32.4104
EER-1,2018-11-18 13:56:00,24.9771
EER-1,2019-06-02 08:07:00,2.6104
EER-1,2019-06-18 07:36:00,14.0104
EER-1,2019-07-06 08:15:00,33.0187
EER-1,2019-07-26 07:20:00,37.9104
EER-1,2019-08-05 06:42:00,39.0437
EER-1,2019-08-20 08:51:00,39.2771
EER-1,2019-09-03 08:44:00,39.1104
EER-1,2019-09-21 09:25:00,24.9437
EER-1,2019-10-05 07:04:00,23.7771
EER-1,2019-10-20 14:14:00,22.2771
EER-1,2021-05-20 07:40:00,28.7317
EER-1,2021-06-06 08:01:00,37.7741
EER-1,2021-06-20 07:45:00,40.5173
EER-1,2021-07-05 07:32:00,41.1269
EER-1,2021-07-20 08:18:00,46.5117
EER-1,2021-08-06 08:11:00,48.2389
EER-1,2021-08-22 09:26:00,44.2765
EER-1,2021-09-08 08:55:00,43.7685
EER-1,2021-09-24 09:28:00,39.8061
EER-1,2021-09-24 17:23:00,45.5973
EER-1,2021-10-06 08:43:00,35.6405
EER-1,2021-11-14 09:07:00,17.0477
EET-1,2018-06-01 07:56:00,8.9092
EET-1,2018-06-18 08:38:00,48.2792
EET-1,2018-06-30 09:00:00,85.9558
EET-1,2018-07-16 08:47:00,88.5433
EET-1,2018-07-25 08:25:00,
EET-1,2018-08-10 07:23:00,88.9433
EET-1,2018-08-24 08:45:00,
EET-1,2018-09-16 08:02:00,
EET-1,2018-09-29 08:34:00,
EET-1,2018-11-18 13:39:00,71.51
EET-1,2019-06-02 18:40:00,-1.89
EET-1,2019-06-18 09:00:00,27.4767
EET-1,2019-07-26 07:51:00,87.61
EET-1,2019-08-05 07:18:00,87.61
EET-1,2019-08-20 09:15:00,
EET-1,2019-09-21 09:31:00,
EET-1,2019-10-20 15:00:00,84.0433
EET-1,2021-05-20 08:22:00,45.4612
EET-1,2021-06-06 08:34:00,50.2364
EET-1,2021-06-20 08:20:00,83.9676
EET-1,2021-07-05 08:24:00,
EET-1,2021-07-20 08:45:00,89.3524
EET-1,2021-08-06 08:37:00,
EET-1,2021-11-14 09:59:00,13.1524
EET-2,2019-07-06 08:44:00,81.6833
EET-2,2019-07-26 07:40:00,114.75
EET-2,2019-07-26 12:09:00,109.75
EET-2,2019-09-03 09:08:00,134.65
EET-2,2019-10-20 14:35:00,92.95
EET-2,2021-05-20 08:02:00,92.5252
EET-2,2021-06-06 08:16:00,115.4868
EET-2,2021-06-20 08:02:00,134.8924
EET-2,2021-07-05 07:57:00,135.6036
EET-2,2021-07-16 08:45:00,
EET-2,2021-07-20 08:31:00,
EET-2,2021-11-14 09:40:00,-3.0601
EET-XB4S,2018-07-16 09:11:00,39.2
EET-XB4S,2019-07-06 09:15:00,26.1333
EET-XB4S,2019-07-26 08:05:00,
EET-XB4S,2019-08-20 09:20:00,
EET-XB4S,2019-10-20 13:04:00,24.8
EET-XB4S,2021-05-20 08:35:00,17.7912
EET-XB4S,2021-06-06 08:38:00,27.1384
EET-XB4S,2021-06-20 08:27:00,38.924
EET-XB4S,2021-07-05 08:33:00,43.0896
EET-XB4S,2021-07-20 08:51:00,53.148
EET-XB4S,2021-08-06 08:42:00,
EET-XB4S,2021-08-22 10:02:00,
EET-XB4S,2021-09-24 09:51:00,50.7096
EET-XB4S,2021-10-06 09:46:00,44.4367
EET-XB4S,2021-11-14 10:06:00,-18.1752
EFF-XA1N,2019-06-18 07:56:00,19.1667
EFF-XA1N,2019-07-06 08:31:00,41.9
EFF-XA1N,2019-07-26 07:32:00,43.7
EFF-XA1N,2019-08-05 06:55:00,
EFF-XA1N,2019-09-21 10:39:00,26.5
EFF-XA1N,2019-10-05 07:35:00,26.5333
EFF-XA1N,2019-10-20 14:25:00,22.6667
EFF-XA1N,2021-05-20 07:52:00,35.652
EFF-XA1N,2021-06-06 08:10:00,46.828
EFF-XA1N,2021-06-20 07:54:00,47.336
EFF-XA1N,2021-07-05 07:46:00,48.5552
EFF-XA1N,2021-07-20 08:26:00,47.844
EFF-XA1N,2021-08-06 08:20:00,49.5712
EFF-XA1N,2021-08-22 09:35:00,47.7424
EFF-XA1N,2021-09-08 09:04:00,51.0952
EFF-XA1N,2021-09-24 09:35:00,48.352
EFF-XA1N,2021-10-06 09:26:00,51.4367
EFF-XA1N,2021-11-14 09:25:00,26.3048
EFF-XA2N,2018-05-31 08:55:00,11.4342
EFF-XA2N,2018-06-18 07:35:00,18.7367
EFF-XA2N,2018-06-30 08:31:00,27.3092
EFF-XA2N,2018-07-16 08:10:00,32.575
EFF-XA2N,2018-07-25 07:36:00,32.8417
EFF-XA2N,2018-08-10 06:45:00,38.7083
EFF-XA2N,2018-08-24 08:13:00,35.0083
EFF-XA2N,2018-09-16 07:39:00,32.9417
EFF-XA2N,2018-09-29 09:00:00,25.4417
EFF-XA2N,2018-11-18 14:14:00,10.375
EFF-XA2N,2019-06-18 07:52:00,7.7083
EFF-XA2N,2019-07-06 08:29:00,20.0417
EFF-XA2N,2019-07-26 07:30:00,28.575
EFF-XA2N,2019-08-05 06:52:00,31.875
EFF-XA2N,2019-08-20 08:58:00,31.9083
EFF-XA2N,2019-09-03 08:59:00,31.9417
EFF-XA2N,2019-09-21 10:41:00,17.4083
EFF-XA2N,2019-10-05 07:34:00,13.775
EFF-XA2N,2019-10-20 14:23:00,11.075
EFF-XA2N,2021-05-20 07:50:00,13.0358
EFF-XA2N,2021-06-06 08:09:00,22.383
EFF-XA2N,2021-06-20 07:53:00,59.7718
EFF-XA2N,2021-07-05 07:43:00,32.6446
EFF-XA2N,2021-07-20 08:25:00,37.0134
EFF-XA2N,2021-08-06 08:18:00,37.623
EFF-XA2N,2021-08-22 09:35:00,36.5054
EFF-XA2N,2021-09-08 09:02:00,37.623
EFF-XA2N,2021-09-24 09:34:00,30.9174
EFF-XA2N,2021-10-06 09:24:00,29.345
EFF-XA2N,2021-11-14 09:23:00,12.0198
EFF-XB7S,2019-07-06 09:20:00,4.5167
EFF-XB7S,2019-07-26 07:56:00,3.55
EFF-XB7S,2019-08-05 07:12:00,5.85
EFF-XB7S,2019-08-20 09:11:00,5.6167
EFF-XB7S,2019-09-03 08:56:00,5.1167
EFF-XB7S,2019-09-21 09:42:00,3.2833
EFF-XB7S,2019-10-05 07:15:00,3.45
EFF-XB7S,2019-10-20 14:45:00,3.45
EFF-XB7S,2021-05-20 08:15:00,-11.6356
EFF-XB7S,2021-06-06 08:30:00,11.834
EFF-XB7S,2021-06-20 08:14:00,24.4324
EFF-XB7S,2021-07-05 08:11:00,53.5916
EFF-XB7S,2021-07-20 08:40:00,78.2804
EFF-XB7S,2021-08-06 08:31:00,85.5956
EFF-XB7S,2021-08-22 09:48:00,90.1676
EFF-XB7S,2021-09-08 09:15:00,96.8732
EFF-XB7S,2021-09-24 09:46:00,81.0236
EFF-XB7S,2021-10-06 09:39:00,23.12
EFF-XB7S,2021-11-14 09:50:00,11.4276
EFR-XB1S,2018-06-01 07:40:00,34.4473
EFR-XB1S,2018-06-18 07:56:00,40.1623
EFR-XB1S,2018-06-30 09:10:00,43.4432
EFR-XB1S,2018-07-16 08:54:00,45.5373
EFR-XB1S,2018-07-25 08:41:00,44.0373
EFR-XB1S,2018-08-10 07:31:00,45.6373
EFR-XB1S,2018-08-24 08:51:00,45.504
EFR-XB1S,2018-09-16 08:07:00,46.6373
EFR-XB1S,2018-09-29 08:19:00,46.404
EFR-XB1S,2018-11-18 13:50:00,44.9373
EFR-XB1S,2019-07-06 09:22:00,35.2707
EFR-XB1S,2019-07-26 08:05:00,41.004
EFR-XB1S,2019-10-20 15:09:00,45.604
EFR-XB1S,2021-05-20 08:41:00,45.3496
EFR-XB1S,2021-06-06 08:42:00,47.6864
EFR-XB1S,2021-06-20 08:31:00,37.12
EFR-XB1S,2021-07-05 08:41:00,49.5152
EFR-XB1S,2021-07-20 08:54:00,50.2264
EFR-XB1S,2021-08-06 08:45:00,51.1408
EFR-XB1S,2021-08-22 10:05:00,52.1568
EFR-XB1S,2021-09-08 09:22:00,50.836
EFR-XB1S,2021-09-24 09:53:00,50.2264
EFR-XB1S,2021-10-06 09:45:00,50.7407
EFR-XB1S,2021-11-14 10:09:00,41.692
EFR-XB2N,2018-07-16 09:19:00,25.75
EFR-XB2N,2018-07-25 08:50:00,25.15
EFR-XB2N,2019-07-06 09:26:00,16.95
EFR-XB2N,2019-07-26 13:05:00,24.6167
EFR-XB2N,2019-10-20 14:11:00,15.95
EFR-XB2N,2021-05-20 08:45:00,18.1756
EFR-XB2N,2021-06-06 08:44:00,23.8652
EFR-XB2N,2021-06-20 08:34:00,28.742
EFR-XB2N,2021-07-05 08:46:00,28.9452
EFR-XB2N,2021-07-20 08:55:00,33.1108
EFR-XB2N,2021-08-06 08:47:00,34.9396
EFR-XB2N,2021-08-22 10:08:00,31.9932
EFR-XB2N,2021-09-08 09:25:00,34.1268
EFR-XB2N,2021-09-24 17:20:00,64.5052
EFR-XB2N,2021-10-06 09:54:00,30.3867
EFR-XB2N,2021-11-14 10:12:00,21.3252
EFR-XB2S,2018-07-16 07:57:00,
EFR-XB2S,2019-07-06 09:19:00,
EFR-XB2S,2019-07-26 08:05:00,
EFR-XB2S,2019-08-20 09:22:00,
EFR-XB2S,2019-10-20 15:07:00,
EFR-XB2S,2021-05-20 08:39:00,38.8408
EFR-XB2S,2021-06-06 08:41:00,44.9368
EFR-XB2S,2021-06-20 08:30:00,
EFR-XB2S,2021-07-05 08:39:00,
EFR-XB2S,2021-07-20 08:53:00,57.1288
EFR-XB2S,2021-08-06 08:44:00,56.824
EFR-XB2S,2021-08-22 10:03:00,
EFR-XB2S,2021-11-14 10:08:00,33.0496
EFR-XB3S,2018-07-16 07:58:00,
EFR-XB3S,2019-07-06 09:17:00,50.7
EFR-XB3S,2019-07-26 08:00:00,55.2833
EFR-XB3S,2019-10-20 15:05:00,50.35
EFR-XB3S,2021-05-20 08:37:00,39.2276
EFR-XB3S,2021-06-06 08:39:00,50.81
EFR-XB3S,2021-06-20 08:29:00,64.7292
EFR-XB3S,2021-07-05 08:38:00,
EFR-XB3S,2021-07-20 08:51:00,
EFR-XB3S,2021-10-06 09:47:00,
EFR-XB3S,2021-11-14 10:07:00,26.7308
EFT-XB6S,2021-05-20 08:15:00,20.7124
EFT-XB6S,2021-06-06 08:27:00,38.1876
EFT-XB6S,2021-06-20 08:12:00,75.5764
EFT-XB6S,2021-07-05 08:09:00,98.538
EFT-XB6S,2021-07-20 08:38:00,128.6116
EFT-XB6S,2021-08-06 08:29:00,
EFT-XB6S,2021-11-14 09:48:00,15.226
EHF-XA3S,2018-06-01 06:40:00,3.384
EHF-XA3S,2018-06-18 08:07:00,4.8657
EHF-XA3S,2018-06-30 08:45:00,20.9523
EHF-XA3S,2018-07-16 08:19:00,51.7773
EHF-XA3S,2018-07-25 07:45:00,77.5773
EHF-XA3S,2018-08-10 06:50:00,
EHF-XA3S,2018-08-24 08:19:00,
EHF-XA3S,2018-09-16 07:44:00,
EHF-XA3S,2018-09-29 09:03:00,
EHF-XA3S,2018-11-18 14:22:00,15.7773
EHF-XA3S,2019-06-02 11:55:00,-0.0893
EHF-XA3S,2019-06-18 08:07:00,3.6107
EHF-XA3S,2019-07-06 08:41:00,6.444
EHF-XA3S,2019-07-26 07:38:00,40.044
EHF-XA3S,2019-08-05 06:59:00,63.7107
EHF-XA3S,2019-08-20 09:01:00,
EHF-XA3S,2019-09-21 10:40:00,22.4773
EHF-XA3S,2019-10-05 07:28:00,18.544
EHF-XA3S,2019-10-20 14:29:00,13.4107
EHF-XA3S,2021-05-20 07:57:00,15.5224
EHF-XA3S,2021-06-06 08:12:00,79.8352
EHF-XA3S,2021-06-20 07:58:00,86.744
EHF-XA3S,2021-07-05 07:50:00,
EHF-XA3S,2021-11-14 09:32:00,3.8672
EHR-1,2018-05-31 08:30:00,29.555
EHR-1,2018-06-18 07:17:00,44.3717
EHR-1,2018-06-30 08:15:00,59.1883
EHR-1,2018-07-16 07:52:00,66.4083
EHR-1,2018-07-25 07:21:00,66.075
EHR-1,2018-08-10 06:32:00,69.5083
EHR-1,2018-08-24 07:53:00,66.1417
EHR-1,2018-09-16 07:21:00,58.075
EHR-1,2018-09-29 08:16:00,57.475
EHR-1,2018-11-18 14:43:00,41.4083
EHR-1,2019-06-02 08:01:00,4.4417
EHR-1,2019-06-18 07:30:00,8.8083
EHR-1,2019-07-06 08:12:00,36.4083
EHR-1,2019-07-26 08:18:00,54.1417
EHR-1,2019-08-05 06:39:00,61.1083
EHR-1,2019-08-20 08:49:00,62.9083
EHR-1,2019-09-03 08:41:00,62.775
EHR-1,2019-09-21 09:23:00,50.4417
EHR-1,2019-10-05 07:00:00,42.0083
EHR-1,2019-10-20 14:06:00,40.0417
EHR-1,2021-05-20 07:38:00,45.5542
EHR-1,2021-06-06 07:59:00,55.003
EHR-1,2021-06-20 07:43:00,60.2862
EHR-1,2021-07-05 07:30:00,58.559
EHR-1,2021-07-20 08:16:00,63.639
EHR-1,2021-08-06 08:09:00,65.0614
EHR-1,2021-08-22 09:24:00,60.1846
EHR-1,2021-09-08 08:53:00,60.7942
EHR-1,2021-09-24 09:26:00,60.2862
EHR-1,2021-10-06 08:41:00,58.051
EHR-1,2021-11-14 09:05:00,29.3998
EHR-XB1N,2018-07-16 09:16:00,65.85
EHR-XB1N,2018-07-25 08:45:00,64.2833
EHR-XB1N,2019-07-06 09:24:00,51.05
EHR-XB1N,2019-07-26 13:04:00,59.45
EHR-XB1N,2019-10-20 14:12:00,46.8833
EHR-XB1N,2021-05-20 08:43:00,56.1092
EHR-XB1N,2021-06-06 08:43:00,66.6756
EHR-XB1N,2021-06-20 08:33:00,71.0444
EHR-XB1N,2021-07-05 08:44:00,73.178
EHR-XB1N,2021-07-20 08:55:00,79.782
EHR-XB1N,2021-08-06 08:46:00,76.5308
EHR-XB1N,2021-08-22 10:07:00,71.146
EHR-XB1N,2021-09-08 09:24:00,71.4508
EHR-XB1N,2021-09-24 17:21:00,67.6916
EHR-XB1N,2021-10-06 09:53:00,
EHR-XB1N,2021-11-14 10:11:00,44.0188
EHT-XA5S,2018-06-01 06:43:00,-1.1533
EHT-XA5S,2018-06-18 08:13:00,35.6767
EHT-XA5S,2018-06-30 08:47:00,67.215
EHT-XA5S,2018-07-16 08:25:00,105.0958
EHT-XA5S,2018-07-25 07:51:00,
EHT-XA5S,2018-08-10 06:53:00,
EHT-XA5S,2018-08-24 08:25:00,
EHT-XA5S,2018-09-16 07:46:00,
EHT-XA5S,2018-09-29 09:04:00,
EHT-XA5S,2018-11-18 14:26:00,22.3625
EHT-XA5S,2019-06-02 10:34:00,-5.1708
EHT-XA5S,2019-06-18 08:22:00,0.6292
EHT-XA5S,2019-07-06 08:46:00,54.9625
EHT-XA5S,2019-07-26 12:12:00,91.4292
EHT-XA5S,2019-09-03 09:05:00,
EHT-XA5S,2019-09-21 09:48:00,
EHT-XA5S,2019-10-05 00:00:00,
EHT-XA5S,2019-10-20 14:32:00,42.8625
EHT-XA5S,2021-06-06 08:15:00,79.1121
EHT-XA5S,2021-06-20 08:01:00,104.8169
EHT-XA5S,2021-07-05 07:55:00,
EHT-XA5S,2021-07-16 08:35:00,
EHT-XA5S,2021-07-20 08:30:00,
EHT-XA5S,2021-08-22 09:40:00,
EHT-XA5S,2021-11-14 09:36:00,1.2715
EHT-XB5S,2018-06-01 07:41:00,19.2967
EHT-XB5S,2018-06-18 08:27:00,64.4875
EHT-XB5S,2018-06-30 09:05:00,89.9933
EHT-XB5S,2018-07-16 08:52:00,109.85
EHT-XB5S,2018-07-25 08:08:00,124.75
EHT-XB5S,2018-08-10 07:18:00,
EHT-XB5S,2018-08-24 08:35:00,
EHT-XB5S,2018-09-16 08:04:00,
EHT-XB5S,2018-09-29 08:36:00,
EHT-XB5S,2018-11-18 13:43:00,43.9167
EHT-XB5S,2019-06-02 19:55:00,-24.15
EHT-XB5S,2021-05-20 08:12:00,38.9196
EHT-XB5S,2021-06-06 08:24:00,60.9668
EHT-XB5S,2021-06-20 08:10:00,92.7676
EHT-XB5S,2021-07-05 08:06:00,120.5044
EHT-XB5S,2021-07-20 08:36:00,
EHT-XB5S,2021-11-14 09:41:00,-1.0702
EHT-XC5S,2021-05-20 08:27:00,58.915
EHT-XC5S,2021-06-20 08:23:00,89.395
EHT-XC5S,2021-07-05 08:22:00,113.5758
EHT-XC5S,2021-07-20 08:47:00,117.1318
EHT-XC5S,2021-08-06 08:38:00,
EHT-XC5S,2021-11-14 09:56:00,66.3318
EHT-XC6S,2018-06-01 08:00:00,
EHT-XC6S,2018-06-18 08:42:00,
EHT-XC6S,2021-05-20 08:23:00,
EWF-XA2S,2018-06-01 06:24:00,10.1705
EWF-XA2S,2018-06-18 08:10:00,19.6955
EWF-XA2S,2018-06-30 08:40:00,39.8038
EWF-XA2S,2018-07-16 08:16:00,51.8022
EWF-XA2S,2018-07-25 07:42:00,
EWF-XA2S,2018-08-10 06:48:00,
EWF-XA2S,2018-08-24 08:18:00,
EWF-XA2S,2018-09-16 07:42:00,
EWF-XA2S,2018-09-29 09:02:00,
EWF-XA2S,2018-11-18 14:20:00,31.9688
EWF-XA2S,2019-06-02 11:55:00,
EWF-XA2S,2019-06-18 08:04:00,16.9355
EWF-XA2S,2019-07-06 08:40:00,21.1688
EWF-XA2S,2019-07-26 07:35:00,46.7355
EWF-XA2S,2019-08-05 06:58:00,
EWF-XA2S,2019-09-21 10:41:00,
EWF-XA2S,2019-10-05 07:30:00,44.3022
EWF-XA2S,2019-10-21 02:27:00,34.4355
EWF-XA2S,2021-05-20 07:55:00,34.4755
EWF-XA2S,2021-06-06 08:13:00,10.1931
EWF-XA2S,2021-06-20 07:57:00,58.3515
EWF-XA2S,2021-07-05 07:49:00,
EWF-XA2S,2021-07-20 08:28:00,
EWF-XA2S,2021-08-06 08:19:00,
EWF-XA2S,2021-11-14 09:31:00,14.0634
EWR-1,2018-06-01 06:10:00,4.9677
EWR-1,2018-06-18 07:26:00,10.7885
EWR-1,2018-06-30 08:25:00,18.3027
EWR-1,2018-07-16 08:01:00,19.4085
EWR-1,2018-07-25 07:28:00,20.9085
EWR-1,2018-08-10 06:37:00,24.4085
EWR-1,2018-08-24 08:04:00,23.0752
EWR-1,2018-09-16 07:30:00,22.0085
EWR-1,2018-09-29 08:29:00,19.5752
EWR-1,2018-11-18 14:04:00,15.0085
EWR-1,2019-06-02 08:14:00,-17.5915
EWR-1,2019-06-18 07:40:00,-10.6581
EWR-1,2019-07-06 08:21:00,-1.9248
EWR-1,2019-07-26 07:32:00,17.6752
EWR-1,2019-08-05 06:44:00,20.2419
EWR-1,2019-08-20 08:53:00,21.5752
EWR-1,2019-09-03 08:47:00,21.4752
EWR-1,2019-09-21 09:26:00,18.2419
EWR-1,2019-10-05 07:06:00,16.2085
EWR-1,2019-10-20 14:17:00,13.5752
EWR-1,2021-05-20 07:42:00,17.1696
EWR-1,2021-06-06 08:02:00,22.656
EWR-1,2021-06-20 07:46:00,24.688
EWR-1,2021-07-05 07:35:00,25.196
EWR-1,2021-07-20 08:19:00,26.1104
EWR-1,2021-08-06 08:12:00,26.3136
EWR-1,2021-08-22 09:28:00,25.0944
EWR-1,2021-09-08 08:57:00,26.6184
EWR-1,2021-09-24 09:29:00,24.7896
EWR-1,2021-10-06 08:45:00,22.9608
EWR-1,2021-11-14 09:09:00,2.4376
EWR-XB3N,2018-07-16 09:21:00,37.8
EWR-XB3N,2018-07-25 08:52:00,36.6667
EWR-XB3N,2019-07-06 09:27:00,28.3
EWR-XB3N,2019-07-26 13:07:00,33.1333
EWR-XB3N,2019-09-03 09:29:00,34.2
EWR-XB3N,2019-10-20 14:10:00,21.5667
EWR-XB3N,2021-05-20 08:46:00,23.5568
EWR-XB3N,2021-06-06 08:45:00,31.888
EWR-XB3N,2021-06-20 08:36:00,35.2408
EWR-XB3N,2021-07-05 08:49:00,36.0536
EWR-XB3N,2021-07-20 08:56:00,66.7368
EWR-XB3N,2021-08-06 08:48:00,68.1592
EWR-XB3N,2021-08-22 10:09:00,62.4696
EWR-XB3N,2021-09-08 09:27:00,66.5336
EWR-XB3N,2021-09-24 17:19:00,44.8928
EWR-XB3N,2021-10-06 09:56:00,38.8367
EWR-XB3N,2021-11-14 10:13:00,30.872
EWR-XB4N,2018-07-16 09:24:00,36.0333
EWR-XB4N,2018-07-25 08:55:00,36.5
EWR-XB4N,2019-07-06 09:28:00,26.6333
EWR-XB4N,2019-07-26 13:09:00,36.7667
EWR-XB4N,2019-09-03 09:31:00,36.2
EWR-XB4N,2019-10-20 14:08:00,25.6
EWR-XB4N,2021-05-20 08:48:00,25.8944
EWR-XB4N,2021-06-06 08:46:00,34.4288
EWR-XB4N,2021-06-20 08:37:00,38.188
EWR-XB4N,2021-07-05 08:50:00,39.6104
EWR-XB4N,2021-07-20 08:57:00,44.792
EWR-XB4N,2021-08-06 08:49:00,49.5672
EWR-XB4N,2021-08-22 10:10:00,47.2304
EWR-XB4N,2021-09-08 09:28:00,50.2784
EWR-XB4N,2021-09-24 17:18:00,55.46
EWR-XB4N,2021-10-06 09:57:00,43.6367
EWR-XB4N,2021-11-14 10:14:00,11.1624
EWT-1,2018-06-01 06:50:00,35.5408
EWT-1,2018-06-18 08:19:00,74.6145
EWT-1,2018-06-30 08:50:00,91.1245
EWT-1,2018-07-16 08:29:00,93.8603
EWT-1,2018-07-25 08:00:00,94.027
EWT-1,2018-08-10 06:56:00,94.4937
EWT-1,2018-08-24 08:27:00,
EWT-1,2018-09-16 07:48:00,
EWT-1,2018-09-29 09:05:00,
EWT-1,2018-11-18 14:28:00,48.3937
EWT-1,2019-06-02 10:20:00,-35.4063
EWT-1,2019-06-18 08:30:00,
EWT-1,2019-07-06 08:52:00,76.602
EWT-1,2019-07-26 11:48:00,93.527
EWT-1,2019-08-05 07:03:00,93.3937
EWT-1,2019-08-20 09:04:00,
EWT-1,2019-09-21 09:44:00,73.7937
EWT-1,2019-10-05 07:24:00,59.627
EWT-1,2019-10-20 14:37:00,53.4937
EWT-1,2021-05-20 08:05:00,78.2566
EWT-1,2021-06-06 08:18:00,92.1758
EWT-1,2021-06-20 08:05:00,93.903
EWT-1,2021-07-05 07:59:00,95.427
EWT-1,2021-07-16 08:40:00,134.0104
EWT-1,2021-07-20 08:32:00,133.4168
EWT-1,2021-08-06 08:24:00,142.764
EWT-1,2021-08-22 09:39:00,145.812
EWT-1,2021-09-08 09:08:00,143.3736
EWT-1,2021-09-24 09:40:00,124.476
EWT-1,2021-10-06 09:32:00,116.27
EWT-1,2021-11-14 09:38:00,11.0904
KEF-1,2018-07-01 08:14:00,7.2333
KEF-1,2018-07-17 08:38:00,7.8333
KEF-1,2018-07-27 08:44:00,6.5667
KEF-1,2018-08-10 08:50:00,4.3667
KEF-1,2018-08-25 08:33:00,4.6
KEF-1,2018-09-16 14:08:00,8.9667
KEF-1,2018-10-01 08:51:00,5.5667
KEF-1,2018-10-14 08:55:00,5.3667
KEF-1,2018-11-18 15:26:00,
KEF-1,2019-06-03 12:50:00,0.3333
KEF-1,2019-06-17 07:19:00,7.2
KEF-1,2019-07-05 08:37:00,2.5
KEF-1,2019-07-26 16:48:00,7.7
KEF-1,2019-09-02 12:52:00,9.4667
KEF-1,2019-10-20 12:09:00,6.6333
KEF-1,2021-06-06 07:15:00,2.3368
KEF-1,2021-06-20 06:23:00,3.556
KEF-1,2021-07-04 07:57:00,2.54
KEF-1,2021-07-20 07:49:00,3.7592
KEF-1,2021-08-06 07:38:00,6.9088
KEF-1,2021-08-22 12:27:00,6.5024
KEF-1,2021-09-08 08:19:00,5.8928
KEF-1,2021-09-24 08:59:00,4.9784
KEF-1,2021-10-06 11:14:00,8.4367
KEF-1,2021-11-14 08:28:00,1.016
KER-1,2018-06-19 08:56:00,20.5067
KER-1,2018-07-01 06:30:00,39.345
KER-1,2018-07-17 07:35:00,66.425
KER-1,2018-07-27 08:06:00,72.425
KER-1,2018-08-10 08:01:00,75.125
KER-1,2018-08-25 06:43:00,
KER-1,2018-09-16 14:40:00,
KER-1,2018-10-01 07:47:00,
KER-1,2018-10-14 08:50:00,
KER-1,2018-11-18 21:16:00,
KER-1,2019-06-03 10:02:00,-4.6
KER-1,2019-06-17 08:42:00,2.325
KER-1,2019-07-05 07:34:00,11.3583
KER-1,2019-07-26 06:46:00,13.9583
KER-1,2019-08-04 08:04:00,15.0917
KER-1,2019-08-20 06:26:00,26.025
KER-1,2019-09-02 08:25:00,43.825
KER-1,2019-09-21 08:16:00,27.3917
KER-1,2019-10-05 08:10:00,20.4917
KER-1,2019-10-20 10:29:00,18.4917
KER-1,2021-06-06 06:32:00,27.201
KER-1,2021-06-20 07:07:00,74.445
KER-1,2021-07-04 07:08:00,44.2698
KER-1,2021-07-20 06:57:00,74.8514
KER-1,2021-08-06 06:47:00,
KER-1,2021-11-14 07:35:00,21.613
KER-XD5N,2019-06-03 10:02:00,-0.55
KER-XD5N,2019-06-17 08:42:00,-0.7167
KER-XD5N,2019-07-05 07:24:00,7.85
KER-XD5N,2019-07-26 06:51:00,25.05
KER-XD5N,2019-09-02 13:52:00,42.9833
KER-XD5N,2019-10-20 07:40:00,12.7167
KER-XD5N,2021-06-06 07:42:00,21.1332
KER-XD5N,2021-06-20 07:12:00,41.8596
KER-XD5N,2021-07-04 07:00:00,67.158
KER-XD5N,2021-07-20 06:52:00,85.446
KER-XD5N,2021-08-06 06:40:00,91.542
KER-XD5N,2021-08-22 11:39:00,113.7924
KER-XD5N,2021-09-08 07:33:00,115.0116
KER-XD5N,2021-09-24 08:21:00,114.7068
KER-XD5N,2021-10-06 10:24:00,113.9533
KER-XD5N,2021-11-14 07:27:00,10.77
KER-XE3S,2018-07-17 08:20:00,-5.5
KER-XE3S,2018-07-27 08:25:00,-6.0
KER-XE3S,2018-08-10 08:30:00,-9.0
KER-XE3S,2018-08-25 07:04:00,-7.5
KER-XE3S,2018-09-16 09:03:00,-6.3333
KER-XE3S,2018-10-01 08:07:00,-8.0
KER-XE3S,2018-10-14 08:23:00,-6.6667
KER-XE3S,2018-11-18 16:16:00,-6.3333
KER-XE3S,2019-06-03 11:49:00,-6.6667
KER-XE3S,2019-06-17 08:12:00,-5.2667
KER-XE3S,2019-07-05 07:52:00,-3.1667
KER-XE3S,2019-07-26 06:33:00,-3.3333
KER-XE3S,2019-08-04 08:22:00,-3.8333
KER-XE3S,2019-08-20 06:51:00,-4.3333
KER-XE3S,2019-09-02 12:51:00,-5.6667
KER-XE3S,2019-10-05 08:25:00,-10.1667
KER-XE3S,2019-10-20 10:50:00,-5.4
KER-XE3S,2021-06-06 06:45:00,-5.588
KER-XE3S,2021-06-20 06:57:00,-6.6333
KER-XE3S,2021-07-04 07:20:00,-7.559
KER-XE3S,2021-07-20 07:08:00,-6.3
KER-XE3S,2021-08-06 06:59:00,-8.0
KER-XE3S,2021-08-22 11:59:00,-5.6667
KER-XE3S,2021-09-08 07:57:00,-8.3333
KER-XE3S,2021-09-24 08:38:00,-7.1667
KER-XE3S,2021-10-06 10:45:00,-4.3667
KER-XE3S,2021-11-14 07:48:00,-6.2
KET-1,2019-07-26 06:25:00,-19.125
KET-1,2019-08-04 08:27:00,-14.125
KET-1,2019-08-05 08:26:00,-14.225
KET-1,2019-08-06 08:26:00,-14.125
KET-1,2019-08-20 06:55:00,-10.825
KET-1,2019-09-02 08:41:00,-7.3917
KET-1,2019-10-20 11:29:00,-3.4917
KET-1,2021-06-06 06:50:00,4.0198
KET-1,2021-06-20 06:48:00,3.4102
KET-1,2021-07-04 07:25:00,4.223
KET-1,2021-07-20 07:17:00,16.8214
KET-1,2021-08-06 07:05:00,30.2326
KET-1,2021-08-22 12:07:00,38.1574
KET-1,2021-09-08 08:07:00,34.195
KET-1,2021-09-24 08:46:00,29.0134
KET-1,2021-10-06 10:50:00,31.7117
KET-1,2021-11-14 07:57:00,1.9878
KFF-XD6S,2018-06-01 08:50:00,18.6791
KFF-XD6S,2018-06-19 08:23:00,36.9883
KFF-XD6S,2018-07-01 06:47:00,85.8833
KFF-XD6S,2018-07-17 07:45:00,
KFF-XD6S,2018-07-27 08:12:00,
KFF-XD6S,2018-08-10 07:55:00,
KFF-XD6S,2018-10-01 08:30:00,
KFF-XD6S,2018-11-18 15:51:00,17.7
KFF-XD6S,2019-06-03 12:39:00,5.7
KFF-XD6S,2019-06-17 07:38:00,6.8666
KFF-XD6S,2019-07-05 08:19:00,22.7666
KFF-XD6S,2019-07-26 06:12:00,82.1333
KFF-XD6S,2019-08-04 08:40:00,
KFF-XD6S,2019-08-20 07:06:00,
KFF-XD6S,2021-06-06 07:04:00,33.3533
KFF-XD6S,2021-06-20 06:35:00,84.0517
KFF-XD6S,2021-07-04 07:45:00,
KFF-XD6S,2021-07-20 07:36:00,
KFF-XD6S,2021-11-14 08:14:00,31.7277
KFF-XE8S,2018-06-01 09:13:00,-2.2463
KFF-XE8S,2018-06-19 08:49:00,5.9029
KFF-XE8S,2018-07-01 07:04:00,28.4454
KFF-XE8S,2018-07-17 07:59:00,
KFF-XE8S,2018-07-27 08:16:00,
KFF-XE8S,2018-08-10 07:55:00,
KFF-XE8S,2018-11-18 16:07:00,27.2846
KFF-XE8S,2019-06-17 07:59:00,1.3512
KFF-XE8S,2019-07-05 08:05:00,15.6846
KFF-XE8S,2019-07-26 06:20:00,44.6512
KFF-XE8S,2019-08-04 08:30:00,
KFF-XE8S,2019-09-21 08:37:00,
KFF-XE8S,2021-06-06 06:55:00,44.196
KFF-XE8S,2021-06-20 06:45:00,84.495
KFF-XE8S,2021-07-04 07:30:00,105.831
KFF-XE8S,2021-07-20 07:21:00,105.2214
KFF-XE8S,2021-08-06 07:09:00,
KFF-XE8S,2021-11-14 08:02:00,16.7278
KFR-XE1S,2018-06-01 09:23:00,43.5958
KFR-XE1S,2018-06-19 09:00:00,52.2742
KFR-XE1S,2018-07-01 07:50:00,55.2375
KFR-XE1S,2018-07-17 08:17:00,58.8833
KFR-XE1S,2018-07-27 08:28:00,59.85
KFR-XE1S,2018-08-10 08:34:00,59.7833
KFR-XE1S,2018-08-25 07:08:00,60.85
KFR-XE1S,2018-09-16 08:53:00,60.7833
KFR-XE1S,2018-10-01 08:03:00,64.4167
KFR-XE1S,2018-10-14 08:17:00,58.2167
KFR-XE1S,2018-11-18 16:21:00,56.85
KFR-XE1S,2019-06-17 08:17:00,18.35
KFR-XE1S,2019-07-05 07:46:00,46.1167
KFR-XE1S,2019-07-26 06:35:00,56.0833
KFR-XE1S,2019-08-04 08:16:00,58.85
KFR-XE1S,2019-08-05 08:16:00,58.65
KFR-XE1S,2019-08-06 08:16:00,57.85
KFR-XE1S,2019-08-20 06:34:00,62.5167
KFR-XE1S,2019-09-02 08:34:00,63.05
KFR-XE1S,2019-09-21 08:25:00,60.0833
KFR-XE1S,2019-10-05 08:20:00,57.6833
KFR-XE1S,2019-10-20 10:46:00,57.45
KFR-XE1S,2021-06-06 06:41:00,61.318
KFR-XE1S,2021-06-20 06:58:00,63.4516
KFR-XE1S,2021-07-04 07:17:00,63.35
KFR-XE1S,2021-07-20 07:05:00,66.398
KFR-XE1S,2021-08-06 06:55:00,66.1948
KFR-XE1S,2021-08-22 11:57:00,64.7724
KFR-XE1S,2021-09-08 07:52:00,64.7724
KFR-XE1S,2021-09-24 08:35:00,63.1468
KFR-XE1S,2021-10-06 10:48:00,60.3533
KFR-XE1S,2021-11-14 07:46:00,56.746
KFR-XE2S,2018-06-01 09:15:00,2.3425
KFR-XE2S,2018-06-19 08:59:00,4.7767
KFR-XE2S,2018-07-01 07:45:00,3.5067
KFR-XE2S,2018-07-17 08:15:00,5.2
KFR-XE2S,2018-07-27 08:26:00,6.1
KFR-XE2S,2018-08-10 08:32:00,5.8
KFR-XE2S,2018-08-25 07:06:00,7.7
KFR-XE2S,2018-09-16 08:54:00,8.8333
KFR-XE2S,2018-10-01 08:05:00,8.2
KFR-XE2S,2018-10-14 08:19:00,8.7
KFR-XE2S,2018-11-18 16:20:00,8.2667
KFR-XE2S,2019-06-17 08:13:00,-2.9667
KFR-XE2S,2019-07-05 07:49:00,2.9333
KFR-XE2S,2019-07-26 06:34:00,4.1333
KFR-XE2S,2019-08-04 08:15:00,6.5667
KFR-XE2S,2019-08-20 06:45:00,7.6333
KFR-XE2S,2019-09-02 08:35:00,7.3667
KFR-XE2S,2019-09-21 08:26:00,7.3333
KFR-XE2S,2019-10-05 08:22:00,7.2333
KFR-XE2S,2019-10-20 10:48:00,7.2333
KFR-XE2S,2021-06-06 06:42:00,2.5048
KFR-XE2S,2021-06-20 06:57:00,2.4032
KFR-XE2S,2021-07-04 07:18:00,3.4192
KFR-XE2S,2021-07-20 07:06:00,2.4032
KFR-XE2S,2021-08-06 06:56:00,10.836
KFR-XE2S,2021-08-22 11:58:00,1.0824
KFR-XE2S,2021-09-08 07:54:00,-0.34
KFR-XE2S,2021-09-24 08:36:00,0.2696
KFR-XE2S,2021-10-06 10:41:00,2.57
KFR-XE2S,2021-11-14 07:47:00,-0.6448
KHF-1,2018-07-01 08:18:00,63.7492
KHF-1,2018-07-17 08:41:00,82.65
KHF-1,2018-07-27 08:47:00,
KHF-1,2018-08-10 08:52:00,
KHF-1,2018-08-25 08:30:00,
KHF-1,2018-09-16 14:06:00,76.7833
KHF-1,2018-10-01 08:49:00,68.7833
KHF-1,2018-10-14 08:56:00,54.5167
KHF-1,2018-11-18 15:39:00,29.4833
KHF-1,2019-06-03 12:55:00,0.75
KHF-1,2019-06-17 07:12:00,-17.05
KHF-1,2019-07-05 08:39:00,26.2833
KHF-1,2019-07-26 16:44:00,64.65
KHF-1,2019-10-05 08:46:00,43.55
KHF-1,2019-10-20 12:03:00,36.2833
KHF-1,2021-06-06 07:17:00,47.4692
KHF-1,2021-06-20 06:21:00,135.3312
KHF-1,2021-07-04 07:58:00,59.436
KHF-1,2021-07-05 17:36:00,60.7424
KHF-1,2021-07-20 07:50:00,72.8328
KHF-1,2021-08-06 07:37:00,113.676
KHF-1,2021-08-22 12:29:00,84.212
KHF-1,2021-09-08 08:21:00,88.3776
KHF-1,2021-09-24 09:01:00,59.1168
KHF-1,2021-10-06 11:13:00,57.1367
KHF-1,2021-11-14 08:25:00,4.8624
KHF-XD4S,2018-06-01 08:45:00,33.4242
KHF-XD4S,2018-07-01 08:35:00,
KHF-XD4S,2018-07-27 08:11:00,
KHF-XD4S,2018-08-10 08:59:00,
KHF-XD4S,2018-10-01 08:30:00,
KHF-XD4S,2019-06-03 12:36:00,14.4417
KHF-XD4S,2019-06-17 07:34:00,14.7083
KHF-XD4S,2019-07-05 08:22:00,75.375
KHF-XD4S,2019-07-26 06:12:00,
KHF-XD4S,2019-08-04 08:42:00,
KHF-XD4S,2021-06-06 07:06:00,70.535
KHF-XD4S,2021-06-20 06:32:00,87.299
KHF-XD4S,2021-07-04 07:46:00,
KHF-XD4S,2021-11-14 08:16:00,21.0558
KHF-XE7S,2021-06-06 06:53:00,
KHF-XE7S,2021-06-20 06:47:00,
KHF-XE7S,2021-07-04 07:28:00,
KHF-XE7S,2021-07-20 07:15:00,
KHF-XE7S,2021-08-06 07:06:00,
KHR-1,2019-07-05 07:26:00,16.225
KHR-1,2019-08-04 08:01:00,36.4583
KHR-1,2019-08-20 07:28:00,38.6583
KHR-1,2019-09-02 08:21:00,46.3917
KHR-1,2021-06-06 07:41:00,35.6058
KHR-1,2021-06-20 07:11:00,90.673
KHR-1,2021-07-02 20:04:00,75.0266
KHR-1,2021-07-04 07:03:00,74.5186
KHR-1,2021-07-20 06:53:00,92.705
KHR-1,2021-08-06 06:42:00,93.1114
KHR-1,2021-08-22 11:40:00,93.6194
KHR-1,2021-09-08 07:35:00,92.5018
KHR-1,2021-09-24 08:23:00,93.6194
KHR-1,2021-10-06 10:26:00,
KHR-1,2021-11-14 08:50:00,11.2218
KHR-XD1N,2019-06-03 12:36:00,-11.0
KHR-XD1N,2019-06-17 08:43:00,-9.9
KHR-XD1N,2019-07-05 07:30:00,29.7667
KHR-XD1N,2019-07-26 15:03:00,41.7
KHR-XD1N,2019-09-02 13:20:00,47.0333
KHR-XD1N,2019-09-03 09:25:00,63.5
KHR-XD1N,2019-10-20 11:47:00,46.6
KHR-XD1N,2021-06-06 07:38:00,54.132
KHR-XD1N,2021-06-20 07:11:00,51.3888
KHR-XD1N,2021-07-04 07:05:00,51.8968
KHR-XD1N,2021-07-20 06:55:00,52.9128
KHR-XD1N,2021-08-06 06:44:00,52.9128
KHR-XD1N,2021-08-22 11:43:00,53.116
KHR-XD1N,2021-09-08 07:39:00,53.116
KHR-XD1N,2021-09-24 08:24:00,52.2016
KHR-XD1N,2021-10-06 10:28:00,53.9367
KHR-XD1N,2021-11-14 07:32:00,43.8704
KHR-XD1S,2019-07-05 08:28:00,35.0167
KHR-XD1S,2019-07-26 15:06:00,46.9167
KHR-XD1S,2019-09-02 13:12:00,51.35
KHR-XD1S,2019-10-20 11:44:00,49.45
KHR-XD1S,2021-06-06 07:08:00,51.9212
KHR-XD1S,2021-06-20 06:30:00,52.6324
KHR-XD1S,2021-07-04 07:50:00,53.3436
KHR-XD1S,2021-07-20 07:39:00,54.4612
KHR-XD1S,2021-08-06 07:30:00,54.766
KHR-XD1S,2021-08-22 11:45:00,55.0708
KHR-XD1S,2021-09-08 07:42:00,54.766
KHR-XD1S,2021-09-24 08:26:00,53.5468
KHR-XD1S,2021-10-06 10:29:00,54.7867
KHR-XD1S,2021-11-14 08:18:00,44.7076
KHR-XD2N,2018-06-01 08:40:00,27.6075
KHR-XD2N,2018-06-19 08:08:00,40.7308
KHR-XD2N,2018-07-01 06:37:00,54.8067
KHR-XD2N,2018-07-17 07:41:00,59.4175
KHR-XD2N,2018-07-27 08:09:00,58.0508
KHR-XD2N,2018-08-10 08:10:00,58.9842
KHR-XD2N,2018-08-25 06:48:00,60.2842
KHR-XD2N,2018-09-16 09:15:00,56.9842
KHR-XD2N,2018-10-01 08:27:00,55.1175
KHR-XD2N,2018-10-14 08:54:00,53.3508
KHR-XD2N,2018-11-18 16:42:00,46.6508
KHR-XD2N,2019-06-03 12:36:00,
KHR-XD2N,2019-09-03 09:27:00,-17.3825
KHR-XD2N,2019-09-04 00:00:00,-17.5825
KHR-XD2N,2019-09-05 00:00:00,-17.3825
KHR-XE2N,2018-06-01 09:30:00,54.7442
KHR-XE2N,2018-06-19 08:58:00,60.0358
KHR-XE2N,2018-07-01 08:04:00,62.47
KHR-XE2N,2018-07-17 08:24:00,64.69
KHR-XE2N,2018-07-27 08:32:00,65.0567
KHR-XE2N,2018-08-10 08:38:00,65.0567
KHR-XE2N,2018-08-25 07:13:00,65.89
KHR-XE2N,2018-09-16 08:47:00,65.1567
KHR-XE2N,2018-10-01 07:51:00,65.29
KHR-XE2N,2018-10-14 08:10:00,63.59
KHR-XE2N,2018-11-18 16:25:00,58.0567
KHT-XD3S,2018-06-01 08:41:00,38.9833
KHT-XD3S,2018-10-01 08:30:00,
KHT-XD3S,2018-11-18 16:45:00,
KHT-XD3S,2019-06-03 12:36:00,
KHT-XD3S,2019-06-17 07:31:00,19.52
KHT-XD3S,2019-07-05 08:27:00,64.0867
KHT-XD3S,2019-07-26 06:12:00,
KHT-XD3S,2019-08-05 08:42:00,
KHT-XD3S,2021-06-06 07:07:00,63.0936
KHT-XD3S,2021-06-20 06:31:00,
KHT-XD3S,2021-07-04 07:47:00,
KHT-XD3S,2021-11-14 08:17:00,24.9936
KHT-XD6N,2018-06-01 08:32:00,27.03
KHT-XD6N,2018-06-19 08:04:00,69.3633
KHT-XD6N,2018-07-01 06:22:00,96.3508
KHT-XD6N,2018-07-17 07:29:00,
KHT-XD6N,2018-07-27 08:02:00,
KHT-XD6N,2018-08-10 07:55:00,
KHT-XD6N,2018-08-25 06:38:00,
KHT-XD6N,2018-09-16 14:30:00,
KHT-XD6N,2018-10-01 08:30:00,
KHT-XD6N,2018-10-01 09:05:00,
KHT-XD6N,2018-11-18 21:15:00,
KHT-XD6N,2019-06-03 09:57:00,-1.9783
KHT-XD6N,2019-06-17 08:51:00,7.955
KHT-XD6N,2019-07-05 07:21:00,56.455
KHT-XD6N,2019-07-26 06:54:00,95.6217
KHT-XD6N,2019-08-04 07:58:00,
KHT-XD6N,2019-09-21 08:12:00,
KHT-XD6N,2021-06-06 06:28:00,85.1001
KHT-XD6N,2021-06-20 07:14:00,76.816
KHT-XD6N,2021-07-04 06:59:00,141.2304
KHT-XD6N,2021-07-20 06:48:00,179.94
KHT-XD6N,2021-08-06 07:54:00,192.5384
KHT-XD6N,2021-08-22 11:37:00,192.8432
KHT-XD6N,2021-09-08 07:29:00,193.7576
KHT-XD6N,2021-09-24 08:16:00,194.672
KHT-XD6N,2021-10-06 10:19:00,192.0367
KHT-XD6N,2021-11-14 07:25:00,19.3104
KHT-XE4S,2018-07-01 07:40:00,47.1525
KHT-XE4S,2018-07-17 08:11:00,61.9042
KHT-XE4S,2018-07-27 08:23:00,63.7042
KHT-XE4S,2018-08-10 08:28:00,63.3125
KHT-XE4S,2018-08-25 07:01:00,68.3375
KHT-XE4S,2018-09-16 09:03:00,65.6375
KHT-XE4S,2018-10-01 08:09:00,64.9375
KHT-XE4S,2018-10-14 08:22:00,41.9375
KHT-XE4S,2018-11-18 16:15:00,26.3042
KHT-XE4S,2019-06-03 11:49:00,-2.3625
KHT-XE4S,2019-06-17 08:09:00,-1.6625
KHT-XE4S,2019-07-05 07:53:00,3.0375
KHT-XE4S,2019-07-26 06:36:00,43.7708
KHT-XE4S,2019-08-04 08:19:00,54.8375
KHT-XE4S,2019-08-20 06:48:00,63.7042
KHT-XE4S,2019-09-02 08:37:00,62.8375
KHT-XE4S,2019-09-21 08:29:00,42.5708
KHT-XE4S,2019-10-05 08:28:00,35.2042
KHT-XE4S,2019-10-20 10:53:00,31.6375
KHT-XE4S,2021-06-06 06:44:00,30.1063
KHT-XE4S,2021-06-20 06:53:00,55.2015
KHT-XE4S,2021-07-04 07:19:00,65.8695
KHT-XE4S,2021-07-20 07:09:00,65.8695
KHT-XE4S,2021-08-06 07:00:00,66.7839
KHT-XE4S,2021-08-22 12:00:00,
KHT-XE4S,2021-09-08 07:58:00,67.3935
KHT-XE4S,2021-09-24 08:40:00,
KHT-XE4S,2021-10-06 10:44:00,57.4742
KHT-XE4S,2021-11-14 07:50:00,4.5031
KHT-XE5S,2018-06-01 09:15:00,7.7433
KHT-XE5S,2018-06-19 08:55:00,30.18
KHT-XE5S,2018-07-01 07:30:00,73.2542
KHT-XE5S,2018-07-17 08:07:00,91.0758
KHT-XE5S,2018-07-27 08:21:00,90.9758
KHT-XE5S,2018-08-10 08:20:00,90.5092
KHT-XE5S,2018-08-25 06:58:00,92.6092
KHT-XE5S,2018-09-16 09:02:00,87.6758
KHT-XE5S,2018-10-01 08:11:00,86.2425
KHT-XE5S,2018-10-14 08:27:00,82.0758
KHT-XE5S,2018-11-18 16:12:00,47.2758
KHT-XE5S,2019-06-03 11:43:00,1.5758
KHT-XE5S,2019-06-17 08:06:00,2.6092
KHT-XE5S,2019-07-05 07:56:00,16.6758
KHT-XE5S,2019-07-26 15:52:00,67.7092
KHT-XE5S,2019-09-02 12:48:00,90.9092
KHT-XE5S,2019-09-21 09:48:00,
KHT-XE5S,2019-10-20 11:00:00,70.1425
KHT-XE5S,2021-06-06 06:47:00,55.1073
KHT-XE5S,2021-06-20 06:52:00,87.6193
KHT-XE5S,2021-07-04 07:23:00,91.8865
KHT-XE5S,2021-07-05 18:05:00,90.8705
KHT-XE5S,2021-07-20 07:11:00,62.9571
KHT-XE5S,2021-08-06 07:03:00,89.1699
KHT-XE5S,2021-08-22 12:03:00,88.8651
KHT-XE5S,2021-09-08 08:00:00,85.1059
KHT-XE5S,2021-09-24 08:41:00,59.7059
KHT-XE5S,2021-10-06 10:47:00,59.8242
KHT-XE5S,2021-11-14 07:51:00,
KHT-XE6S,2018-06-01 09:14:00,4.5567
KHT-XE6S,2018-06-19 08:58:00,23.9242
KHT-XE6S,2018-07-01 07:10:00,73.8775
KHT-XE6S,2018-07-17 08:03:00,
KHT-XE6S,2018-07-27 08:18:00,
KHT-XE6S,2018-08-10 07:55:00,
KHT-XE6S,2018-09-16 09:05:00,
KHT-XE6S,2018-10-01 08:15:00,
KHT-XE6S,2018-10-14 08:29:00,
KHT-XE6S,2019-06-03 11:39:00,-1.8566
KHT-XE6S,2019-06-17 08:03:00,-0.2233
KHT-XE6S,2019-07-05 07:59:00,4.5434
KHT-XE6S,2019-07-26 06:47:00,65.9434
KHT-XE6S,2019-08-04 08:24:00,87.4767
KHT-XE6S,2019-08-20 06:53:00,
KHT-XE6S,2019-09-02 08:40:00,
KHT-XE6S,2019-09-21 08:32:00,
KHT-XE6S,2019-10-05 08:30:00,
KHT-XE6S,2021-06-06 06:52:00,39.7583
KHT-XE6S,2021-06-20 06:50:00,80.0935
KHT-XE6S,2021-07-04 07:25:00,138.8183
KHT-XE6S,2021-07-20 07:13:00,61.1119
KHT-XE6S,2021-08-06 07:04:00,83.7687
KHT-XE6S,2021-08-22 12:05:00,86.5119
KHT-XE6S,2021-09-08 08:04:00,88.3407
KHT-XE6S,2021-09-24 08:45:00,63.3471
KHT-XE6S,2021-10-06 10:49:00,58.7742
KHT-XE6S,2021-11-14 07:56:00,-4.5217
KWF-1,2018-07-01 08:25:00,54.6792
KWF-1,2018-07-17 08:46:00,74.1333
KWF-1,2018-07-27 08:51:00,75.3
KWF-1,2018-08-10 08:56:00,80.0
KWF-1,2018-08-25 08:25:00,82.7667
KWF-1,2018-09-16 14:00:00,78.7333
KWF-1,2018-10-01 08:48:00,67.0
KWF-1,2018-10-14 08:58:00,34.4667
KWF-1,2018-11-18 15:30:00,28.3667
KWF-1,2019-06-03 13:16:00,-3.0667
KWF-1,2019-06-17 07:02:00,-0.8333
KWF-1,2019-07-05 08:42:00,16.2
KWF-1,2019-07-26 05:59:00,35.8
KWF-1,2019-08-04 08:00:00,56.0
KWF-1,2019-08-20 07:15:00,70.4333
KWF-1,2019-09-02 08:56:00,73.6
KWF-1,2019-09-21 08:53:00,45.0333
KWF-1,2019-10-05 08:49:00,28.2
KWF-1,2019-10-20 12:14:00,21.8
KWF-1,2021-06-06 07:19:00,10.9672
KWF-1,2021-06-20 06:18:00,15.844
KWF-1,2021-07-04 08:02:00,31.1856
KWF-1,2021-07-20 07:53:00,75.28
KWF-1,2021-08-06 07:40:00,76.296
KWF-1,2021-08-22 12:31:00,77.7184
KWF-1,2021-09-08 08:24:00,76.1944
KWF-1,2021-09-24 09:03:00,18.892
KWF-1,2021-10-06 11:11:00,25.4367
KWF-1,2021-11-14 08:33:00,1.2136
KWR-1,2018-07-01 08:30:00,23.8242
KWR-1,2018-07-17 08:51:00,30.4167
KWR-1,2018-07-27 08:57:00,32.35
KWR-1,2018-08-10 08:59:00,32.1833
KWR-1,2018-08-25 08:20:00,33.9167
KWR-1,2018-09-16 13:55:00,35.75
KWR-1,2018-10-01 08:39:00,32.1167
KWR-1,2018-11-18 15:26:00,36.2833
KWR-1,2019-06-03 13:35:00,-8.7167
KWR-1,2019-06-17 06:55:00,-8.05
KWR-1,2019-07-05 08:48:00,5.1167
KWR-1,2019-07-26 05:55:00,22.1833
KWR-1,2019-08-04 08:51:00,24.2167
KWR-1,2019-08-20 07:18:00,28.5833
KWR-1,2019-09-02 09:00:00,30.25
KWR-1,2019-09-21 08:58:00,29.5167
KWR-1,2019-10-05 08:55:00,28.95
KWR-1,2019-10-20 12:18:00,30.15
KWR-1,2021-06-06 07:21:00,
KWR-1,2021-06-20 12:56:00,34.257
KWR-1,2021-07-04 08:05:00,34.257
KWR-1,2021-07-20 07:56:00,34.257
KWR-1,2021-08-06 07:43:00,35.1714
KWR-1,2021-08-22 12:36:00,34.0538
KWR-1,2021-09-08 08:28:00,34.8666
KWR-1,2021-09-24 09:07:00,34.8666
KWR-1,2021-10-06 11:07:00,36.4617
KWR-1,2021-11-14 08:38:00,16.5786
KWR-XE1N,2018-07-01 08:00:00,41.15
KWR-XE1N,2018-07-17 08:21:00,43.95
KWR-XE1N,2018-07-27 08:30:00,45.4167
KWR-XE1N,2018-08-10 08:37:00,46.0833
KWR-XE1N,2018-08-25 07:15:00,47.85
KWR-XE1N,2018-09-16 08:45:00,48.75
KWR-XE1N,2018-10-01 07:55:00,49.55
KWR-XE1N,2018-10-14 08:14:00,49.2833
KWR-XE1N,2018-11-18 16:23:00,47.7833
KWR-XE1N,2019-06-17 08:25:00,-6.85
KWR-XE1N,2019-07-05 07:43:00,22.1167
KWR-XE1N,2019-07-26 06:36:00,38.0167
KWR-XE1N,2019-08-04 08:12:00,41.5833
KWR-XE1N,2019-08-20 06:31:00,44.8167
KWR-XE1N,2019-09-02 08:31:00,46.05
KWR-XE1N,2019-09-21 08:21:00,45.4833
KWR-XE1N,2019-10-05 08:18:00,45.7167
KWR-XE1N,2019-10-20 10:44:00,46.6167
KWR-XE1N,2021-06-06 06:39:00,46.9892
KWR-XE1N,2021-06-20 07:00:00,50.342
KWR-XE1N,2021-07-04 07:14:00,50.7484
KWR-XE1N,2021-07-20 07:04:00,58.8764
KWR-XE1N,2021-08-06 06:53:00,51.6628
KWR-XE1N,2021-08-22 11:51:00,52.0692
KWR-XE1N,2021-09-08 07:49:00,51.4596
KWR-XE1N,2021-09-24 08:33:00,50.4436
KWR-XE1N,2021-10-06 10:37:00,51.2867
KWR-XE1N,2021-11-14 07:44:00,37.9468
KWT-1,2018-06-19 08:34:00,60.43
KWT-1,2018-07-01 06:52:00,82.1258
KWT-1,2018-07-17 07:55:00,
KWT-1,2018-07-27 08:14:00,
KWT-1,2018-08-10 07:55:00,
KWT-1,2018-09-16 14:32:00,
KWT-1,2018-10-01 08:18:00,
KWT-1,2018-10-14 08:54:00,
KWT-1,2019-06-03 12:10:00,0.0667
KWT-1,2019-06-17 07:52:00,1.7
KWT-1,2019-07-05 08:09:00,5.1333
KWT-1,2019-07-26 15:15:00,44.3333
KWT-1,2019-08-20 17:45:00,69.3333
KWT-1,2019-09-02 12:35:00,77.3667
KWT-1,2019-10-20 11:22:00,9.1333
KWT-1,2021-06-06 06:58:00,50.7752
KWT-1,2021-06-20 06:41:00,28.22
KWT-1,2021-07-04 07:35:00,125.9128
KWT-1,2021-07-05 18:00:00,131.9072
KWT-1,2021-07-20 07:25:00,134.0408
KWT-1,2021-08-06 07:11:00,166.3496
KWT-1,2021-08-22 12:11:00,
KWT-1,2021-10-06 10:53:00,
KWT-1,2021-11-14 08:07:00,19.5312
LET-1,2019-07-07 09:00:00,32.8292
LET-1,2019-07-26 08:50:00,54.8292
LET-1,2019-08-05 08:24:00,67.0625
LET-1,2019-08-20 08:14:00,81.1625
LET-1,2019-09-03 07:53:00,89.7958
LET-1,2019-09-21 07:29:00,64.6625
LET-1,2019-10-05 09:39:00,52.1958
LET-1,2019-10-19 10:13:00,43.9958
LET-1,2021-05-20 06:54:00,32.9281
LET-1,2021-06-06 09:20:00,45.2217
LET-1,2021-06-20 09:06:00,61.4777
LET-1,2021-07-04 09:05:00,78.0385
LET-1,2021-07-20 09:27:00,108.5185
LET-1,2021-08-06 09:22:00,108.5185
LET-1,2021-08-22 13:32:00,110.0425
LET-1,2021-09-08 10:10:00,110.0425
LET-1,2021-09-24 10:28:00,110.3473
LET-1,2021-10-06 08:03:00,110.3473
LET-1,2021-11-14 08:45:00,17.8913
LHT-1,2019-07-07 08:59:00,38.7333
LHT-1,2019-07-26 06:50:00,37.8333
LHT-1,2019-07-26 08:58:00,59.5
LHT-1,2019-08-05 08:23:00,72.0333
LHT-1,2019-08-20 08:11:00,84.7
LHT-1,2019-09-03 07:51:00,89.1
LHT-1,2019-09-21 07:25:00,104.6
LHT-1,2019-10-05 08:05:00,22.7
LHT-1,2019-10-05 09:38:00,61.5333
LHT-1,2019-10-19 10:16:00,93.0333
LHT-1,2019-10-20 07:42:00,20.5667
LHT-1,2021-05-20 06:53:00,38.0296
LHT-1,2021-06-06 09:19:00,51.7456
LHT-1,2021-06-20 09:05:00,68.3064
LHT-1,2021-07-04 09:03:00,84.664
LHT-1,2021-07-20 09:25:00,93.4016
LHT-1,2021-08-06 09:20:00,92.5888
LHT-1,2021-08-22 13:31:00,98.0752
LHT-1,2021-09-08 10:08:00,94.1128
LHT-1,2021-09-24 10:27:00,94.4176
LHT-1,2021-10-06 08:00:00,98.6848
LHT-1,2021-11-14 08:40:00,16.592
LWT-1,2019-07-07 09:02:00,28.3958
LWT-1,2019-07-26 08:52:00,51.6625
LWT-1,2019-08-05 08:27:00,62.5958
LWT-1,2019-08-20 08:15:00,73.0292
LWT-1,2019-09-03 07:55:00,78.3958
LWT-1,2019-09-21 16:53:00,55.5292
LWT-1,2019-10-05 09:41:00,48.9958
LWT-1,2019-10-19 10:10:00,46.4292
LWT-1,2021-05-20 06:57:00,37.6113
LWT-1,2021-06-06 09:23:00,47.4665
LWT-1,2021-06-20 09:07:00,60.1665
LWT-1,2021-07-04 09:11:00,64.2305
LWT-1,2021-07-20 09:28:00,71.1393
LWT-1,2021-08-06 09:25:00,76.3209
LWT-1,2021-08-22 13:34:00,79.9785
LWT-1,2021-09-08 10:12:00,81.5025
LWT-1,2021-09-24 10:30:00,77.8449
LWT-1,2021-10-06 08:05:00,47.3649
LWT-1,2021-11-14 08:46:00,28.1625
