"","timestamp","well_id","water_binary","ground_to_water","week_fac","bi_week_fac"
"1",2018-05-31,"EER-1",1,-17.8634366666667,"22","11"
"2",2018-05-31,"EFF-XA2N",1,-8.95325,"22","11"
"3",2018-05-31,"EHR-1",1,-29.9101236257143,"22","11"
"4",2018-06-01,"EEF-1",1,-5.24741666666666,"22","11"
"5",2018-06-01,"EET-1",1,-9.36822916666666,"22","11"
"6",2018-06-01,"EFR-XB1S",1,-34.9060833333333,"22","11"
"7",2018-06-01,"EHF-XA3S",1,-3.84285256333334,"22","11"
"8",2018-06-01,"EHT-XA5S",1,0.694628787333338,"22","11"
"9",2018-06-01,"EHT-XB5S",1,-17.3401666666667,"22","11"
"10",2018-06-01,"EHT-XC6S",0,-118.11,"22","11"
"11",2018-06-01,"EWF-XA2S",1,-10.62925,"22","11"
"12",2018-06-01,"EWR-1",1,-5.42644999999999,"22","11"
"13",2018-06-01,"EWT-1",1,-35.9995833333333,"22","11"
"14",2018-06-01,"KFF-XD6S",1,-19.1379166666667,"22","11"
"15",2018-06-01,"KFF-XE8S",1,1.7875,"22","11"
"16",2018-06-01,"KFR-XE1S",1,-44.0545833333333,"22","11"
"17",2018-06-01,"KFR-XE2S",1,-3.40375,"22","11"
"18",2018-06-01,"KHF-XD4S",1,-33.8829166666667,"22","11"
"19",2018-06-01,"KHR-XD2N",1,-28.06625,"22","11"
"20",2018-06-01,"KHR-XE2N",1,-55.2029166666667,"22","11"
"21",2018-06-01,"KHT-XD3S",1,-39.4420833333333,"22","11"
"22",2018-06-01,"KHT-XD6N",1,-27.48875,"22","11"
"23",2018-06-01,"KHT-XE5S",1,-8.20208333333333,"22","11"
"24",2018-06-01,"KHT-XE6S",1,-5.01541666666667,"22","11"
"25",2018-06-02,NA,NA,NA,"22","11"
"26",2018-06-03,NA,NA,NA,"22","11"
"27",2018-06-04,NA,NA,NA,"23","11"
"28",2018-06-05,NA,NA,NA,"23","11"
"29",2018-06-06,NA,NA,NA,"23","11"
"30",2018-06-07,NA,NA,NA,"23","11"
"31",2018-06-08,NA,NA,NA,"23","11"
"32",2018-06-09,NA,NA,NA,"23","11"
"33",2018-06-10,NA,NA,NA,"23","11"
"34",2018-06-11,NA,NA,NA,"24","12"
"35",2018-06-12,NA,NA,NA,"24","12"
"36",2018-06-13,NA,NA,NA,"24","12"
"37",2018-06-14,NA,NA,NA,"24","12"
"38",2018-06-15,NA,NA,NA,"24","12"
"39",2018-06-16,NA,NA,NA,"24","12"
"40",2018-06-17,NA,NA,NA,"24","12"
"41",2018-06-18,"EEF-1",1,-1.64908333333333,"25","12"
"42",2018-06-18,"EER-1",1,-29.9284366666667,"25","12"
"43",2018-06-18,"EET-1",1,-48.7382291666667,"25","12"
"44",2018-06-18,"EFF-XA2N",1,-16.25575,"25","12"
"45",2018-06-18,"EFR-XB1S",1,-40.6210833333333,"25","12"
"46",2018-06-18,"EHF-XA3S",1,-5.32451923,"25","12"
"47",2018-06-18,"EHR-1",1,-44.7267902923809,"25","12"
"48",2018-06-18,"EHT-XA5S",1,-36.1353712126667,"25","12"
"49",2018-06-18,"EHT-XB5S",1,-62.531,"25","12"
"50",2018-06-18,"EHT-XC6S",0,-118.11,"25","12"
"51",2018-06-18,"EWF-XA2S",1,-20.15425,"25","12"
"52",2018-06-18,"EWR-1",1,-11.2472833333333,"25","12"
"53",2018-06-18,"EWT-1",1,-75.07325,"25","12"
"54",2018-06-19,"KER-1",1,-19.6404166666667,"25","12"
"55",2018-06-19,"KFF-XD6S",1,-37.4470833333333,"25","12"
"56",2018-06-19,"KFF-XE8S",1,-6.36166666666666,"25","12"
"57",2018-06-19,"KFR-XE1S",1,-52.7329166666667,"25","12"
"58",2018-06-19,"KFR-XE2S",1,-5.83791666666667,"25","12"
"59",2018-06-19,"KHR-XD2N",1,-41.1895833333333,"25","12"
"60",2018-06-19,"KHR-XE2N",1,-60.4945833333333,"25","12"
"61",2018-06-19,"KHT-XD6N",1,-69.8220833333333,"25","12"
"62",2018-06-19,"KHT-XE5S",1,-30.63875,"25","12"
"63",2018-06-19,"KHT-XE6S",1,-24.3829166666667,"25","12"
"64",2018-06-19,"KWT-1",1,-60.88875,"25","12"
"65",2018-06-20,NA,NA,NA,"25","12"
"66",2018-06-21,NA,NA,NA,"25","12"
"67",2018-06-22,NA,NA,NA,"25","12"
"68",2018-06-23,NA,NA,NA,"25","12"
"69",2018-06-24,NA,NA,NA,"25","12"
"70",2018-06-25,NA,NA,NA,"26","13"
"71",2018-06-26,NA,NA,NA,"26","13"
"72",2018-06-27,NA,NA,NA,"26","13"
"73",2018-06-28,NA,NA,NA,"26","13"
"74",2018-06-29,NA,NA,NA,"26","13"
"75",2018-06-30,"EEF-1",1,-5.03575,"26","13"
"76",2018-06-30,"EER-1",1,-38.92427,"26","13"
"77",2018-06-30,"EET-1",1,-86.4148958333333,"26","13"
"78",2018-06-30,"EFF-XA2N",1,-24.82825,"26","13"
"79",2018-06-30,"EFR-XB1S",1,-43.9019166666667,"26","13"
"80",2018-06-30,"EHF-XA3S",1,-21.4111858966667,"26","13"
"81",2018-06-30,"EHR-1",1,-59.5434569590476,"26","13"
"82",2018-06-30,"EHT-XA5S",1,-67.673704546,"26","13"
"83",2018-06-30,"EHT-XB5S",1,-88.0368333333333,"26","13"
"84",2018-06-30,"EWF-XA2S",1,-40.2625833333333,"26","13"
"85",2018-06-30,"EWR-1",1,-18.76145,"26","13"
"86",2018-06-30,"EWT-1",1,-91.58325,"26","13"
"87",2018-07-01,"KEF-1",1,-7.69208333333333,"26","13"
"88",2018-07-01,"KER-1",1,-38.47875,"26","13"
"89",2018-07-01,"KFF-XD6S",1,-86.3420833333333,"26","13"
"90",2018-07-01,"KFF-XE8S",1,-28.9041666666667,"26","13"
"91",2018-07-01,"KFR-XE1S",1,-55.69625,"26","13"
"92",2018-07-01,"KFR-XE2S",1,-4.56791666666667,"26","13"
"93",2018-07-01,"KHF-1",1,-64.2079166666667,"26","13"
"94",2018-07-01,"KHF-XD4S",0,-81.965,"26","13"
"95",2018-07-01,"KHR-XD2N",1,-55.2654166666667,"26","13"
"96",2018-07-01,"KHR-XE2N",1,-62.92875,"26","13"
"97",2018-07-01,"KHT-XD6N",1,-96.8095833333334,"26","13"
"98",2018-07-01,"KHT-XE4S",1,-46.79375,"26","13"
"99",2018-07-01,"KHT-XE5S",1,-73.7129166666667,"26","13"
"100",2018-07-01,"KHT-XE6S",1,-74.33625,"26","13"
"101",2018-07-01,"KWF-1",1,-55.1379166666667,"26","13"
"102",2018-07-01,"KWR-1",1,-24.2829166666667,"26","13"
"103",2018-07-01,"KWR-XE1N",1,-40.35875,"26","13"
"104",2018-07-01,"KWT-1",1,-82.5845833333333,"26","13"
"105",2018-07-02,NA,NA,NA,"27","13"
"106",2018-07-03,NA,NA,NA,"27","13"
"107",2018-07-04,NA,NA,NA,"27","13"
"108",2018-07-05,NA,NA,NA,"27","13"
"109",2018-07-06,NA,NA,NA,"27","13"
"110",2018-07-07,NA,NA,NA,"27","13"
"111",2018-07-08,NA,NA,NA,"27","13"
"112",2018-07-09,NA,NA,NA,"28","14"
"113",2018-07-10,NA,NA,NA,"28","14"
"114",2018-07-11,NA,NA,NA,"28","14"
"115",2018-07-12,NA,NA,NA,"28","14"
"116",2018-07-13,NA,NA,NA,"28","14"
"117",2018-07-14,NA,NA,NA,"28","14"
"118",2018-07-15,NA,NA,NA,"28","14"
"119",2018-07-16,"EEF-1",1,-17.712,"29","14"
"120",2018-07-16,"EER-1",1,-43.9896866666667,"29","14"
"121",2018-07-16,"EET-1",1,-90.1386458333333,"29","14"
"122",2018-07-16,"EFF-XA2N",1,-31.2303333333333,"29","14"
"123",2018-07-16,"EFR-XB1S",1,-47.1323333333333,"29","14"
"124",2018-07-16,"EFR-XB2N",1,-27.345,"29","14"
"125",2018-07-16,"EFR-XB2S",0,-19.39,"29","14"
"126",2018-07-16,"EFR-XB3N",1,-39.395,"29","14"
"127",2018-07-16,"EFR-XB3S",0,-65.025,"29","14"
"128",2018-07-16,"EHF-XA3S",1,-53.3724358966667,"29","14"
"129",2018-07-16,"EHR-1",1,-67.8997069590476,"29","14"
"130",2018-07-16,"EHR-XB1N",1,-67.445,"29","14"
"131",2018-07-16,"EHT-XA5S",1,-106.690787879333,"29","14"
"132",2018-07-16,"EHT-XB4S",1,-40.795,"29","14"
"133",2018-07-16,"EHT-XB5S",1,-109.02975,"29","14"
"134",2018-07-16,"EWF-XA2S",1,-53.3971666666667,"29","14"
"135",2018-07-16,"EWR-1",1,-21.0035333333333,"29","14"
"136",2018-07-16,"EWR-XB4N",1,-37.6283333333333,"29","14"
"137",2018-07-16,"EWT-1",1,-95.4553333333333,"29","14"
"138",2018-07-17,"KEF-1",1,-9.42833333333333,"29","14"
"139",2018-07-17,"KER-1",1,-66.695,"29","14"
"140",2018-07-17,"KER-XE3S",1,NA,"29","14"
"141",2018-07-17,"KFF-XD6S",0,-97.4333333333333,"29","14"
"142",2018-07-17,"KFF-XE8S",0,-50.3845833333333,"29","14"
"143",2018-07-17,"KFR-XE1S",1,-60.4783333333333,"29","14"
"144",2018-07-17,"KFR-XE2S",1,-7.3975,"29","14"
"145",2018-07-17,"KHF-1",1,-84.245,"29","14"
"146",2018-07-17,"KHR-XD2N",1,-61.0125,"29","14"
"147",2018-07-17,"KHR-XE2N",1,-66.285,"29","14"
"148",2018-07-17,"KHT-XD6N",0,-95.3550000166667,"29","14"
"149",2018-07-17,"KHT-XE4S",1,-62.6816666666667,"29","14"
"150",2018-07-17,"KHT-XE5S",1,-92.6708333333333,"29","14"
"151",2018-07-17,"KHT-XE6S",0,-102.376666666667,"29","14"
"152",2018-07-17,"KWF-1",1,-75.7283333333333,"29","14"
"153",2018-07-17,"KWR-1",1,-32.0116666666667,"29","14"
"154",2018-07-17,"KWR-XE1N",1,-44.295,"29","14"
"155",2018-07-17,"KWT-1",0,-81.1,"29","14"
"156",2018-07-18,NA,NA,NA,"29","14"
"157",2018-07-19,NA,NA,NA,"29","14"
"158",2018-07-20,NA,NA,NA,"29","14"
"159",2018-07-21,NA,NA,NA,"29","14"
"160",2018-07-22,NA,NA,NA,"29","14"
"161",2018-07-23,NA,NA,NA,"30","15"
"162",2018-07-24,NA,NA,NA,"30","15"
"163",2018-07-25,"EEF-1",1,-25.1453333333333,"30","15"
"164",2018-07-25,"EER-1",1,-43.12302,"30","15"
"165",2018-07-25,"EET-1",0,-88.6803125,"30","15"
"166",2018-07-25,"EFF-XA2N",1,-31.497,"30","15"
"167",2018-07-25,"EFR-XB1S",1,-45.6323333333333,"30","15"
"168",2018-07-25,"EFR-XB2N",1,-26.745,"30","15"
"169",2018-07-25,"EFR-XB3N",1,-38.2616666666667,"30","15"
"170",2018-07-25,"EHF-XA3S",1,-79.1724358966667,"30","15"
"171",2018-07-25,"EHR-1",1,-67.5663736257143,"30","15"
"172",2018-07-25,"EHR-XB1N",1,-65.8783333333333,"30","15"
"173",2018-07-25,"EHT-XA5S",0,-106.940232312667,"30","15"
"174",2018-07-25,"EHT-XB5S",1,-123.92975,"30","15"
"175",2018-07-25,"EWF-XA2S",0,-52.7855,"30","15"
"176",2018-07-25,"EWR-1",1,-22.5035333333333,"30","15"
"177",2018-07-25,"EWR-XB4N",1,-38.095,"30","15"
"178",2018-07-25,"EWT-1",1,-95.622,"30","15"
"179",2018-07-26,NA,NA,NA,"30","15"
"180",2018-07-27,"KEF-1",1,-8.16166666666667,"30","15"
"181",2018-07-27,"KER-1",1,-72.695,"30","15"
"182",2018-07-27,"KER-XE3S",1,NA,"30","15"
"183",2018-07-27,"KFF-XD6S",0,-97.4333333333333,"30","15"
"184",2018-07-27,"KFF-XE8S",0,-50.3845833333333,"30","15"
"185",2018-07-27,"KFR-XE1S",1,-61.445,"30","15"
"186",2018-07-27,"KFR-XE2S",1,-8.29750000000001,"30","15"
"187",2018-07-27,"KHF-1",0,-81.08333335,"30","15"
"188",2018-07-27,"KHF-XD4S",0,-81.965,"30","15"
"189",2018-07-27,"KHR-XD2N",1,-59.6458333333333,"30","15"
"190",2018-07-27,"KHR-XE2N",1,-66.6516666666667,"30","15"
"191",2018-07-27,"KHT-XD6N",0,-95.3550000166667,"30","15"
"192",2018-07-27,"KHT-XE4S",1,-64.4816666666667,"30","15"
"193",2018-07-27,"KHT-XE5S",1,-92.5708333333333,"30","15"
"194",2018-07-27,"KHT-XE6S",0,-102.376666666667,"30","15"
"195",2018-07-27,"KWF-1",1,-76.895,"30","15"
"196",2018-07-27,"KWR-1",1,-33.945,"30","15"
"197",2018-07-27,"KWR-XE1N",1,-45.7616666666667,"30","15"
"198",2018-07-27,"KWT-1",0,-81.1,"30","15"
"199",2018-07-28,NA,NA,NA,"30","15"
"200",2018-07-29,NA,NA,NA,"30","15"
"201",2018-07-30,NA,NA,NA,"31","15"
"202",2018-07-31,NA,NA,NA,"31","15"
"203",2018-08-01,NA,NA,NA,"31","15"
"204",2018-08-02,NA,NA,NA,"31","15"
"205",2018-08-03,NA,NA,NA,"31","15"
"206",2018-08-04,NA,NA,NA,"31","15"
"207",2018-08-05,NA,NA,NA,"31","15"
"208",2018-08-06,NA,NA,NA,"32","16"
"209",2018-08-07,NA,NA,NA,"32","16"
"210",2018-08-08,NA,NA,NA,"32","16"
"211",2018-08-09,NA,NA,NA,"32","16"
"212",2018-08-10,"EEF-1",1,-7.68366666666667,"32","16"
"213",2018-08-10,"EER-1",1,-43.2946866666667,"32","16"
"214",2018-08-10,"EET-1",1,-89.5436458333333,"32","16"
"215",2018-08-10,"EFF-XA2N",1,-36.3686666666667,"32","16"
"216",2018-08-10,"EFR-XB1S",1,-46.2373333333333,"32","16"
"217",2018-08-10,"EHF-XA3S",0,-67.1441025633333,"32","16"
"218",2018-08-10,"EHR-1",1,-70.0047069590476,"32","16"
"219",2018-08-10,"EHT-XA5S",0,-106.940232312667,"32","16"
"220",2018-08-10,"EHT-XB5S",0,-128.32475,"32","16"
"221",2018-08-10,"EWF-XA2S",0,-52.7855,"32","16"
"222",2018-08-10,"EWR-1",1,-25.0085333333333,"32","16"
"223",2018-08-10,"EWT-1",1,-95.0936666666667,"32","16"
"224",2018-08-10,"KEF-1",1,-4.96666666666667,"32","16"
"225",2018-08-10,"KER-1",1,-74.4,"32","16"
"226",2018-08-10,"KER-XE3S",1,NA,"32","16"
"227",2018-08-10,"KFF-XD6S",0,-97.4333333333333,"32","16"
"228",2018-08-10,"KFF-XE8S",0,-50.3845833333333,"32","16"
"229",2018-08-10,"KFR-XE1S",1,-60.3833333333333,"32","16"
"230",2018-08-10,"KFR-XE2S",1,-7.0025,"32","16"
"231",2018-08-10,"KHF-1",0,-81.08333335,"32","16"
"232",2018-08-10,"KHF-XD4S",0,-81.965,"32","16"
"233",2018-08-10,"KHR-XD2N",1,-59.5841666666667,"32","16"
"234",2018-08-10,"KHR-XE2N",1,-65.6566666666667,"32","16"
"235",2018-08-10,"KHT-XD6N",0,-95.3550000166667,"32","16"
"236",2018-08-10,"KHT-XE4S",1,-63.095,"32","16"
"237",2018-08-10,"KHT-XE5S",1,-91.1091666666667,"32","16"
"238",2018-08-10,"KHT-XE6S",0,-102.376666666667,"32","16"
"239",2018-08-10,"KWF-1",1,-80.6,"32","16"
"240",2018-08-10,"KWR-1",1,-32.7833333333333,"32","16"
"241",2018-08-10,"KWR-XE1N",1,-45.4333333333333,"32","16"
"242",2018-08-10,"KWT-1",0,-81.1,"32","16"
"243",2018-08-11,NA,NA,NA,"32","16"
"244",2018-08-12,NA,NA,NA,"32","16"
"245",2018-08-13,NA,NA,NA,"33","16"
"246",2018-08-14,NA,NA,NA,"33","16"
"247",2018-08-15,NA,NA,NA,"33","16"
"248",2018-08-16,NA,NA,NA,"33","16"
"249",2018-08-17,NA,NA,NA,"33","16"
"250",2018-08-18,NA,NA,NA,"33","16"
"251",2018-08-19,NA,NA,NA,"33","16"
"252",2018-08-20,NA,NA,NA,"34","17"
"253",2018-08-21,NA,NA,NA,"34","17"
"254",2018-08-22,NA,NA,NA,"34","17"
"255",2018-08-23,NA,NA,NA,"34","17"
"256",2018-08-24,"EEF-1",1,-2.417,"34","17"
"257",2018-08-24,"EER-1",1,-41.82802,"34","17"
"258",2018-08-24,"EET-1",0,-88.6803125,"34","17"
"259",2018-08-24,"EFF-XA2N",1,-32.6686666666667,"34","17"
"260",2018-08-24,"EFR-XB1S",1,-46.104,"34","17"
"261",2018-08-24,"EHF-XA3S",0,-67.1441025633333,"34","17"
"262",2018-08-24,"EHR-1",1,-66.6380402923809,"34","17"
"263",2018-08-24,"EHT-XA5S",0,-106.940232312667,"34","17"
"264",2018-08-24,"EHT-XB5S",0,-128.32475,"34","17"
"265",2018-08-24,"EWF-XA2S",0,-52.7855,"34","17"
"266",2018-08-24,"EWR-1",1,-23.6752,"34","17"
"267",2018-08-24,"EWT-1",0,-93.387,"34","17"
"268",2018-08-25,"KEF-1",1,-5.2,"34","17"
"269",2018-08-25,"KER-1",0,-68.3,"34","17"
"270",2018-08-25,"KER-XE3S",1,NA,"34","17"
"271",2018-08-25,"KFR-XE1S",1,-61.45,"34","17"
"272",2018-08-25,"KFR-XE2S",1,-8.9025,"34","17"
"273",2018-08-25,"KHF-1",0,-81.08333335,"34","17"
"274",2018-08-25,"KHR-XD2N",1,-60.8841666666667,"34","17"
"275",2018-08-25,"KHR-XE2N",1,-66.49,"34","17"
"276",2018-08-25,"KHT-XD6N",0,-95.3550000166667,"34","17"
"277",2018-08-25,"KHT-XE4S",1,-68.12,"34","17"
"278",2018-08-25,"KHT-XE5S",1,-93.2091666666666,"34","17"
"279",2018-08-25,"KWF-1",1,-83.3666666666666,"34","17"
"280",2018-08-25,"KWR-1",1,-34.5166666666667,"34","17"
"281",2018-08-25,"KWR-XE1N",1,-47.2,"34","17"
"282",2018-08-26,NA,NA,NA,"34","17"
"283",2018-08-27,NA,NA,NA,"35","17"
"284",2018-08-28,NA,NA,NA,"35","17"
"285",2018-08-29,NA,NA,NA,"35","17"
"286",2018-08-30,NA,NA,NA,"35","17"
"287",2018-08-31,NA,NA,NA,"35","17"
"288",2018-09-01,NA,NA,NA,"35","17"
"289",2018-09-02,NA,NA,NA,"35","17"
"290",2018-09-03,NA,NA,NA,"36","18"
"291",2018-09-04,NA,NA,NA,"36","18"
"292",2018-09-05,NA,NA,NA,"36","18"
"293",2018-09-06,NA,NA,NA,"36","18"
"294",2018-09-07,NA,NA,NA,"36","18"
"295",2018-09-08,NA,NA,NA,"36","18"
"296",2018-09-09,NA,NA,NA,"36","18"
"297",2018-09-10,NA,NA,NA,"37","18"
"298",2018-09-11,NA,NA,NA,"37","18"
"299",2018-09-12,NA,NA,NA,"37","18"
"300",2018-09-13,NA,NA,NA,"37","18"
"301",2018-09-14,NA,NA,NA,"37","18"
"302",2018-09-15,NA,NA,NA,"37","18"
"303",2018-09-16,"EEF-1",1,-2.917,"37","18"
"304",2018-09-16,"EER-1",1,-36.62802,"37","18"
"305",2018-09-16,"EET-1",0,-88.6803125,"37","18"
"306",2018-09-16,"EFF-XA2N",1,-30.602,"37","18"
"307",2018-09-16,"EFR-XB1S",1,-47.2373333333333,"37","18"
"308",2018-09-16,"EHF-XA3S",0,-67.1441025633333,"37","18"
"309",2018-09-16,"EHR-1",1,-58.5713736257143,"37","18"
"310",2018-09-16,"EHT-XA5S",NA,NA,"37","18"
"311",2018-09-16,"EHT-XB5S",0,-128.32475,"37","18"
"312",2018-09-16,"EWF-XA2S",0,-52.7855,"37","18"
"313",2018-09-16,"EWR-1",1,-22.6085333333333,"37","18"
"314",2018-09-16,"EWT-1",0,-93.387,"37","18"
"315",2018-09-16,"KEF-1",1,-9.56666666666667,"37","18"
"316",2018-09-16,"KER-1",0,-68.3,"37","18"
"317",2018-09-16,"KER-XE3S",1,NA,"37","18"
"318",2018-09-16,"KFR-XE1S",1,-61.3833333333333,"37","18"
"319",2018-09-16,"KFR-XE2S",1,-10.0358333333333,"37","18"
"320",2018-09-16,"KHF-1",1,-77.3833333333333,"37","18"
"321",2018-09-16,"KHR-XD2N",1,-57.5841666666667,"37","18"
"322",2018-09-16,"KHR-XE2N",1,-65.7566666666667,"37","18"
"323",2018-09-16,"KHT-XD6N",0,-95.3550000166667,"37","18"
"324",2018-09-16,"KHT-XE4S",1,-65.42,"37","18"
"325",2018-09-16,"KHT-XE5S",1,-88.2758333333333,"37","18"
"326",2018-09-16,"KHT-XE6S",0,-102.376666666667,"37","18"
"327",2018-09-16,"KWF-1",1,-79.3333333333333,"37","18"
"328",2018-09-16,"KWR-1",1,-36.35,"37","18"
"329",2018-09-16,"KWR-XE1N",1,-48.1,"37","18"
"330",2018-09-16,"KWT-1",0,-81.1,"37","18"
"331",2018-09-17,NA,NA,NA,"38","19"
"332",2018-09-18,NA,NA,NA,"38","19"
"333",2018-09-19,NA,NA,NA,"38","19"
"334",2018-09-20,NA,NA,NA,"38","19"
"335",2018-09-21,NA,NA,NA,"38","19"
"336",2018-09-22,NA,NA,NA,"38","19"
"337",2018-09-23,NA,NA,NA,"38","19"
"338",2018-09-24,NA,NA,NA,"39","19"
"339",2018-09-25,NA,NA,NA,"39","19"
"340",2018-09-26,NA,NA,NA,"39","19"
"341",2018-09-27,NA,NA,NA,"39","19"
"342",2018-09-28,NA,NA,NA,"39","19"
"343",2018-09-29,"EEF-1",1,-1.217,"39","19"
"344",2018-09-29,"EER-1",1,-33.1613533333333,"39","19"
"345",2018-09-29,"EET-1",0,-88.6803125,"39","19"
"346",2018-09-29,"EFF-XA2N",1,-23.102,"39","19"
"347",2018-09-29,"EFR-XB1S",1,-47.004,"39","19"
"348",2018-09-29,"EHF-XA3S",0,-67.1441025633333,"39","19"
"349",2018-09-29,"EHR-1",1,-57.9713736257143,"39","19"
"350",2018-09-29,"EHT-XA5S",0,-106.940232312667,"39","19"
"351",2018-09-29,"EHT-XB5S",0,-128.32475,"39","19"
"352",2018-09-29,"EWF-XA2S",0,-52.7855,"39","19"
"353",2018-09-29,"EWR-1",1,-20.1752,"39","19"
"354",2018-09-29,"EWT-1",0,-93.387,"39","19"
"355",2018-09-30,NA,NA,NA,"39","19"
"356",2018-10-01,"KEF-1",1,-6.16666666666667,"40","19"
"357",2018-10-01,"KER-1",0,-68.3,"40","19"
"358",2018-10-01,"KER-XE3S",1,NA,"40","19"
"359",2018-10-01,"KFF-XD6S",0,-97.4333333333333,"40","19"
"360",2018-10-01,"KFR-XE1S",1,-65.0166666666667,"40","19"
"361",2018-10-01,"KFR-XE2S",1,-9.4025,"40","19"
"362",2018-10-01,"KHF-1",1,-69.3833333333333,"40","19"
"363",2018-10-01,"KHF-XD4S",0,-81.965,"40","19"
"364",2018-10-01,"KHR-XD2N",1,-55.7175,"40","19"
"365",2018-10-01,"KHR-XE2N",1,-65.89,"40","19"
"366",2018-10-01,"KHT-XD3S",0,-81.42,"40","19"
"367",2018-10-01,"KHT-XD6N",0,-95.3550000166667,"40","19"
"368",2018-10-01,"KHT-XE4S",1,-64.72,"40","19"
"369",2018-10-01,"KHT-XE5S",1,-86.8425,"40","19"
"370",2018-10-01,"KHT-XE6S",0,-102.376666666667,"40","19"
"371",2018-10-01,"KWF-1",1,-67.6,"40","19"
"372",2018-10-01,"KWR-1",1,-32.7166666666667,"40","19"
"373",2018-10-01,"KWR-XE1N",1,-48.9,"40","19"
"374",2018-10-01,"KWT-1",0,-81.1,"40","19"
"375",2018-10-02,NA,NA,NA,"40","20"
"376",2018-10-03,NA,NA,NA,"40","20"
"377",2018-10-04,NA,NA,NA,"40","20"
"378",2018-10-05,NA,NA,NA,"40","20"
"379",2018-10-06,NA,NA,NA,"40","20"
"380",2018-10-07,NA,NA,NA,"40","20"
"381",2018-10-08,NA,NA,NA,"41","20"
"382",2018-10-09,NA,NA,NA,"41","20"
"383",2018-10-10,NA,NA,NA,"41","20"
"384",2018-10-11,NA,NA,NA,"41","20"
"385",2018-10-12,NA,NA,NA,"41","20"
"386",2018-10-13,NA,NA,NA,"41","20"
"387",2018-10-14,"KEF-1",1,-5.96666666666667,"41","20"
"388",2018-10-14,"KER-1",0,-68.3,"41","20"
"389",2018-10-14,"KER-XE3S",1,NA,"41","20"
"390",2018-10-14,"KFR-XE1S",1,-58.8166666666667,"41","20"
"391",2018-10-14,"KFR-XE2S",1,-9.9025,"41","20"
"392",2018-10-14,"KHF-1",1,-55.1166666666667,"41","20"
"393",2018-10-14,"KHR-XD2N",1,-53.9508333333333,"41","20"
"394",2018-10-14,"KHR-XE2N",1,-64.19,"41","20"
"395",2018-10-14,"KHT-XE4S",1,-41.72,"41","20"
"396",2018-10-14,"KHT-XE5S",1,-82.6758333333333,"41","20"
"397",2018-10-14,"KHT-XE6S",0,-102.376666666667,"41","20"
"398",2018-10-14,"KWF-1",1,-35.0666666666667,"41","20"
"399",2018-10-14,"KWR-XE1N",1,-48.6333333333333,"41","20"
"400",2018-10-14,"KWT-1",0,-81.1,"41","20"
"401",2018-10-15,NA,NA,NA,"42","21"
"402",2018-10-16,NA,NA,NA,"42","21"
"403",2018-10-17,NA,NA,NA,"42","21"
"404",2018-10-18,NA,NA,NA,"42","21"
"405",2018-10-19,NA,NA,NA,"42","21"
"406",2018-10-20,NA,NA,NA,"42","21"
"407",2018-10-21,NA,NA,NA,"42","21"
"408",2018-10-22,NA,NA,NA,"43","21"
"409",2018-10-23,NA,NA,NA,"43","21"
"410",2018-10-24,NA,NA,NA,"43","21"
"411",2018-10-25,NA,NA,NA,"43","21"
"412",2018-10-26,NA,NA,NA,"43","21"
"413",2018-10-27,NA,NA,NA,"43","21"
"414",2018-10-28,NA,NA,NA,"43","21"
"415",2018-10-29,NA,NA,NA,"44","22"
"416",2018-10-30,NA,NA,NA,"44","22"
"417",2018-10-31,NA,NA,NA,"44","22"
"418",2018-11-01,NA,NA,NA,"44","22"
"419",2018-11-02,NA,NA,NA,"44","22"
"420",2018-11-03,NA,NA,NA,"44","22"
"421",2018-11-04,NA,NA,NA,"44","22"
"422",2018-11-05,NA,NA,NA,"45","22"
"423",2018-11-06,NA,NA,NA,"45","22"
"424",2018-11-07,NA,NA,NA,"45","22"
"425",2018-11-08,NA,NA,NA,"45","22"
"426",2018-11-09,NA,NA,NA,"45","22"
"427",2018-11-10,NA,NA,NA,"45","22"
"428",2018-11-11,NA,NA,NA,"45","22"
"429",2018-11-12,NA,NA,NA,"46","23"
"430",2018-11-13,NA,NA,NA,"46","23"
"431",2018-11-14,NA,NA,NA,"46","23"
"432",2018-11-15,NA,NA,NA,"46","23"
"433",2018-11-16,NA,NA,NA,"46","23"
"434",2018-11-17,NA,NA,NA,"46","23"
"435",2018-11-18,"EEF-1",1,-0.616999999999996,"46","23"
"436",2018-11-18,"EER-1",1,-25.72802,"46","23"
"437",2018-11-18,"EET-1",1,-72.1103125,"46","23"
"438",2018-11-18,"EFF-XA2N",1,-8.03533333333333,"46","23"
"439",2018-11-18,"EFR-XB1S",1,-45.5373333333333,"46","23"
"440",2018-11-18,"EHF-XA3S",1,-16.3774358966667,"46","23"
"441",2018-11-18,"EHR-1",1,-41.9047069590476,"46","23"
"442",2018-11-18,"EHT-XA5S",1,-22.962454546,"46","23"
"443",2018-11-18,"EHT-XB5S",1,-42.1014166666667,"46","23"
"444",2018-11-18,"EWF-XA2S",1,-32.5688333333333,"46","23"
"445",2018-11-18,"EWR-1",1,-15.6085333333333,"46","23"
"446",2018-11-18,"EWT-1",1,-48.9936666666667,"46","23"
"447",2018-11-18,"KEF-1",NA,NA,"46","23"
"448",2018-11-18,"KER-1",0,-68.3,"46","23"
"449",2018-11-18,"KER-XE3S",1,NA,"46","23"
"450",2018-11-18,"KFF-XD6S",1,-18.3,"46","23"
"451",2018-11-18,"KFF-XE8S",1,-27.8845833333333,"46","23"
"452",2018-11-18,"KFR-XE1S",1,-57.45,"46","23"
"453",2018-11-18,"KFR-XE2S",1,-9.46916666666666,"46","23"
"454",2018-11-18,"KHF-1",1,-30.0833333333333,"46","23"
"455",2018-11-18,"KHR-XD2N",1,-47.2508333333333,"46","23"
"456",2018-11-18,"KHR-XE2N",1,-58.0566666666667,"46","23"
"457",2018-11-18,"KHT-XD3S",0,-81.42,"46","23"
"458",2018-11-18,"KHT-XD6N",0,-95.3550000166667,"46","23"
"459",2018-11-18,"KHT-XE4S",1,-26.0866666666667,"46","23"
"460",2018-11-18,"KHT-XE5S",1,-47.8758333333333,"46","23"
"461",2018-11-18,"KWF-1",1,-28.9666666666667,"46","23"
"462",2018-11-18,"KWR-1",1,-36.8833333333333,"46","23"
"463",2018-11-18,"KWR-XE1N",1,-47.1333333333333,"46","23"
"464",2018-11-19,NA,NA,NA,"47","23"
"465",2018-11-20,NA,NA,NA,"47","23"
"466",2018-11-21,NA,NA,NA,"47","23"
"467",2018-11-22,NA,NA,NA,"47","23"
"468",2018-11-23,NA,NA,NA,"47","23"
"469",2018-11-24,NA,NA,NA,"47","23"
"470",2018-11-25,NA,NA,NA,"47","23"
"471",2018-11-26,NA,NA,NA,"48","24"
"472",2018-11-27,NA,NA,NA,"48","24"
"473",2018-11-28,NA,NA,NA,"48","24"
"474",2018-11-29,NA,NA,NA,"48","24"
"475",2018-11-30,NA,NA,NA,"48","24"
"476",2018-12-01,NA,NA,NA,"48","24"
"477",2018-12-02,NA,NA,NA,"48","24"
"478",2018-12-03,NA,NA,NA,"49","24"
"479",2018-12-04,NA,NA,NA,"49","24"
"480",2018-12-05,NA,NA,NA,"49","24"
"481",2018-12-06,NA,NA,NA,"49","24"
"482",2018-12-07,NA,NA,NA,"49","24"
"483",2018-12-08,NA,NA,NA,"49","24"
"484",2018-12-09,NA,NA,NA,"49","24"
"485",2018-12-10,NA,NA,NA,"50","25"
"486",2018-12-11,NA,NA,NA,"50","25"
"487",2018-12-12,NA,NA,NA,"50","25"
"488",2018-12-13,NA,NA,NA,"50","25"
"489",2018-12-14,NA,NA,NA,"50","25"
"490",2018-12-15,NA,NA,NA,"50","25"
"491",2018-12-16,NA,NA,NA,"50","25"
"492",2018-12-17,NA,NA,NA,"51","25"
"493",2018-12-18,NA,NA,NA,"51","25"
"494",2018-12-19,NA,NA,NA,"51","25"
"495",2018-12-20,NA,NA,NA,"51","25"
"496",2018-12-21,NA,NA,NA,"51","25"
"497",2018-12-22,NA,NA,NA,"51","25"
"498",2018-12-23,NA,NA,NA,"51","25"
"499",2018-12-24,NA,NA,NA,"52","26"
"500",2018-12-25,NA,NA,NA,"52","26"
"501",2018-12-26,NA,NA,NA,"52","26"
"502",2018-12-27,NA,NA,NA,"52","26"
"503",2018-12-28,NA,NA,NA,"52","26"
"504",2018-12-29,NA,NA,NA,"52","26"
"505",2018-12-30,NA,NA,NA,"52","26"
"506",2018-12-31,NA,NA,NA,"53","26"
"507",2019-01-01,NA,NA,NA,"1","26"
"508",2019-01-02,NA,NA,NA,"1","26"
"509",2019-01-03,NA,NA,NA,"1","26"
"510",2019-01-04,NA,NA,NA,"1","26"
"511",2019-01-05,NA,NA,NA,"1","26"
"512",2019-01-06,NA,NA,NA,"1","26"
"513",2019-01-07,NA,NA,NA,"1","26"
"514",2019-01-08,NA,NA,NA,"2","27"
"515",2019-01-09,NA,NA,NA,"2","27"
"516",2019-01-10,NA,NA,NA,"2","27"
"517",2019-01-11,NA,NA,NA,"2","27"
"518",2019-01-12,NA,NA,NA,"2","27"
"519",2019-01-13,NA,NA,NA,"2","27"
"520",2019-01-14,NA,NA,NA,"2","27"
"521",2019-01-15,NA,NA,NA,"3","27"
"522",2019-01-16,NA,NA,NA,"3","27"
"523",2019-01-17,NA,NA,NA,"3","27"
"524",2019-01-18,NA,NA,NA,"3","27"
"525",2019-01-19,NA,NA,NA,"3","27"
"526",2019-01-20,NA,NA,NA,"3","27"
"527",2019-01-21,NA,NA,NA,"3","27"
"528",2019-01-22,NA,NA,NA,"4","28"
"529",2019-01-23,NA,NA,NA,"4","28"
"530",2019-01-24,NA,NA,NA,"4","28"
"531",2019-01-25,NA,NA,NA,"4","28"
"532",2019-01-26,NA,NA,NA,"4","28"
"533",2019-01-27,NA,NA,NA,"4","28"
"534",2019-01-28,NA,NA,NA,"4","28"
"535",2019-01-29,NA,NA,NA,"5","28"
"536",2019-01-30,NA,NA,NA,"5","28"
"537",2019-01-31,NA,NA,NA,"5","28"
"538",2019-02-01,NA,NA,NA,"5","28"
"539",2019-02-02,NA,NA,NA,"5","28"
"540",2019-02-03,NA,NA,NA,"5","28"
"541",2019-02-04,NA,NA,NA,"5","28"
"542",2019-02-05,NA,NA,NA,"6","29"
"543",2019-02-06,NA,NA,NA,"6","29"
"544",2019-02-07,NA,NA,NA,"6","29"
"545",2019-02-08,NA,NA,NA,"6","29"
"546",2019-02-09,NA,NA,NA,"6","29"
"547",2019-02-10,NA,NA,NA,"6","29"
"548",2019-02-11,NA,NA,NA,"6","29"
"549",2019-02-12,NA,NA,NA,"7","29"
"550",2019-02-13,NA,NA,NA,"7","29"
"551",2019-02-14,NA,NA,NA,"7","29"
"552",2019-02-15,NA,NA,NA,"7","29"
"553",2019-02-16,NA,NA,NA,"7","29"
"554",2019-02-17,NA,NA,NA,"7","29"
"555",2019-02-18,NA,NA,NA,"7","29"
"556",2019-02-19,NA,NA,NA,"8","30"
"557",2019-02-20,NA,NA,NA,"8","30"
"558",2019-02-21,NA,NA,NA,"8","30"
"559",2019-02-22,NA,NA,NA,"8","30"
"560",2019-02-23,NA,NA,NA,"8","30"
"561",2019-02-24,NA,NA,NA,"8","30"
"562",2019-02-25,NA,NA,NA,"8","30"
"563",2019-02-26,NA,NA,NA,"9","30"
"564",2019-02-27,NA,NA,NA,"9","30"
"565",2019-02-28,NA,NA,NA,"9","30"
"566",2019-03-01,NA,NA,NA,"9","30"
"567",2019-03-02,NA,NA,NA,"9","30"
"568",2019-03-03,NA,NA,NA,"9","30"
"569",2019-03-04,NA,NA,NA,"9","30"
"570",2019-03-05,NA,NA,NA,"10","31"
"571",2019-03-06,NA,NA,NA,"10","31"
"572",2019-03-07,NA,NA,NA,"10","31"
"573",2019-03-08,NA,NA,NA,"10","31"
"574",2019-03-09,NA,NA,NA,"10","31"
"575",2019-03-10,NA,NA,NA,"10","31"
"576",2019-03-11,NA,NA,NA,"10","31"
"577",2019-03-12,NA,NA,NA,"11","31"
"578",2019-03-13,NA,NA,NA,"11","31"
"579",2019-03-14,NA,NA,NA,"11","31"
"580",2019-03-15,NA,NA,NA,"11","31"
"581",2019-03-16,NA,NA,NA,"11","31"
"582",2019-03-17,NA,NA,NA,"11","31"
"583",2019-03-18,NA,NA,NA,"11","31"
"584",2019-03-19,NA,NA,NA,"12","32"
"585",2019-03-20,NA,NA,NA,"12","32"
"586",2019-03-21,NA,NA,NA,"12","32"
"587",2019-03-22,NA,NA,NA,"12","32"
"588",2019-03-23,NA,NA,NA,"12","32"
"589",2019-03-24,NA,NA,NA,"12","32"
"590",2019-03-25,NA,NA,NA,"12","32"
"591",2019-03-26,NA,NA,NA,"13","32"
"592",2019-03-27,NA,NA,NA,"13","32"
"593",2019-03-28,NA,NA,NA,"13","32"
"594",2019-03-29,NA,NA,NA,"13","32"
"595",2019-03-30,NA,NA,NA,"13","32"
"596",2019-03-31,NA,NA,NA,"13","32"
"597",2019-04-01,NA,NA,NA,"13","32"
"598",2019-04-02,NA,NA,NA,"14","33"
"599",2019-04-03,NA,NA,NA,"14","33"
"600",2019-04-04,NA,NA,NA,"14","33"
"601",2019-04-05,NA,NA,NA,"14","33"
"602",2019-04-06,NA,NA,NA,"14","33"
"603",2019-04-07,NA,NA,NA,"14","33"
"604",2019-04-08,NA,NA,NA,"14","33"
"605",2019-04-09,NA,NA,NA,"15","33"
"606",2019-04-10,NA,NA,NA,"15","33"
"607",2019-04-11,NA,NA,NA,"15","33"
"608",2019-04-12,NA,NA,NA,"15","33"
"609",2019-04-13,NA,NA,NA,"15","33"
"610",2019-04-14,NA,NA,NA,"15","33"
"611",2019-04-15,NA,NA,NA,"15","33"
"612",2019-04-16,NA,NA,NA,"16","34"
"613",2019-04-17,NA,NA,NA,"16","34"
"614",2019-04-18,NA,NA,NA,"16","34"
"615",2019-04-19,NA,NA,NA,"16","34"
"616",2019-04-20,NA,NA,NA,"16","34"
"617",2019-04-21,NA,NA,NA,"16","34"
"618",2019-04-22,NA,NA,NA,"16","34"
"619",2019-04-23,NA,NA,NA,"17","34"
"620",2019-04-24,NA,NA,NA,"17","34"
"621",2019-04-25,NA,NA,NA,"17","34"
"622",2019-04-26,NA,NA,NA,"17","34"
"623",2019-04-27,NA,NA,NA,"17","34"
"624",2019-04-28,NA,NA,NA,"17","34"
"625",2019-04-29,NA,NA,NA,"17","34"
"626",2019-04-30,NA,NA,NA,"18","35"
"627",2019-05-01,NA,NA,NA,"18","35"
"628",2019-05-02,NA,NA,NA,"18","35"
"629",2019-05-03,NA,NA,NA,"18","35"
"630",2019-05-04,NA,NA,NA,"18","35"
"631",2019-05-05,NA,NA,NA,"18","35"
"632",2019-05-06,NA,NA,NA,"18","35"
"633",2019-05-07,NA,NA,NA,"19","35"
"634",2019-05-08,NA,NA,NA,"19","35"
"635",2019-05-09,NA,NA,NA,"19","35"
"636",2019-05-10,NA,NA,NA,"19","35"
"637",2019-05-11,NA,NA,NA,"19","35"
"638",2019-05-12,NA,NA,NA,"19","35"
"639",2019-05-13,NA,NA,NA,"19","35"
"640",2019-05-14,NA,NA,NA,"20","36"
"641",2019-05-15,NA,NA,NA,"20","36"
"642",2019-05-16,NA,NA,NA,"20","36"
"643",2019-05-17,NA,NA,NA,"20","36"
"644",2019-05-18,NA,NA,NA,"20","36"
"645",2019-05-19,NA,NA,NA,"20","36"
"646",2019-05-20,NA,NA,NA,"20","36"
"647",2019-05-21,NA,NA,NA,"21","36"
"648",2019-05-22,NA,NA,NA,"21","36"
"649",2019-05-23,NA,NA,NA,"21","36"
"650",2019-05-24,NA,NA,NA,"21","36"
"651",2019-05-25,NA,NA,NA,"21","36"
"652",2019-05-26,NA,NA,NA,"21","36"
"653",2019-05-27,NA,NA,NA,"21","36"
"654",2019-05-28,NA,NA,NA,"22","37"
"655",2019-05-29,NA,NA,NA,"22","37"
"656",2019-05-30,NA,NA,NA,"22","37"
"657",2019-05-31,NA,NA,NA,"22","37"
"658",2019-06-01,NA,NA,NA,"22","37"
"659",2019-06-02,"EER-1",1,-2.76135333333333,"22","37"
"660",2019-06-02,"EET-1",1,1.8896875,"22","37"
"661",2019-06-02,"EHF-XA3S",1,0.0892307700000003,"22","37"
"662",2019-06-02,"EHR-1",1,-4.33804029238095,"22","37"
"663",2019-06-02,"EHT-XA5S",1,5.17087878733334,"22","37"
"664",2019-06-02,"EHT-XB5S",1,NA,"22","37"
"665",2019-06-02,"EWF-XA2S",NA,NA,"22","37"
"666",2019-06-02,"EWR-1",1,17.5914666666667,"22","37"
"667",2019-06-02,"EWT-1",1,35.4063333333333,"22","37"
"668",2019-06-03,"KEF-1",1,-0.333333333333336,"22","37"
"669",2019-06-03,"KER-1",1,NA,"22","37"
"670",2019-06-03,"KER-XD5N",1,1.425,"22","37"
"671",2019-06-03,"KER-XE3S",1,NA,"22","37"
"672",2019-06-03,"KFF-XD6S",1,-5.7,"22","37"
"673",2019-06-03,"KHF-1",1,-0.75,"22","37"
"674",2019-06-03,"KHF-XD4S",1,-14.4416666666667,"22","37"
"675",2019-06-03,"KHR-XD1N",1,NA,"22","37"
"676",2019-06-03,"KHR-XD2N",NA,NA,"22","37"
"677",2019-06-03,"KHT-XD3S",NA,NA,"22","37"
"678",2019-06-03,"KHT-XD6N",1,1.97833333333333,"22","37"
"679",2019-06-03,"KHT-XE4S",1,3.17999999999999,"22","37"
"680",2019-06-03,"KHT-XE5S",1,-1.57583333333333,"22","37"
"681",2019-06-03,"KHT-XE6S",1,1.85666666666667,"22","37"
"682",2019-06-03,"KWF-1",1,3.06666666666666,"22","37"
"683",2019-06-03,"KWR-1",1,8.71666666666667,"22","37"
"684",2019-06-03,"KWT-1",1,-0.0666666666666629,"22","37"
"685",2019-06-04,NA,NA,NA,"23","37"
"686",2019-06-05,NA,NA,NA,"23","37"
"687",2019-06-06,NA,NA,NA,"23","37"
"688",2019-06-07,NA,NA,NA,"23","37"
"689",2019-06-08,NA,NA,NA,"23","37"
"690",2019-06-09,NA,NA,NA,"23","37"
"691",2019-06-10,NA,NA,NA,"23","37"
"692",2019-06-11,NA,NA,NA,"24","38"
"693",2019-06-12,NA,NA,NA,"24","38"
"694",2019-06-13,NA,NA,NA,"24","38"
"695",2019-06-14,NA,NA,NA,"24","38"
"696",2019-06-15,NA,NA,NA,"24","38"
"697",2019-06-16,NA,NA,NA,"24","38"
"698",2019-06-17,"KEF-1",1,-17.65875,"24","38"
"699",2019-06-17,"KER-1",1,-1.45875,"24","38"
"700",2019-06-17,"KER-XD5N",1,1.13291666666667,"24","38"
"701",2019-06-17,"KER-XE3S",1,NA,"24","38"
"702",2019-06-17,"KFF-XD6S",1,-7.32541666666667,"24","38"
"703",2019-06-17,"KFF-XE8S",1,-1.80999999999999,"24","38"
"704",2019-06-17,"KFR-XE1S",1,-18.80875,"24","38"
"705",2019-06-17,"KFR-XE2S",1,1.90541666666666,"24","38"
"706",2019-06-17,"KHF-1",1,16.59125,"24","38"
"707",2019-06-17,"KHF-XD4S",1,-15.1670833333333,"24","38"
"708",2019-06-17,"KHR-XD1N",1,9.90000000000001,"24","38"
"709",2019-06-17,"KHT-XD3S",1,-19.97875,"24","38"
"710",2019-06-17,"KHT-XD6N",1,-8.41375000000001,"24","38"
"711",2019-06-17,"KHT-XE4S",1,2.02124999999999,"24","38"
"712",2019-06-17,"KHT-XE5S",1,-3.06791666666667,"24","38"
"713",2019-06-17,"KHT-XE6S",1,-0.235416666666664,"24","38"
"714",2019-06-17,"KWF-1",1,0.374583333333328,"24","38"
"715",2019-06-17,"KWR-1",1,8.05,"24","38"
"716",2019-06-17,"KWR-XE1N",1,8.09999999999999,"24","38"
"717",2019-06-17,"KWR-XE1N",1,4.64124999999999,"24","38"
"718",2019-06-17,"KWT-1",1,-2.15875,"24","38"
"719",2019-06-18,"EEF-1",1,-1.65033333333333,"25","38"
"720",2019-06-18,"EER-1",1,-14.6201033333333,"25","38"
"721",2019-06-18,"EET-1",1,-28.0769791666667,"25","38"
"722",2019-06-18,"EFF-XA2N",1,-5.22741666666667,"25","38"
"723",2019-06-18,"EHF-XA3S",1,-4.74410256333333,"25","38"
"724",2019-06-18,"EHF-XA3S",1,-3.80285256333334,"25","38"
"725",2019-06-18,"EHR-1",1,-9.16345695904761,"25","38"
"726",2019-06-18,"EHT-XA5S",1,-1.22912121266667,"25","38"
"727",2019-06-18,"EWF-XA2S",1,-17.5355,"25","38"
"728",2019-06-18,"EWR-1",1,10.6581333333333,"25","38"
"729",2019-06-18,"EWT-1",0,-93.387,"25","38"
"730",2019-06-19,NA,NA,NA,"25","38"
"731",2019-06-20,NA,NA,NA,"25","38"
"732",2019-06-21,NA,NA,NA,"25","38"
"733",2019-06-22,NA,NA,NA,"25","38"
"734",2019-06-23,NA,NA,NA,"25","38"
"735",2019-06-24,NA,NA,NA,"25","38"
"736",2019-06-25,NA,NA,NA,"26","39"
"737",2019-06-26,NA,NA,NA,"26","39"
"738",2019-06-27,NA,NA,NA,"26","39"
"739",2019-06-28,NA,NA,NA,"26","39"
"740",2019-06-29,NA,NA,NA,"26","39"
"741",2019-06-30,NA,NA,NA,"26","39"
"742",2019-07-01,NA,NA,NA,"26","39"
"743",2019-07-02,NA,NA,NA,"27","39"
"744",2019-07-03,NA,NA,NA,"27","39"
"745",2019-07-04,NA,NA,NA,"27","39"
"746",2019-07-05,"KEF-1",1,-2.95875000000001,"27","39"
"747",2019-07-05,"KER-1",1,-10.4920833333333,"27","39"
"748",2019-07-05,"KER-XD5N",1,-7.43374999999999,"27","39"
"749",2019-07-05,"KER-XE3S",1,NA,"27","39"
"750",2019-07-05,"KFF-XD6S",1,-23.2254166666667,"27","39"
"751",2019-07-05,"KFF-XE8S",1,-16.1433333333333,"27","39"
"752",2019-07-05,"KFR-XE1S",1,-46.5754166666667,"27","39"
"753",2019-07-05,"KFR-XE2S",1,-3.99458333333334,"27","39"
"754",2019-07-05,"KHF-1",1,-18.60875,"27","39"
"755",2019-07-05,"KHF-XD4S",1,-75.83375,"27","39"
"756",2019-07-05,"KHR-XD1N",1,-30.2254166666667,"27","39"
"757",2019-07-05,"KHT-XD3S",1,-64.5454166666667,"27","39"
"758",2019-07-05,"KHT-XD6N",1,-56.91375,"27","39"
"759",2019-07-05,"KHT-XE4S",1,-2.67875,"27","39"
"760",2019-07-05,"KHT-XE5S",1,-17.1345833333333,"27","39"
"761",2019-07-05,"KHT-XE6S",1,-5.00208333333333,"27","39"
"762",2019-07-05,"KRH-XD1S",1,-35.4754166666667,"27","39"
"763",2019-07-05,"KWF-1",1,-25.2920833333333,"27","39"
"764",2019-07-05,"KWR-1",1,-5.57541666666667,"27","39"
"765",2019-07-05,"KWR-XE1N",1,-21.3254166666667,"27","39"
"766",2019-07-05,"KWT-1",1,-5.59208333333333,"27","39"
"767",2019-07-06,"EEF-1",1,-18.5090833333333,"27","39"
"768",2019-07-06,"EER-1",1,-33.6284366666667,"27","39"
"769",2019-07-06,"EFF-XA2N",1,-17.56075,"27","39"
"770",2019-07-06,"EFF-XB7S",1,-4.97541666666667,"27","39"
"771",2019-07-06,"EFR-XB1S",1,-35.7294166666667,"27","39"
"772",2019-07-06,"EFR-XB2N",1,-17.40875,"27","39"
"773",2019-07-06,"EFR-XB2S",0,-19.39,"27","39"
"774",2019-07-06,"EFR-XB3N",1,-28.75875,"27","39"
"775",2019-07-06,"EFR-XB3S",1,-51.15875,"27","39"
"776",2019-07-06,"EHF-XA3S",1,-6.90285256333333,"27","39"
"777",2019-07-06,"EHR-1",1,-36.7634569590476,"27","39"
"778",2019-07-06,"EHR-XB1N",1,-51.50875,"27","39"
"779",2019-07-06,"EHT-XA5S",1,-55.421204546,"27","39"
"780",2019-07-06,"EHT-XB4S",1,-26.5920833333333,"27","39"
"781",2019-07-06,"EWF-XA2S",1,-21.6275833333333,"27","39"
"782",2019-07-06,"EWR-1",1,1.46605,"27","39"
"783",2019-07-06,"EWR-XB4N",1,-27.0920833333333,"27","39"
"784",2019-07-06,"EWT-1",1,-77.06075,"27","39"
"785",2019-07-07,"LET-1",1,-30.6504166666667,"27","39"
"786",2019-07-07,"LHT-1",1,-38.3670833333333,"27","39"
"787",2019-07-07,"LWT-1",1,-29.6670833333333,"27","39"
"788",2019-07-08,NA,NA,NA,"27","39"
"789",2019-07-09,NA,NA,NA,"28","40"
"790",2019-07-10,NA,NA,NA,"28","40"
"791",2019-07-11,NA,NA,NA,"28","40"
"792",2019-07-12,NA,NA,NA,"28","40"
"793",2019-07-13,NA,NA,NA,"28","40"
"794",2019-07-14,NA,NA,NA,"28","40"
"795",2019-07-15,NA,NA,NA,"28","40"
"796",2019-07-16,NA,NA,NA,"29","40"
"797",2019-07-17,NA,NA,NA,"29","40"
"798",2019-07-18,NA,NA,NA,"29","40"
"799",2019-07-19,NA,NA,NA,"29","40"
"800",2019-07-20,NA,NA,NA,"29","40"
"801",2019-07-21,NA,NA,NA,"29","40"
"802",2019-07-22,NA,NA,NA,"29","40"
"803",2019-07-23,NA,NA,NA,"30","41"
"804",2019-07-24,NA,NA,NA,"30","41"
"805",2019-07-25,NA,NA,NA,"30","41"
"806",2019-07-26,"EEF-1",1,-49.057,"30","41"
"807",2019-07-26,"EER-1",1,-38.1013533333333,"30","41"
"808",2019-07-26,"EET-1",1,-87.6503125,"30","41"
"809",2019-07-26,"EFF-XA2N",1,-25.6753333333333,"30","41"
"810",2019-07-26,"EFF-XB7S",1,-3.59,"30","41"
"811",2019-07-26,"EFR-XB1S",1,-41.044,"30","41"
"812",2019-07-26,"EFR-XB2N",1,-24.6566666666667,"30","41"
"813",2019-07-26,"EFR-XB2S",0,-19.39,"30","41"
"814",2019-07-26,"EFR-XB3N",1,-33.1733333333333,"30","41"
"815",2019-07-26,"EFR-XB3S",1,-55.3233333333333,"30","41"
"816",2019-07-26,"EHF-XA3S",1,-40.0841025633333,"30","41"
"817",2019-07-26,"EHR-1",1,-54.0780402923809,"30","41"
"818",2019-07-26,"EHR-XB1N",1,-59.49,"30","41"
"819",2019-07-26,"EHT-XA5S",1,-91.4691212126667,"30","41"
"820",2019-07-26,"EHT-XB4S",0,-44.2,"30","41"
"821",2019-07-26,"EWF-XA2S",1,-46.7755,"30","41"
"822",2019-07-26,"EWR-1",1,-17.7152,"30","41"
"823",2019-07-26,"EWR-XB4N",1,-36.8066666666667,"30","41"
"824",2019-07-26,"EWT-1",1,-91.267,"30","41"
"825",2019-07-26,"KEF-1",1,-7.74,"30","41"
"826",2019-07-26,"KER-1",1,-12.6733333333333,"30","41"
"827",2019-07-26,"KER-XD5N",1,-24.215,"30","41"
"828",2019-07-26,"KER-XE3S",1,NA,"30","41"
"829",2019-07-26,"KET-1",1,19.085,"30","41"
"830",2019-07-26,"KFF-XD6S",1,-82.1733333333333,"30","41"
"831",2019-07-26,"KFF-XE8S",1,-44.69125,"30","41"
"832",2019-07-26,"KFR-XE1S",1,-56.1233333333333,"30","41"
"833",2019-07-26,"KFR-XE2S",1,-4.77583333333333,"30","41"
"834",2019-07-26,"KHF-1",1,-64.69,"30","41"
"835",2019-07-26,"KHF-XD4S",NA,NA,"30","41"
"836",2019-07-26,"KHR-XD1N",1,-41.74,"30","41"
"837",2019-07-26,"KHT-XD3S",0,-81.42,"30","41"
"838",2019-07-26,"KHT-XD6N",1,-95.6616666666667,"30","41"
"839",2019-07-26,"KHT-XE4S",1,-42.9933333333333,"30","41"
"840",2019-07-26,"KHT-XE5S",1,-67.7491666666667,"30","41"
"841",2019-07-26,"KHT-XE6S",1,-65.9833333333333,"30","41"
"842",2019-07-26,"KRH-XD1S",0,-43.75,"30","41"
"843",2019-07-26,"KRH-XD1S",1,-47.04,"30","41"
"844",2019-07-26,"KWF-1",1,-35.84,"30","41"
"845",2019-07-26,"KWR-1",1,-22.2233333333333,"30","41"
"846",2019-07-26,"KWR-XE1N",1,-36.8066666666667,"30","41"
"847",2019-07-26,"KWT-1",1,-44.3733333333333,"30","41"
"848",2019-07-26,"LET-1",1,-52.2316666666667,"30","41"
"849",2019-07-26,"LHT-1",1,-47.8816666666667,"30","41"
"850",2019-07-26,"LWT-1",1,-52.515,"30","41"
"851",2019-07-27,NA,NA,NA,"30","41"
"852",2019-07-28,NA,NA,NA,"30","41"
"853",2019-07-29,NA,NA,NA,"30","41"
"854",2019-07-30,NA,NA,NA,"31","41"
"855",2019-07-31,NA,NA,NA,"31","41"
"856",2019-08-01,NA,NA,NA,"31","41"
"857",2019-08-02,NA,NA,NA,"31","41"
"858",2019-08-03,NA,NA,NA,"31","41"
"859",2019-08-04,"KER-1",1,-13.4166666666667,"31","42"
"860",2019-08-04,"KER-XE3S",1,NA,"31","42"
"861",2019-08-04,"KET-1",1,14.475,"31","42"
"862",2019-08-04,"KFF-XD6S",0,-97.4333333333333,"31","42"
"863",2019-08-04,"KFF-XE8S",0,-50.3845833333333,"31","42"
"864",2019-08-04,"KFR-XE1S",1,-58.5,"31","42"
"865",2019-08-04,"KFR-XE2S",1,-6.81916666666666,"31","42"
"866",2019-08-04,"KHF-XD4S",0,-81.965,"31","42"
"867",2019-08-04,"KHT-XD6N",0,-95.3550000166667,"31","42"
"868",2019-08-04,"KHT-XE4S",1,-53.67,"31","42"
"869",2019-08-04,"KHT-XE6S",1,-87.1266666666667,"31","42"
"870",2019-08-04,"KWF-1",1,-55.65,"31","42"
"871",2019-08-04,"KWR-1",1,-23.8666666666667,"31","42"
"872",2019-08-04,"KWR-XE1N",1,-39.9833333333333,"31","42"
"873",2019-08-05,"EEF-1",1,-55.8003333333333,"31","42"
"874",2019-08-05,"EER-1",1,-38.8446866666667,"31","42"
"875",2019-08-05,"EET-1",1,-87.2603125,"31","42"
"876",2019-08-05,"EFF-XA2N",1,-28.5853333333333,"31","42"
"877",2019-08-05,"EFF-XB7S",1,-5.5,"31","42"
"878",2019-08-05,"EHF-XA3S",1,-63.36076923,"31","42"
"879",2019-08-05,"EHR-1",1,-60.6547069590476,"31","42"
"880",2019-08-05,"EWF-XA2S",0,-52.7855,"31","42"
"881",2019-08-05,"EWR-1",1,-19.8918666666667,"31","42"
"882",2019-08-05,"EWT-1",1,-93.0436666666667,"31","42"
"883",2019-08-05,"KET-1",1,14.575,"31","42"
"884",2019-08-05,"KFR-XE1S",1,-58.3,"31","42"
"885",2019-08-05,"KHT-XD3S",0,-81.42,"31","42"
"886",2019-08-05,"LET-1",1,-64.075,"31","42"
"887",2019-08-05,"LHT-1",1,-70.8583333333333,"31","42"
"888",2019-08-05,"LWT-1",1,-63.0583333333333,"31","42"
"889",2019-08-06,"KET-1",1,14.475,"32","42"
"890",2019-08-06,"KFR-XE1S",1,-57.5,"32","42"
"891",2019-08-07,NA,NA,NA,"32","42"
"892",2019-08-08,NA,NA,NA,"32","42"
"893",2019-08-09,NA,NA,NA,"32","42"
"894",2019-08-10,NA,NA,NA,"32","42"
"895",2019-08-11,NA,NA,NA,"32","42"
"896",2019-08-12,NA,NA,NA,"32","42"
"897",2019-08-13,NA,NA,NA,"33","42"
"898",2019-08-14,NA,NA,NA,"33","42"
"899",2019-08-15,NA,NA,NA,"33","42"
"900",2019-08-16,NA,NA,NA,"33","42"
"901",2019-08-17,NA,NA,NA,"33","42"
"902",2019-08-18,NA,NA,NA,"33","42"
"903",2019-08-19,NA,NA,NA,"33","42"
"904",2019-08-20,"EEF-1",1,-39.4736666666667,"34","43"
"905",2019-08-20,"EER-1",1,-39.41802,"34","43"
"906",2019-08-20,"EET-1",0,-88.6803125,"34","43"
"907",2019-08-20,"EFF-XA2N",1,-28.9586666666667,"34","43"
"908",2019-08-20,"EFF-XB7S",1,-5.60666666666667,"34","43"
"909",2019-08-20,"EFR-XB2S",0,-19.39,"34","43"
"910",2019-08-20,"EHF-XA3S",0,-67.1441025633333,"34","43"
"911",2019-08-20,"EHR-1",1,-62.7947069590476,"34","43"
"912",2019-08-20,"EHT-XB4S",0,-44.2,"34","43"
"913",2019-08-20,"EWR-1",1,-21.5652,"34","43"
"914",2019-08-20,"EWT-1",0,-93.387,"34","43"
"915",2019-08-20,"KER-1",1,-24.69,"34","43"
"916",2019-08-20,"KER-XE3S",1,NA,"34","43"
"917",2019-08-20,"KET-1",1,10.835,"34","43"
"918",2019-08-20,"KFF-XD6S",0,-97.4333333333333,"34","43"
"919",2019-08-20,"KFR-XE1S",1,-62.5066666666667,"34","43"
"920",2019-08-20,"KFR-XE2S",1,-8.22583333333334,"34","43"
"921",2019-08-20,"KHT-XE4S",1,-62.8766666666667,"34","43"
"922",2019-08-20,"KHT-XE6S",0,-102.376666666667,"34","43"
"923",2019-08-20,"KWF-1",1,-70.4233333333333,"34","43"
"924",2019-08-20,"KWR-1",1,-28.5733333333333,"34","43"
"925",2019-08-20,"KWR-XE1N",1,-43.5566666666667,"34","43"
"926",2019-08-20,"KWT-1",1,-69.3233333333333,"34","43"
"927",2019-08-20,"LET-1",1,-78.515,"34","43"
"928",2019-08-20,"LHT-1",1,-83.865,"34","43"
"929",2019-08-20,"LWT-1",1,-73.8316666666667,"34","43"
"930",2019-08-21,NA,NA,NA,"34","43"
"931",2019-08-22,NA,NA,NA,"34","43"
"932",2019-08-23,NA,NA,NA,"34","43"
"933",2019-08-24,NA,NA,NA,"34","43"
"934",2019-08-25,NA,NA,NA,"34","43"
"935",2019-08-26,NA,NA,NA,"34","43"
"936",2019-08-27,NA,NA,NA,"35","43"
"937",2019-08-28,NA,NA,NA,"35","43"
"938",2019-08-29,NA,NA,NA,"35","43"
"939",2019-08-30,NA,NA,NA,"35","43"
"940",2019-08-31,NA,NA,NA,"35","43"
"941",2019-09-01,NA,NA,NA,"35","43"
"942",2019-09-02,"KEF-1",1,-9.45666666666667,"35","44"
"943",2019-09-02,"KER-1",1,-42.49,"35","44"
"944",2019-09-02,"KER-XD5N",1,-42.0983333333333,"35","44"
"945",2019-09-02,"KER-XE3S",1,NA,"35","44"
"946",2019-09-02,"KET-1",1,7.40166666666667,"35","44"
"947",2019-09-02,"KFR-XE1S",1,-63.04,"35","44"
"948",2019-09-02,"KFR-XE2S",1,-7.95916666666667,"35","44"
"949",2019-09-02,"KHR-XD1N",1,-47.0233333333333,"35","44"
"950",2019-09-02,"KHT-XE4S",1,-62.01,"35","44"
"951",2019-09-02,"KHT-XE5S",1,-90.8991666666667,"35","44"
"952",2019-09-02,"KHT-XE6S",0,-102.376666666667,"35","44"
"953",2019-09-02,"KRH-XD1S",1,-51.34,"35","44"
"954",2019-09-02,"KWF-1",1,-73.59,"35","44"
"955",2019-09-02,"KWR-1",1,-30.24,"35","44"
"956",2019-09-02,"KWR-XE1N",1,-44.79,"35","44"
"957",2019-09-02,"KWT-1",1,-77.3566666666667,"35","44"
"958",2019-09-03,"EEF-1",1,-20.007,"36","44"
"959",2019-09-03,"EER-1",1,-39.2513533333333,"36","44"
"960",2019-09-03,"EFF-XA2N",1,-28.992,"36","44"
"961",2019-09-03,"EFF-XB7S",1,-5.10666666666667,"36","44"
"962",2019-09-03,"EFR-XB3N",1,-34.19,"36","44"
"963",2019-09-03,"EHR-1",1,-62.6613736257143,"36","44"
"964",2019-09-03,"EHT-XA5S",0,-106.940232312667,"36","44"
"965",2019-09-03,"EWR-1",1,-21.4652,"36","44"
"966",2019-09-03,"EWR-XB4N",1,-36.19,"36","44"
"967",2019-09-03,"KHR-XD2N",1,17.3925,"36","44"
"968",2019-09-03,"LET-1",1,-87.1483333333333,"36","44"
"969",2019-09-03,"LHT-1",1,-88.265,"36","44"
"970",2019-09-03,"LWT-1",1,-79.1983333333333,"36","44"
"971",2019-09-04,"KHR-XD2N",1,17.5925,"36","44"
"972",2019-09-05,"KHR-XD2N",1,17.3925,"36","44"
"973",2019-09-06,NA,NA,NA,"36","44"
"974",2019-09-07,NA,NA,NA,"36","44"
"975",2019-09-08,NA,NA,NA,"36","44"
"976",2019-09-09,NA,NA,NA,"36","44"
"977",2019-09-10,NA,NA,NA,"37","44"
"978",2019-09-11,NA,NA,NA,"37","44"
"979",2019-09-12,NA,NA,NA,"37","44"
"980",2019-09-13,NA,NA,NA,"37","44"
"981",2019-09-14,NA,NA,NA,"37","44"
"982",2019-09-15,NA,NA,NA,"37","44"
"983",2019-09-16,NA,NA,NA,"37","44"
"984",2019-09-17,NA,NA,NA,"38","45"
"985",2019-09-18,NA,NA,NA,"38","45"
"986",2019-09-19,NA,NA,NA,"38","45"
"987",2019-09-20,NA,NA,NA,"38","45"
"988",2019-09-21,"EEF-1",1,-1.707,"38","45"
"989",2019-09-21,"EER-1",1,-25.0846866666667,"38","45"
"990",2019-09-21,"EET-1",0,-88.6803125,"38","45"
"991",2019-09-21,"EFF-XA2N",1,-14.4586666666667,"38","45"
"992",2019-09-21,"EFF-XB7S",1,-3.27333333333333,"38","45"
"993",2019-09-21,"EHF-XA3S",1,-22.4674358966667,"38","45"
"994",2019-09-21,"EHR-1",1,-50.328040292381,"38","45"
"995",2019-09-21,"EHT-XA5S",0,-106.940232312667,"38","45"
"996",2019-09-21,"EWF-XA2S",0,-52.7855,"38","45"
"997",2019-09-21,"EWR-1",1,-18.2318666666667,"38","45"
"998",2019-09-21,"EWT-1",1,-73.7836666666667,"38","45"
"999",2019-09-21,"KER-1",1,-26.0566666666667,"38","45"
"1000",2019-09-21,"KFF-XE8S",0,-50.3845833333333,"38","45"
"1001",2019-09-21,"KFR-XE1S",1,-60.0733333333333,"38","45"
"1002",2019-09-21,"KFR-XE2S",1,-7.92583333333334,"38","45"
"1003",2019-09-21,"KHT-XD6N",0,-95.3550000166667,"38","45"
"1004",2019-09-21,"KHT-XE4S",1,-41.7433333333333,"38","45"
"1005",2019-09-21,"KHT-XE6S",0,-102.376666666667,"38","45"
"1006",2019-09-21,"KWF-1",1,-45.0233333333333,"38","45"
"1007",2019-09-21,"KWR-1",1,-29.5066666666667,"38","45"
"1008",2019-09-21,"KWR-XE1N",1,-44.2233333333334,"38","45"
"1009",2019-09-21,"LET-1",1,-62.015,"38","45"
"1010",2019-09-21,"LHT-1",0,-103.765,"38","45"
"1011",2019-09-21,"LWT-1",1,-56.3316666666667,"38","45"
"1012",2019-09-22,NA,NA,NA,"38","45"
"1013",2019-09-23,NA,NA,NA,"38","45"
"1014",2019-09-24,NA,NA,NA,"39","45"
"1015",2019-09-25,NA,NA,NA,"39","45"
"1016",2019-09-26,NA,NA,NA,"39","45"
"1017",2019-09-27,NA,NA,NA,"39","45"
"1018",2019-09-28,NA,NA,NA,"39","45"
"1019",2019-09-29,NA,NA,NA,"39","45"
"1020",2019-09-30,NA,NA,NA,"39","45"
"1021",2019-10-01,NA,NA,NA,"40","46"
"1022",2019-10-02,NA,NA,NA,"40","46"
"1023",2019-10-03,NA,NA,NA,"40","46"
"1024",2019-10-04,NA,NA,NA,"40","46"
"1025",2019-10-05,"EEF-1",1,-3.24033333333333,"40","46"
"1026",2019-10-05,"EER-1",1,-23.91802,"40","46"
"1027",2019-10-05,"EFF-XA2N",1,-82.9586666666667,"40","46"
"1028",2019-10-05,"EFF-XB7S",1,-3.44,"40","46"
"1029",2019-10-05,"EHF-XA3S",1,-18.5341025633333,"40","46"
"1030",2019-10-05,"EHR-1",1,-41.8947069590476,"40","46"
"1031",2019-10-05,"EHT-XA5S",0,-106.940232312667,"40","46"
"1032",2019-10-05,"EWF-XA2S",1,-44.2921666666667,"40","46"
"1033",2019-10-05,"EWR-1",1,-16.1985333333333,"40","46"
"1034",2019-10-05,"EWT-1",1,-59.617,"40","46"
"1035",2019-10-05,"KER-1",1,-19.1566666666667,"40","46"
"1036",2019-10-05,"KER-XE3S",1,NA,"40","46"
"1037",2019-10-05,"KFR-XE1S",1,-57.6733333333333,"40","46"
"1038",2019-10-05,"KFR-XE2S",1,-7.82583333333333,"40","46"
"1039",2019-10-05,"KHF-1",1,-43.54,"40","46"
"1040",2019-10-05,"KHT-XE4S",1,-34.3766666666667,"40","46"
"1041",2019-10-05,"KHT-XE6S",0,-102.376666666667,"40","46"
"1042",2019-10-05,"KWF-1",1,-28.19,"40","46"
"1043",2019-10-05,"KWR-1",1,-28.94,"40","46"
"1044",2019-10-05,"KWR-XE1N",1,-44.4566666666667,"40","46"
"1045",2019-10-05,"LET-1",1,-49.5483333333333,"40","46"
"1046",2019-10-05,"LHT-1",1,-41.2816666666667,"40","46"
"1047",2019-10-05,"LWT-1",1,-49.7983333333333,"40","46"
"1048",2019-10-06,NA,NA,NA,"40","46"
"1049",2019-10-07,NA,NA,NA,"40","46"
"1050",2019-10-08,NA,NA,NA,"41","46"
"1051",2019-10-09,NA,NA,NA,"41","46"
"1052",2019-10-10,NA,NA,NA,"41","46"
"1053",2019-10-11,NA,NA,NA,"41","46"
"1054",2019-10-12,NA,NA,NA,"41","46"
"1055",2019-10-13,NA,NA,NA,"41","46"
"1056",2019-10-14,NA,NA,NA,"41","46"
"1057",2019-10-15,NA,NA,NA,"42","47"
"1058",2019-10-16,NA,NA,NA,"42","47"
"1059",2019-10-17,NA,NA,NA,"42","47"
"1060",2019-10-18,NA,NA,NA,"42","47"
"1061",2019-10-19,"LET-1",1,-41.3483333333333,"42","47"
"1062",2019-10-19,"LHT-1",1,-92.1983333333333,"42","47"
"1063",2019-10-19,"LWT-1",1,-47.2316666666667,"42","47"
"1064",2019-10-20,"EEF-1",1,-5.007,"42","47"
"1065",2019-10-20,"EER-1",1,-22.41802,"42","47"
"1066",2019-10-20,"EET-1",1,-84.0336458333333,"42","47"
"1067",2019-10-20,"EFF-XA2N",1,-8.12533333333334,"42","47"
"1068",2019-10-20,"EFF-XB7S",1,-3.44,"42","47"
"1069",2019-10-20,"EFR-XB1S",1,-45.594,"42","47"
"1070",2019-10-20,"EFR-XB2N",1,-15.94,"42","47"
"1071",2019-10-20,"EFR-XB2S",0,-19.39,"42","47"
"1072",2019-10-20,"EFR-XB3N",1,-21.5566666666667,"42","47"
"1073",2019-10-20,"EFR-XB3S",1,-50.34,"42","47"
"1074",2019-10-20,"EHF-XA3S",1,-13.40076923,"42","47"
"1075",2019-10-20,"EHR-1",1,-39.9280402923809,"42","47"
"1076",2019-10-20,"EHR-XB1N",1,-46.8733333333333,"42","47"
"1077",2019-10-20,"EHT-XA5S",1,-42.852454546,"42","47"
"1078",2019-10-20,"EHT-XB4S",1,-24.79,"42","47"
"1079",2019-10-20,"EWR-1",1,-13.5652,"42","47"
"1080",2019-10-20,"EWR-XB4N",1,-25.59,"42","47"
"1081",2019-10-20,"EWT-1",1,-53.4836666666667,"42","47"
"1082",2019-10-20,"KEF-1",1,-6.62333333333334,"42","47"
"1083",2019-10-20,"KER-1",1,-17.1566666666667,"42","47"
"1084",2019-10-20,"KER-XD5N",1,-11.8316666666667,"42","47"
"1085",2019-10-20,"KER-XE3S",1,NA,"42","47"
"1086",2019-10-20,"KET-1",1,3.50166666666667,"42","47"
"1087",2019-10-20,"KFR-XE1S",1,-57.44,"42","47"
"1088",2019-10-20,"KFR-XE2S",1,-7.82583333333333,"42","47"
"1089",2019-10-20,"KHF-1",1,-36.2733333333333,"42","47"
"1090",2019-10-20,"KHR-XD1N",1,-46.59,"42","47"
"1091",2019-10-20,"KHT-XE4S",1,-30.81,"42","47"
"1092",2019-10-20,"KHT-XE5S",1,-70.1325,"42","47"
"1093",2019-10-20,"KRH-XD1S",1,-49.44,"42","47"
"1094",2019-10-20,"KWF-1",1,-21.79,"42","47"
"1095",2019-10-20,"KWR-1",1,-30.14,"42","47"
"1096",2019-10-20,"KWR-XE1N",1,-45.3566666666667,"42","47"
"1097",2019-10-20,"KWT-1",1,-9.12333333333333,"42","47"
"1098",2019-10-20,"LHT-1",1,-19.7316666666667,"42","47"
"1099",2019-10-21,"EWF-XA2S",1,-34.4255,"42","47"
