,DT,baro LEVEL,Date,Time,ms,TEMPERATURE,logger LEVEL,Compensated Level
0,2019-10-03 10:40:00,8.147991082399999,10/3/19,10:40:00 AM,0,8.986,9.0566,0.9086089176000005
1,2019-10-03 10:50:00,8.1462983472,10/3/19,10:50:00 AM,0,8.973,9.055,0.9087016527999996
2,2019-10-03 11:00:00,8.1467674184,10/3/19,11:00:00 AM,0,8.972,9.055,0.9082325816000001
3,2019-10-03 11:10:00,8.147246686799999,10/3/19,11:10:00 AM,0,8.975,9.0532,0.9059533132000013
4,2019-10-03 11:20:00,8.1474302364,10/3/19,11:20:00 AM,0,8.969,9.0518,0.9043697636000001
5,2019-10-03 11:30:00,8.1465532772,10/3/19,11:30:00 AM,0,8.966,9.0511,0.9045467227999993
6,2019-10-03 11:40:00,8.145788487199999,10/3/19,11:40:00 AM,0,8.97,9.0495,0.9037115128000011
7,2019-10-03 11:50:00,8.144340484799999,10/3/19,11:50:00 AM,0,8.973,9.0478,0.9034595152000016
8,2019-10-03 12:00:00,8.145084880399999,10/3/19,12:00:00 PM,0,8.969,9.0464,0.9013151196000013
9,2019-10-03 12:10:00,8.144789161599999,10/3/19,12:10:00 PM,0,8.962,9.0451,0.9003108384000011
10,2019-10-03 12:20:00,8.1416076352,10/3/19,12:20:00 PM,0,8.958,9.045,0.9033923648000002
11,2019-10-03 12:30:00,8.139598786799999,10/3/19,12:30:00 PM,0,8.959,9.0448,0.9052012132000016
12,2019-10-03 12:40:00,8.1417198044,10/3/19,12:40:00 PM,0,8.962,9.0435,0.9017801956000007
13,2019-10-03 12:50:00,8.144819753199998,10/3/19,12:50:00 PM,0,8.963,9.0426,0.8977802468000018
14,2019-10-03 13:00:00,8.143249384399999,10/3/19,1:00:00 PM,0,8.963,9.0414,0.8981506156000005
15,2019-10-03 13:10:00,8.142209269999999,10/3/19,1:10:00 PM,0,8.959,9.0401,0.8978907300000021
16,2019-10-03 13:20:00,8.140689887199999,10/3/19,1:20:00 PM,0,8.955,9.0387,0.8980101128000015
17,2019-10-03 13:30:00,8.1375083608,10/3/19,1:30:00 PM,0,8.952,9.0371,0.8995916392000005
18,2019-10-03 13:40:00,8.139048138,10/3/19,1:40:00 PM,0,8.951,9.0358,0.8967518620000003
19,2019-10-03 13:50:00,8.1372432336,10/3/19,1:50:00 PM,0,8.95,9.0341,0.8968567664000009
20,2019-10-03 14:00:00,8.13965997,10/3/19,2:00:00 PM,0,8.951,9.0331,0.8934400299999989
21,2019-10-03 14:10:00,8.1389563632,10/3/19,2:10:00 PM,0,8.952,9.0323,0.8933436367999992
22,2019-10-03 14:20:00,8.1368455428,10/3/19,2:20:00 PM,0,8.954,9.0312,0.8943544572000004
23,2019-10-03 14:30:00,8.136743570799998,10/3/19,2:30:00 PM,0,8.955,9.0296,0.8928564292000019
24,2019-10-03 14:40:00,8.1358564144,10/3/19,2:40:00 PM,0,8.955,9.0294,0.8935435856000016
25,2019-10-03 14:50:00,8.1354179348,10/3/19,2:50:00 PM,0,8.954,9.0291,0.8936820652000002
26,2019-10-03 15:00:00,8.1388339968,10/3/19,3:00:00 PM,0,8.953,9.0291,0.8902660031999989
27,2019-10-03 15:10:00,8.1401494356,10/3/19,3:10:00 PM,0,8.95,9.0294,0.889250564400001
28,2019-10-03 15:20:00,8.140373773999999,10/3/19,3:20:00 PM,0,8.948,9.0288,0.8884262260000018
29,2019-10-03 15:30:00,8.139231687599999,10/3/19,3:30:00 PM,0,8.946,9.0289,0.8896683124000013
30,2019-10-03 15:40:00,8.140628704,10/3/19,3:40:00 PM,0,8.944,9.0294,0.8887712960000016
31,2019-10-03 15:50:00,8.138946166,10/3/19,3:50:00 PM,0,8.943,9.0278,0.888853833999999
32,2019-10-03 16:00:00,8.140281999199999,10/3/19,4:00:00 PM,0,8.942,9.0285,0.8882180008000002
33,2019-10-03 16:10:00,8.1418727624,10/3/19,4:10:00 PM,0,8.942,9.0289,0.8870272375999999
34,2019-10-03 16:20:00,8.142678341199998,10/3/19,4:20:00 PM,0,8.941,9.0293,0.8866216588000011
35,2019-10-03 16:30:00,8.1418421708,10/3/19,4:30:00 PM,0,8.941,9.0284,0.8865578291999991
36,2019-10-03 16:40:00,8.14195434,10/3/19,4:40:00 PM,0,8.941,9.0288,0.8868456600000005
37,2019-10-03 16:50:00,8.143330962,10/3/19,4:50:00 PM,0,8.941,9.0298,0.8864690379999995
38,2019-10-03 17:00:00,8.142168481199999,10/3/19,5:00:00 PM,0,8.941,9.0298,0.887631518800001
39,2019-10-03 17:10:00,8.142474397199999,10/3/19,5:10:00 PM,0,8.942,9.0301,0.8876256028
40,2019-10-03 17:20:00,8.142260256,10/3/19,5:20:00 PM,0,8.943,9.0302,0.8879397440000005
41,2019-10-03 17:30:00,8.1422704532,10/3/19,5:30:00 PM,0,8.944,9.0308,0.8885295467999992
42,2019-10-03 17:40:00,8.141597438,10/3/19,5:40:00 PM,0,8.944,9.0315,0.8899025619999996
43,2019-10-03 17:50:00,8.1412099444,10/3/19,5:50:00 PM,0,8.944,9.0312,0.8899900556000002
44,2019-10-03 18:00:00,8.1409550144,10/3/19,6:00:00 PM,0,8.944,9.0319,0.8909449856000009
45,2019-10-03 18:10:00,8.1411283668,10/3/19,6:10:00 PM,0,8.942,9.0322,0.8910716331999993
46,2019-10-03 18:20:00,8.1401902244,10/3/19,6:20:00 PM,0,8.94,9.032,0.8918097756000005
47,2019-10-03 18:30:00,8.1400882524,10/3/19,6:30:00 PM,0,8.937,9.0323,0.8922117475999993
48,2019-10-03 18:40:00,8.1400576608,10/3/19,6:40:00 PM,0,8.934,9.0328,0.8927423391999998
49,2019-10-03 18:50:00,8.1405471264,10/3/19,6:50:00 PM,0,8.933,9.0336,0.8930528736000003
50,2019-10-03 19:00:00,8.1402310132,10/3/19,7:00:00 PM,0,8.933,9.0341,0.8938689868000012
51,2019-10-03 19:10:00,8.1409040284,10/3/19,7:10:00 PM,0,8.938,9.0354,0.8944959715999996
52,2019-10-03 19:20:00,8.141648424,10/3/19,7:20:00 PM,0,8.939,9.0371,0.895451576000001
53,2019-10-03 19:30:00,8.1419135512,10/3/19,7:30:00 PM,0,8.933,9.0379,0.8959864488000004
54,2019-10-03 19:40:00,8.142331636399998,10/3/19,7:40:00 PM,0,8.93,9.039,0.8966683636000017
55,2019-10-03 19:50:00,8.142127692399999,10/3/19,7:50:00 PM,0,8.929,9.0398,0.8976723076000006
56,2019-10-03 20:00:00,8.1438204276,10/3/19,8:00:00 PM,0,8.935,9.041,0.8971795724000007
57,2019-10-03 20:10:00,8.1440651604,10/3/19,8:10:00 PM,0,8.935,9.0419,0.8978348395999998
58,2019-10-03 20:20:00,8.145258232799998,10/3/19,8:20:00 PM,0,8.929,9.0425,0.8972417672000024
59,2019-10-03 20:30:00,8.146665446399998,10/3/19,8:30:00 PM,0,8.925,9.0445,0.897834553600001
60,2019-10-03 20:40:00,8.147664771999999,10/3/19,8:40:00 PM,0,8.927,9.0461,0.8984352280000003
61,2019-10-03 20:50:00,8.1485213368,10/3/19,8:50:00 PM,0,8.933,9.0475,0.8989786631999994
62,2019-10-03 21:00:00,8.147705560799999,10/3/19,9:00:00 PM,0,8.93,9.0478,0.9000944392000019
63,2019-10-03 21:10:00,8.1486742948,10/3/19,9:10:00 PM,0,8.924,9.0485,0.8998257052000014
64,2019-10-03 21:20:00,8.1479298992,10/3/19,9:20:00 PM,0,8.921,9.0491,0.9011701007999999
65,2019-10-03 21:30:00,8.1470733344,10/3/19,9:30:00 PM,0,8.923,9.0498,0.9027266655999995
66,2019-10-03 21:40:00,8.1485111396,10/3/19,9:40:00 PM,0,8.928,9.0501,0.9015888604000004
67,2019-10-03 21:50:00,8.1482562096,10/3/19,9:50:00 PM,0,8.925,9.0509,0.9026437904000009
68,2019-10-03 22:00:00,8.148144040399998,10/3/19,10:00:00 PM,0,8.919,9.0508,0.9026559596000023
69,2019-10-03 22:10:00,8.1495614512,10/3/19,10:10:00 PM,0,8.916,9.0515,0.9019385488000005
70,2019-10-03 22:20:00,8.149897958799999,10/3/19,10:20:00 PM,0,8.914,9.0523,0.902402041200002
71,2019-10-03 22:30:00,8.1502956496,10/3/19,10:30:00 PM,0,8.917,9.0525,0.9022043503999999
72,2019-10-03 22:40:00,8.148939422,10/3/19,10:40:00 PM,0,8.92,9.0523,0.9033605780000009
73,2019-10-03 22:50:00,8.1478585188,10/3/19,10:50:00 PM,0,8.919,9.0518,0.9039414812000004
74,2019-10-03 23:00:00,8.1470631372,10/3/19,11:00:00 PM,0,8.915,9.0515,0.9044368628000008
75,2019-10-03 23:10:00,8.1475322084,10/3/19,11:10:00 PM,0,8.911,9.0524,0.904867791600001
76,2019-10-03 23:20:00,8.146930573599999,10/3/19,11:20:00 PM,0,8.907,9.0528,0.9058694264000007
77,2019-10-03 23:30:00,8.145921050799998,10/3/19,11:30:00 PM,0,8.905,9.0529,0.9069789492000009
78,2019-10-03 23:40:00,8.144095752,10/3/19,11:40:00 PM,0,8.903,9.0523,0.9082042480000005
79,2019-10-03 23:50:00,8.143616483599999,10/3/19,11:50:00 PM,0,8.902,9.0521,0.9084835164000005
80,2019-10-04 00:00:00,8.145033894400001,10/4/19,12:00:00 AM,0,8.901,9.0526,0.9075661055999991
81,2019-10-04 00:10:00,8.145105274799999,10/4/19,12:10:00 AM,0,8.9,9.053,0.907894725200002
82,2019-10-04 00:20:00,8.1439325968,10/4/19,12:20:00 AM,0,8.899,9.0529,0.9089674032000001
83,2019-10-04 00:30:00,8.1441161464,10/4/19,12:30:00 AM,0,8.898,9.0536,0.9094838535999994
84,2019-10-04 00:40:00,8.1447687672,10/4/19,12:40:00 AM,0,8.896,9.054,0.9092312327999998
85,2019-10-04 00:50:00,8.143432934,10/4/19,12:50:00 AM,0,8.894,9.0534,0.9099670660000001
86,2019-10-04 01:00:00,8.141587240799998,10/4/19,1:00:00 AM,0,8.893,9.0532,0.9116127592000023
87,2019-10-04 01:10:00,8.1412609304,10/4/19,1:10:00 AM,0,8.89,9.0531,0.9118390696000009
88,2019-10-04 01:20:00,8.1405573236,10/4/19,1:20:00 AM,0,8.889,9.0526,0.9120426764000005
89,2019-10-04 01:30:00,8.1412201416,10/4/19,1:30:00 AM,0,8.887,9.0518,0.9105798584000002
90,2019-10-04 01:40:00,8.1432391872,10/4/19,1:40:00 AM,0,8.885,9.0536,0.9103608127999987
91,2019-10-04 01:50:00,8.1437592444,10/4/19,1:50:00 AM,0,8.884,9.0547,0.9109407556000004
92,2019-10-04 02:00:00,8.145258232799998,10/4/19,2:00:00 AM,0,8.883,9.0561,0.9108417672000026
93,2019-10-04 02:10:00,8.1477769412,10/4/19,2:10:00 AM,0,8.883,9.0576,0.9098230588000007
94,2019-10-04 02:20:00,8.1493677044,10/4/19,2:20:00 AM,0,8.883,9.0589,0.9095322956
95,2019-10-04 02:30:00,8.148480548,10/4/19,2:30:00 AM,0,8.884,9.0589,0.9104194519999993
96,2019-10-04 02:40:00,8.1485417312,10/4/19,2:40:00 AM,0,8.884,9.0593,0.9107582688000004
97,2019-10-04 02:50:00,8.1492045492,10/4/19,2:50:00 AM,0,8.884,9.0597,0.9104954507999992
98,2019-10-04 03:00:00,8.1501528888,10/4/19,3:00:00 AM,0,8.882,9.06,0.9098471112000013
99,2019-10-04 03:10:00,8.1514683276,10/4/19,3:10:00 AM,0,8.879,9.0607,0.9092316724000007
100,2019-10-04 03:20:00,8.1527225832,10/4/19,3:20:00 AM,0,8.875,9.0614,0.9086774168000016
101,2019-10-04 03:30:00,8.1537219088,10/4/19,3:30:00 AM,0,8.87,9.0619,0.9081780911999999
102,2019-10-04 03:40:00,8.153987035999998,10/4/19,3:40:00 AM,0,8.866,9.0622,0.9082129640000023
103,2019-10-04 03:50:00,8.1547212344,10/4/19,3:50:00 AM,0,8.865,9.0629,0.9081787656000007
104,2019-10-04 04:00:00,8.155353460799999,10/4/19,4:00:00 AM,0,8.865,9.0633,0.907946539200001
105,2019-10-04 04:10:00,8.1546702484,10/4/19,4:10:00 AM,0,8.866,9.063,0.9083297516000002
106,2019-10-04 04:20:00,8.1534975704,10/4/19,4:20:00 AM,0,8.868,9.0616,0.9081024295999995
107,2019-10-04 04:30:00,8.1528041608,10/4/19,4:30:00 AM,0,8.868,9.0606,0.9077958392000003
108,2019-10-04 04:40:00,8.153120273999999,10/4/19,4:40:00 AM,0,8.866,9.0614,0.9082797260000017
109,2019-10-04 04:50:00,8.152355484,10/4/19,4:50:00 AM,0,8.861,9.0606,0.9082445160000017
110,2019-10-04 05:00:00,8.152151539999998,10/4/19,5:00:00 AM,0,8.857,9.0609,0.9087484600000018
111,2019-10-04 05:10:00,8.1517028632,10/4/19,5:10:00 AM,0,8.853,9.0607,0.9089971368
112,2019-10-04 05:20:00,8.1543541352,10/4/19,5:20:00 AM,0,8.851,9.0615,0.9071458648000004
113,2019-10-04 05:30:00,8.1586981424,10/4/19,5:30:00 AM,0,8.851,9.0644,0.9057018575999987
114,2019-10-04 05:40:00,8.1605948216,10/4/19,5:40:00 AM,0,8.853,9.0668,0.9062051784000005
115,2019-10-04 05:50:00,8.162848402799998,10/4/19,5:50:00 AM,0,8.855,9.0687,0.9058515972000016
116,2019-10-04 06:00:00,8.1643473912,10/4/19,6:00:00 AM,0,8.855,9.07,0.9056526088000005
117,2019-10-04 06:10:00,8.1650102092,10/4/19,6:10:00 AM,0,8.851,9.0714,0.9063897908000005
118,2019-10-04 06:20:00,8.165346716799998,10/4/19,6:20:00 AM,0,8.844,9.0732,0.9078532832000015
119,2019-10-04 06:30:00,8.166825310799998,10/4/19,6:30:00 AM,0,8.84,9.0746,0.9077746892000018
120,2019-10-04 06:40:00,8.1679673972,10/4/19,6:40:00 AM,0,8.839,9.0758,0.9078326027999992
121,2019-10-04 06:50:00,8.1684976516,10/4/19,6:50:00 AM,0,8.84,9.0771,0.9086023484000005
122,2019-10-04 07:00:00,8.170098611999999,10/4/19,7:00:00 AM,0,8.842,9.0788,0.9087013880000008
123,2019-10-04 07:10:00,8.1713120788,10/4/19,7:10:00 AM,0,8.843,9.0799,0.9085879212000005
124,2019-10-04 07:20:00,8.172321601599998,10/4/19,7:20:00 AM,0,8.842,9.0803,0.9079783984000009
125,2019-10-04 07:30:00,8.1738307872,10/4/19,7:30:00 AM,0,8.836,9.0819,0.9080692127999992
126,2019-10-04 07:40:00,8.174850507199999,10/4/19,7:40:00 AM,0,8.83,9.0825,0.907649492800001
127,2019-10-04 07:50:00,8.175452142,10/4/19,7:50:00 AM,0,8.828,9.0828,0.9073478580000014
128,2019-10-04 08:00:00,8.1770734968,10/4/19,8:00:00 AM,0,8.829,9.0844,0.9073265032000002
129,2019-10-04 08:10:00,8.1779708504,10/4/19,8:10:00 AM,0,8.831,9.0849,0.9069291495999998
130,2019-10-04 08:20:00,8.1804283756,10/4/19,8:20:00 AM,0,8.832,9.0864,0.9059716243999993
131,2019-10-04 08:30:00,8.1811931656,10/4/19,8:30:00 AM,0,8.826,9.0873,0.906106834400001
132,2019-10-04 08:40:00,8.1817132228,10/4/19,8:40:00 AM,0,8.819,9.088,0.9062867772000001
133,2019-10-04 08:50:00,8.1819579556,10/4/19,8:50:00 AM,0,8.817,9.0881,0.906142044400001
134,2019-10-04 09:00:00,8.182794126000001,10/4/19,9:00:00 AM,0,8.82,9.0885,0.9057058739999988
135,2019-10-04 09:10:00,8.1812339544,10/4/19,9:10:00 AM,0,8.822,9.089,0.9077660456000007
136,2019-10-04 09:20:00,8.1829572812,10/4/19,9:20:00 AM,0,8.819,9.0887,0.9057427187999991
137,2019-10-04 09:30:00,8.1843135088,10/4/19,9:30:00 AM,0,8.812,9.089,0.9046864911999997
138,2019-10-04 09:40:00,8.185119087599999,10/4/19,9:40:00 AM,0,8.808,9.0899,0.9047809124000015
139,2019-10-04 09:50:00,8.1819681528,10/4/19,9:50:00 AM,0,8.809,9.0897,0.9077318472000009
140,2019-10-04 10:00:00,8.1842421284,10/4/19,10:00:00 AM,0,8.813,9.0893,0.9050578716000004
141,2019-10-04 10:10:00,8.1849253408,10/4/19,10:10:00 AM,0,8.813,9.0892,0.9042746592000004
142,2019-10-04 10:20:00,8.1853842148,10/4/19,10:20:00 AM,0,8.807,9.0891,0.9037157852000011
143,2019-10-04 10:30:00,8.1856085532,10/4/19,10:30:00 AM,0,8.801,9.089,0.9033914468000006
144,2019-10-04 10:40:00,8.184935538,10/4/19,10:40:00 AM,0,8.801,9.0885,0.9035644620000003
145,2019-10-04 10:50:00,8.1837730572,10/4/19,10:50:00 AM,0,8.803,9.088,0.9042269427999994
146,2019-10-04 11:00:00,8.1844460724,10/4/19,11:00:00 AM,0,8.806,9.0885,0.9040539275999997
147,2019-10-04 11:10:00,8.1859858496,10/4/19,11:10:00 AM,0,8.806,9.0879,0.9019141503999997
148,2019-10-04 11:20:00,8.1863019628,10/4/19,11:20:00 AM,0,8.801,9.0868,0.9004980372000002
149,2019-10-04 11:30:00,8.1853230316,10/4/19,11:30:00 AM,0,8.795,9.0855,0.9001769684000003
150,2019-10-04 11:40:00,8.1848743548,10/4/19,11:40:00 AM,0,8.794,9.0866,0.9017256452000009
151,2019-10-04 11:50:00,8.184762185599999,10/4/19,11:50:00 AM,0,8.795,9.0869,0.9021378144000014
152,2019-10-04 12:00:00,8.1868118228,10/4/19,12:00:00 PM,0,8.798,9.0874,0.9005881772000013
153,2019-10-04 12:10:00,8.1871381332,10/4/19,12:10:00 PM,0,8.799,9.0872,0.9000618667999998
154,2019-10-04 12:20:00,8.1843950864,10/4/19,12:20:00 PM,0,8.798,9.087,0.9026049135999994
155,2019-10-04 12:30:00,8.182131308,10/4/19,12:30:00 PM,0,8.794,9.0863,0.9041686919999989
156,2019-10-04 12:40:00,8.1857105252,10/4/19,12:40:00 PM,0,8.79,9.0859,0.9001894748000012
157,2019-10-04 12:50:00,8.1896568416,10/4/19,12:50:00 PM,0,8.787,9.0854,0.8957431584000002
158,2019-10-04 13:00:00,8.189473292,10/4/19,1:00:00 PM,0,8.787,9.0844,0.8949267079999998
159,2019-10-04 13:10:00,8.187953909199999,10/4/19,1:10:00 PM,0,8.787,9.0834,0.8954460908000001
160,2019-10-04 13:20:00,8.1857105252,10/4/19,1:20:00 PM,0,8.789,9.0814,0.895689474800001
161,2019-10-04 13:30:00,8.181488884399998,10/4/19,1:30:00 PM,0,8.792,9.0792,0.8977111156000017
162,2019-10-04 13:40:00,8.1831816196,10/4/19,1:40:00 PM,0,8.793,9.0774,0.8942183804000017
163,2019-10-04 13:50:00,8.182508604399999,10/4/19,1:50:00 PM,0,8.792,9.0771,0.8945913956000009
164,2019-10-04 14:00:00,8.184384889199999,10/4/19,2:00:00 PM,0,8.789,9.0754,0.8910151108000015
165,2019-10-04 14:10:00,8.183813846,10/4/19,2:10:00 PM,0,8.785,9.0735,0.8896861539999996
166,2019-10-04 14:20:00,8.1831102392,10/4/19,2:20:00 PM,0,8.782,9.0726,0.8894897608000001
167,2019-10-04 14:30:00,8.1834161552,10/4/19,2:30:00 PM,0,8.781,9.0717,0.8882838448000001
168,2019-10-04 14:40:00,8.181733617199999,10/4/19,2:40:00 PM,0,8.78,9.0703,0.8885663828000006
169,2019-10-04 14:50:00,8.179898121199999,10/4/19,2:50:00 PM,0,8.781,9.0687,0.8888018788000007
170,2019-10-04 15:00:00,8.183212211199999,10/4/19,3:00:00 PM,0,8.781,9.0673,0.8840877888000005
171,2019-10-04 15:10:00,8.1837934516,10/4/19,3:10:00 PM,0,8.783,9.0666,0.8828065483999996
172,2019-10-04 15:20:00,8.183946409599999,10/4/19,3:20:00 PM,0,8.784,9.0656,0.8816535904000009
173,2019-10-04 15:30:00,8.181519476,10/4/19,3:30:00 PM,0,8.785,9.0648,0.8832805239999999
174,2019-10-04 15:40:00,8.1833753664,10/4/19,3:40:00 PM,0,8.786,9.0646,0.8812246336000005
175,2019-10-04 15:50:00,8.184884552,10/4/19,3:50:00 PM,0,8.786,9.0652,0.880315448000001
176,2019-10-04 16:00:00,8.186169399199999,10/4/19,4:00:00 PM,0,8.786,9.0655,0.8793306008000012
177,2019-10-04 16:10:00,8.188382191599999,10/4/19,4:10:00 PM,0,8.786,9.0663,0.8779178084000012
178,2019-10-04 16:20:00,8.188779882399999,10/4/19,4:20:00 PM,0,8.785,9.0667,0.8779201176000022
179,2019-10-04 16:30:00,8.189299939599998,10/4/19,4:30:00 PM,0,8.785,9.067,0.8777000604000023
180,2019-10-04 16:40:00,8.189432503199999,10/4/19,4:40:00 PM,0,8.784,9.0672,0.8777674968000007
181,2019-10-04 16:50:00,8.190900899999999,10/4/19,4:50:00 PM,0,8.784,9.0688,0.8778991000000005
182,2019-10-04 17:00:00,8.190890702799999,10/4/19,5:00:00 PM,0,8.784,9.0694,0.8785092972000008
183,2019-10-04 17:10:00,8.1894019116,10/4/19,5:10:00 PM,0,8.783,9.0687,0.8792980884000006
184,2019-10-04 17:20:00,8.1902584764,10/4/19,5:20:00 PM,0,8.783,9.0691,0.8788415236000002
185,2019-10-04 17:30:00,8.1896568416,10/4/19,5:30:00 PM,0,8.781,9.0692,0.8795431584000006
186,2019-10-04 17:40:00,8.190523603599999,10/4/19,5:40:00 PM,0,8.778,9.0694,0.8788763964000008
187,2019-10-04 17:50:00,8.1906357728,10/4/19,5:50:00 PM,0,8.775,9.07,0.8793642272
188,2019-10-04 18:00:00,8.1913801684,10/4/19,6:00:00 PM,0,8.772,9.0705,0.8791198315999988
189,2019-10-04 18:10:00,8.1922163388,10/4/19,6:10:00 PM,0,8.774,9.0712,0.8789836611999995
190,2019-10-04 18:20:00,8.1927465932,10/4/19,6:20:00 PM,0,8.781,9.0717,0.8789534067999991
191,2019-10-04 18:30:00,8.1936439468,10/4/19,6:30:00 PM,0,8.778,9.0729,0.8792560532000007
192,2019-10-04 18:40:00,8.195683386799999,10/4/19,6:40:00 PM,0,8.771,9.0751,0.8794166132000019
193,2019-10-04 18:50:00,8.195815950399998,10/4/19,6:50:00 PM,0,8.771,9.0755,0.8796840496000016
194,2019-10-04 19:00:00,8.196815275999999,10/4/19,7:00:00 PM,0,8.778,9.077,0.8801847240000011
195,2019-10-04 19:10:00,8.196091274799999,10/4/19,7:10:00 PM,0,8.777,9.0774,0.881308725200002
196,2019-10-04 19:20:00,8.198293869999999,10/4/19,7:20:00 PM,0,8.771,9.0793,0.8810061300000012
197,2019-10-04 19:30:00,8.1995991116,10/4/19,7:30:00 PM,0,8.774,9.081,0.8814008884
198,2019-10-04 19:40:00,8.201393818799998,10/4/19,7:40:00 PM,0,8.779,9.083,0.8816061812000022
199,2019-10-04 19:50:00,8.2028010324,10/4/19,7:50:00 PM,0,8.775,9.085,0.8821989676000008
200,2019-10-04 20:00:00,8.204616134,10/4/19,8:00:00 PM,0,8.769,9.0877,0.8830838659999998
201,2019-10-04 20:10:00,8.2050342192,10/4/19,8:10:00 PM,0,8.778,9.0883,0.8832657808000004
202,2019-10-04 20:20:00,8.2060131504,10/4/19,8:20:00 PM,0,8.776,9.0898,0.8837868495999999
203,2019-10-04 20:30:00,8.2077568716,10/4/19,8:30:00 PM,0,8.77,9.0914,0.883643128400001
204,2019-10-04 20:40:00,8.2085012672,10/4/19,8:40:00 PM,0,8.767,9.0931,0.8845987327999989
205,2019-10-04 20:50:00,8.2088377748,10/4/19,8:50:00 PM,0,8.774,9.0939,0.8850622252000004
206,2019-10-04 21:00:00,8.2090213244,10/4/19,9:00:00 PM,0,8.766,9.0946,0.8855786755999997
207,2019-10-04 21:10:00,8.210041044399999,10/4/19,9:10:00 PM,0,8.773,9.0957,0.8856589556000021
208,2019-10-04 21:20:00,8.2095311844,10/4/19,9:20:00 PM,0,8.775,9.0966,0.8870688156000011
209,2019-10-04 21:30:00,8.2099390724,10/4/19,9:30:00 PM,0,8.769,9.0973,0.8873609276000014
210,2019-10-04 21:40:00,8.210224594,10/4/19,9:40:00 PM,0,8.765,9.0977,0.8874754060000001
211,2019-10-04 21:50:00,8.20951079,10/4/19,9:50:00 PM,0,8.77,9.0978,0.8882892099999999
212,2019-10-04 22:00:00,8.209337437599999,10/4/19,10:00:00 PM,0,8.767,9.0978,0.8884625624000009
213,2019-10-04 22:10:00,8.2089397468,10/4/19,10:10:00 PM,0,8.761,9.0974,0.8884602531999999
214,2019-10-04 22:20:00,8.208725605599998,10/4/19,10:20:00 PM,0,8.764,9.0984,0.8896743944000018
215,2019-10-04 22:30:00,8.21053051,10/4/19,10:30:00 PM,0,8.768,9.099,0.8884694900000003
216,2019-10-04 22:40:00,8.2109180036,10/4/19,10:40:00 PM,0,8.764,9.0998,0.8888819964000003
217,2019-10-04 22:50:00,8.2112851028,10/4/19,10:50:00 PM,0,8.757,9.0998,0.8885148972000003
218,2019-10-04 23:00:00,8.2124781752,10/4/19,11:00:00 PM,0,8.764,9.1008,0.8883218248000002
219,2019-10-04 23:10:00,8.2128350772,10/4/19,11:10:00 PM,0,8.765,9.1019,0.8890649228000012
220,2019-10-04 23:20:00,8.2133041484,10/4/19,11:20:00 PM,0,8.762,9.1029,0.8895958515999993
221,2019-10-04 23:30:00,8.2131002044,10/4/19,11:30:00 PM,0,8.757,9.1032,0.8900997955999994
222,2019-10-04 23:40:00,8.212977837999999,10/4/19,11:40:00 PM,0,8.752,9.1033,0.8903221620000021
223,2019-10-04 23:50:00,8.2138853888,10/4/19,11:50:00 PM,0,8.756,9.1042,0.8903146112000009
224,2019-10-05 00:00:00,8.2134163176,10/5/19,12:00:00 AM,0,8.76,9.1034,0.8899836824000005
225,2019-10-05 00:10:00,8.21358967,10/5/19,12:10:00 AM,0,8.753,9.1012,0.8876103300000011
226,2019-10-05 00:20:00,8.2131511904,10/5/19,12:20:00 AM,0,8.749,9.0991,0.8859488096000003
227,2019-10-05 00:30:00,8.212631133199999,10/5/19,12:30:00 AM,0,8.745,9.0968,0.8841688668000014
228,2019-10-05 00:40:00,8.2109791868,10/5/19,12:40:00 AM,0,8.742,9.0937,0.8827208132000006
229,2019-10-05 00:50:00,8.210785439999999,10/5/19,12:50:00 AM,0,8.742,9.0922,0.8814145600000014
230,2019-10-05 01:00:00,8.211519638399999,10/5/19,1:00:00 AM,0,8.742,9.091,0.8794803616000006
231,2019-10-05 01:10:00,8.2113768776,10/5/19,1:10:00 AM,0,8.741,9.0898,0.878423122400001
232,2019-10-05 01:20:00,8.210754848399999,10/5/19,1:20:00 AM,0,8.739,9.0891,0.8783451516000014
233,2019-10-05 01:30:00,8.211101553199999,10/5/19,1:30:00 AM,0,8.737,9.0888,0.877698446800002
234,2019-10-05 01:40:00,8.2109587924,10/5/19,1:40:00 AM,0,8.735,9.0895,0.8785412075999997
235,2019-10-05 01:50:00,8.2109485952,10/5/19,1:50:00 AM,0,8.733,9.0899,0.8789514048000004
236,2019-10-05 02:00:00,8.2112545112,10/5/19,2:00:00 AM,0,8.732,9.0908,0.8795454887999998
237,2019-10-05 02:10:00,8.2115910188,10/5/19,2:10:00 AM,0,8.731,9.0914,0.8798089812000001
238,2019-10-05 02:20:00,8.211111750399999,10/5/19,2:20:00 AM,0,8.731,9.092,0.8808882496000017
239,2019-10-05 02:30:00,8.2115094412,10/5/19,2:30:00 AM,0,8.729,9.093,0.8814905587999995
240,2019-10-05 02:40:00,8.2108772148,10/5/19,2:40:00 AM,0,8.728,9.0938,0.8829227851999999
241,2019-10-05 02:50:00,8.2102041996,10/5/19,2:50:00 AM,0,8.728,9.0944,0.8841958004000006
242,2019-10-05 03:00:00,8.2097453256,10/5/19,3:00:00 AM,0,8.727,9.095,0.8852546744000005
243,2019-10-05 03:10:00,8.208868366399999,10/5/19,3:10:00 AM,0,8.726,9.0951,0.8862316336000013
244,2019-10-05 03:20:00,8.2080627876,10/5/19,3:20:00 AM,0,8.725,9.0951,0.887037212400001
245,2019-10-05 03:30:00,8.2073591808,10/5/19,3:30:00 AM,0,8.724,9.0956,0.8882408192
246,2019-10-05 03:40:00,8.2069920816,10/5/19,3:40:00 AM,0,8.723,9.096,0.8890079184000008
247,2019-10-05 03:50:00,8.2075427304,10/5/19,3:50:00 AM,0,8.722,9.0967,0.8891572696000001
248,2019-10-05 04:00:00,8.2076956884,10/5/19,4:00:00 AM,0,8.72,9.0975,0.8898043116000007
249,2019-10-05 04:10:00,8.207461152799999,10/5/19,4:10:00 AM,0,8.719,9.0977,0.8902388472000009
250,2019-10-05 04:20:00,8.2068391236,10/5/19,4:20:00 AM,0,8.719,9.0976,0.8907608763999999
251,2019-10-05 04:30:00,8.2062272916,10/5/19,4:30:00 AM,0,8.718,9.0981,0.8918727084000011
252,2019-10-05 04:40:00,8.206737151599999,10/5/19,4:40:00 AM,0,8.718,9.0985,0.8917628484000009
253,2019-10-05 04:50:00,8.2069207012,10/5/19,4:50:00 AM,0,8.718,9.0989,0.8919792988000008
254,2019-10-05 05:00:00,8.2072572088,10/5/19,5:00:00 AM,0,8.718,9.0994,0.8921427911999995
255,2019-10-05 05:10:00,8.206665771199999,10/5/19,5:10:00 AM,0,8.718,9.0993,0.8926342288000004
256,2019-10-05 05:20:00,8.2065943908,10/5/19,5:20:00 AM,0,8.718,9.0997,0.8931056092000009
257,2019-10-05 05:30:00,8.205951967199999,10/5/19,5:30:00 AM,0,8.717,9.0999,0.8939480328000009
258,2019-10-05 05:40:00,8.2066249824,10/5/19,5:40:00 AM,0,8.716,9.1006,0.8939750176000008
259,2019-10-05 05:50:00,8.2071450396,10/5/19,5:50:00 AM,0,8.713,9.1017,0.8945549603999989
260,2019-10-05 06:00:00,8.2073081948,10/5/19,6:00:00 AM,0,8.71,9.1027,0.895391805200001
261,2019-10-05 06:10:00,8.2073489836,10/5/19,6:10:00 AM,0,8.706,9.1028,0.8954510164000009
262,2019-10-05 06:20:00,8.2082769288,10/5/19,6:20:00 AM,0,8.702,9.1036,0.8953230712
263,2019-10-05 06:30:00,8.209347634799999,10/5/19,6:30:00 AM,0,8.7,9.1047,0.8953523652000008
264,2019-10-05 06:40:00,8.209704536799999,10/5/19,6:40:00 AM,0,8.698,9.1056,0.8958954632000022
265,2019-10-05 06:50:00,8.209622959199999,10/5/19,6:50:00 AM,0,8.696,9.106,0.8963770408000009
266,2019-10-05 07:00:00,8.2102347912,10/5/19,7:00:00 AM,0,8.696,9.1069,0.8966652088
267,2019-10-05 07:10:00,8.2106528764,10/5/19,7:10:00 AM,0,8.697,9.1073,0.8966471236000011
268,2019-10-05 07:20:00,8.211652201999998,10/5/19,7:20:00 AM,0,8.699,9.1068,0.8951477980000018
269,2019-10-05 07:30:00,8.210887412,10/5/19,7:30:00 AM,0,8.699,9.1037,0.892812588
270,2019-10-05 07:40:00,8.210989384,10/5/19,7:40:00 AM,0,8.697,9.1004,0.889410616000001
271,2019-10-05 07:50:00,8.2117745684,10/5/19,7:50:00 AM,0,8.69,9.0979,0.8861254316
272,2019-10-05 08:00:00,8.2123354144,10/5/19,8:00:00 AM,0,8.683,9.0956,0.8832645855999992
273,2019-10-05 08:10:00,8.2130696128,10/5/19,8:10:00 AM,0,8.679,9.0946,0.8815303871999998
274,2019-10-05 08:20:00,8.2131919792,10/5/19,8:20:00 AM,0,8.68,9.0944,0.8812080208000008
275,2019-10-05 08:30:00,8.213090007199998,10/5/19,8:30:00 AM,0,8.683,9.0935,0.8804099928000024
276,2019-10-05 08:40:00,8.2132225708,10/5/19,8:40:00 AM,0,8.682,9.0933,0.8800774292
277,2019-10-05 08:50:00,8.2117745684,10/5/19,8:50:00 AM,0,8.675,9.0935,0.8817254316000014
278,2019-10-05 09:00:00,8.213018626799999,10/5/19,9:00:00 AM,0,8.67,9.0938,0.8807813732000014
279,2019-10-05 09:10:00,8.211825554399999,10/5/19,9:10:00 AM,0,8.67,9.0948,0.8829744456000004
280,2019-10-05 09:20:00,8.213130796,10/5/19,9:20:00 AM,0,8.673,9.0951,0.8819692040000007
281,2019-10-05 09:30:00,8.213793613999998,10/5/19,9:30:00 AM,0,8.676,9.096,0.8822063860000018
282,2019-10-05 09:40:00,8.213722233599999,10/5/19,9:40:00 AM,0,8.676,9.0964,0.8826777664000005
283,2019-10-05 09:50:00,8.2113666804,10/5/19,9:50:00 AM,0,8.672,9.0979,0.8865333195999998
284,2019-10-05 10:00:00,8.2126413304,10/5/19,10:00:00 AM,0,8.667,9.099,0.8863586695999999
285,2019-10-05 10:10:00,8.214181107599998,10/5/19,10:10:00 AM,0,8.664,9.1004,0.8862188924000023
286,2019-10-05 10:20:00,8.214181107599998,10/5/19,10:20:00 AM,0,8.663,9.1006,0.8864188924000018
287,2019-10-05 10:30:00,8.213008429599999,10/5/19,10:30:00 AM,0,8.663,9.0983,0.8852915704000015
288,2019-10-05 10:40:00,8.212702513599998,10/5/19,10:40:00 AM,0,8.664,9.0952,0.8824974864000019
289,2019-10-05 10:50:00,8.211111750399999,10/5/19,10:50:00 AM,0,8.665,9.0914,0.8802882496000013
290,2019-10-05 11:00:00,8.210938398,10/5/19,11:00:00 AM,0,8.666,9.0885,0.8775616020000001
291,2019-10-05 11:10:00,8.212529161199999,10/5/19,11:10:00 AM,0,8.664,9.0849,0.8723708388000002
292,2019-10-05 11:20:00,8.2119683152,10/5/19,11:20:00 AM,0,8.659,9.0811,0.8691316847999992
293,2019-10-05 11:30:00,8.2114278636,10/5/19,11:30:00 AM,0,8.652,9.0778,0.866372136399999
294,2019-10-05 11:40:00,8.2105101156,10/5/19,11:40:00 AM,0,8.65,9.0739,0.8633898844000001
295,2019-10-05 11:50:00,8.2091640852,10/5/19,11:50:00 AM,0,8.653,9.07,0.8608359148000009
296,2019-10-05 12:00:00,8.2100308472,10/5/19,12:00:00 PM,0,8.654,9.066,0.8559691528000002
297,2019-10-05 12:10:00,8.210326565999999,10/5/19,12:10:00 PM,0,8.65,9.0624,0.8520734340000011
298,2019-10-05 12:20:00,8.2068391236,10/5/19,12:20:00 PM,0,8.644,9.0586,0.8517608764000002
299,2019-10-05 12:30:00,8.2042898236,10/5/19,12:30:00 PM,0,8.642,9.0548,0.8505101764000003
300,2019-10-05 12:40:00,8.205962164399999,10/5/19,12:40:00 PM,0,8.645,9.0514,0.8454378356000003
301,2019-10-05 12:50:00,8.2078486464,10/5/19,12:50:00 PM,0,8.649,9.0486,0.8407513536
302,2019-10-05 13:00:00,8.206726954399999,10/5/19,1:00:00 PM,0,8.648,9.0452,0.8384730456000007
303,2019-10-05 13:10:00,8.2050954024,10/5/19,1:10:00 PM,0,8.642,9.0426,0.8375045976000006
304,2019-10-05 13:20:00,8.2028112296,10/5/19,1:20:00 PM,0,8.639,9.0405,0.8376887703999998
305,2019-10-05 13:30:00,8.201505988,10/5/19,1:30:00 PM,0,8.639,9.0382,0.8366940120000006
306,2019-10-05 13:40:00,8.2025053136,10/5/19,1:40:00 PM,0,8.642,9.0366,0.8340946864000003
307,2019-10-05 13:50:00,8.200883958799999,10/5/19,1:50:00 PM,0,8.645,9.0346,0.8337160412000006
308,2019-10-05 14:00:00,8.204493767599999,10/5/19,2:00:00 PM,0,8.646,9.0337,0.8292062324000007
309,2019-10-05 14:10:00,8.2023421584,10/5/19,2:10:00 PM,0,8.642,9.0317,0.8293578416000003
310,2019-10-05 14:20:00,8.2010981,10/5/19,2:20:00 PM,0,8.638,9.0298,0.8287019000000004
311,2019-10-05 14:30:00,8.2006698176,10/5/19,2:30:00 PM,0,8.636,9.0281,0.8274301824000005
312,2019-10-05 14:40:00,8.198956687999999,10/5/19,2:40:00 PM,0,8.636,9.0265,0.8275433120000013
313,2019-10-05 14:50:00,8.1977738128,10/5/19,2:50:00 PM,0,8.638,9.0249,0.8271261872000011
314,2019-10-05 15:00:00,8.2016793404,10/5/19,3:00:00 PM,0,8.64,9.0247,0.8230206595999991
315,2019-10-05 15:10:00,8.2019954536,10/5/19,3:10:00 PM,0,8.643,9.0239,0.821904546399999
316,2019-10-05 15:20:00,8.2013632272,10/5/19,3:20:00 PM,0,8.644,9.0232,0.8218367727999993
317,2019-10-05 15:30:00,8.200527056799999,10/5/19,3:30:00 PM,0,8.644,9.0228,0.8222729432000015
318,2019-10-05 15:40:00,8.2014346076,10/5/19,3:40:00 PM,0,8.642,9.0226,0.8211653924000011
319,2019-10-05 15:50:00,8.200231338,10/5/19,3:50:00 PM,0,8.64,9.0214,0.8211686619999998
320,2019-10-05 16:00:00,8.2011082972,10/5/19,4:00:00 PM,0,8.638,9.0209,0.8197917027999999
321,2019-10-05 16:10:00,8.2022605808,10/5/19,4:10:00 PM,0,8.636,9.021,0.8187394191999999
322,2019-10-05 16:20:00,8.203494441999998,10/5/19,4:20:00 PM,0,8.635,9.0218,0.8183055580000023
323,2019-10-05 16:30:00,8.204167457199999,10/5/19,4:30:00 PM,0,8.635,9.0224,0.8182325428000006
324,2019-10-05 16:40:00,8.20390233,10/5/19,4:40:00 PM,0,8.635,9.022,0.8180976700000002
325,2019-10-05 16:50:00,8.203881935599998,10/5/19,4:50:00 PM,0,8.635,9.0218,0.8179180644000024
326,2019-10-05 17:00:00,8.2033006952,10/5/19,5:00:00 PM,0,8.635,9.0212,0.817899304800001
327,2019-10-05 17:10:00,8.2039737104,10/5/19,5:10:00 PM,0,8.636,9.0216,0.8176262895999997
328,2019-10-05 17:20:00,8.203290498,10/5/19,5:20:00 PM,0,8.638,9.0216,0.818309502
329,2019-10-05 17:30:00,8.203800357999999,10/5/19,5:30:00 PM,0,8.641,9.0225,0.8186996420000021
330,2019-10-05 17:40:00,8.2042898236,10/5/19,5:40:00 PM,0,8.641,9.0233,0.8190101764000008
331,2019-10-05 17:50:00,8.204718106,10/5/19,5:50:00 PM,0,8.641,9.025,0.8202818940000007
332,2019-10-05 18:00:00,8.205380924,10/5/19,6:00:00 PM,0,8.639,9.0263,0.8209190760000009
333,2019-10-05 18:10:00,8.2066147852,10/5/19,6:10:00 PM,0,8.635,9.0283,0.8216852148000005
334,2019-10-05 18:20:00,8.2071348424,10/5/19,6:20:00 PM,0,8.633,9.0302,0.8230651576000003
335,2019-10-05 18:30:00,8.2077466744,10/5/19,6:30:00 PM,0,8.636,9.0322,0.8244533256000004
336,2019-10-05 18:40:00,8.2086746196,10/5/19,6:40:00 PM,0,8.639,9.0336,0.8249253803999999
337,2019-10-05 18:50:00,8.209235465599999,10/5/19,6:50:00 PM,0,8.634,9.0347,0.8254645344000018
338,2019-10-05 19:00:00,8.2109995812,10/5/19,7:00:00 PM,0,8.634,9.0369,0.8259004187999999
339,2019-10-05 19:10:00,8.2131511904,10/5/19,7:10:00 PM,0,8.637,9.0391,0.8259488095999998
340,2019-10-05 19:20:00,8.214374854399999,10/5/19,7:20:00 PM,0,8.639,9.0409,0.8265251456000016
341,2019-10-05 19:30:00,8.2159656176,10/5/19,7:30:00 PM,0,8.635,9.0426,0.8266343824
342,2019-10-05 19:40:00,8.216760999199998,10/5/19,7:40:00 PM,0,8.638,9.0442,0.8274390008000019
343,2019-10-05 19:50:00,8.2181070296,10/5/19,7:50:00 PM,0,8.636,9.0461,0.8279929703999986
344,2019-10-05 20:00:00,8.218820833599999,10/5/19,8:00:00 PM,0,8.634,9.0471,0.8282791664000015
345,2019-10-05 20:10:00,8.2200852864,10/5/19,8:10:00 PM,0,8.633,9.0488,0.8287147136000002
346,2019-10-05 20:20:00,8.2199425256,10/5/19,8:20:00 PM,0,8.637,9.0498,0.8298574743999989
347,2019-10-05 20:30:00,8.2212681616,10/5/19,8:30:00 PM,0,8.63,9.0509,0.829631838400001
348,2019-10-05 20:40:00,8.2220431488,10/5/19,8:40:00 PM,0,8.632,9.0521,0.8300568512000002
349,2019-10-05 20:50:00,8.2233687848,10/5/19,8:50:00 PM,0,8.636,9.0532,0.8298312152000005
350,2019-10-05 21:00:00,8.223960222399999,10/5/19,9:00:00 PM,0,8.633,9.0544,0.8304397776000005
351,2019-10-05 21:10:00,8.2247658012,10/5/19,9:10:00 PM,0,8.635,9.0552,0.830434198799999
352,2019-10-05 21:20:00,8.225530591199998,10/5/19,9:20:00 PM,0,8.638,9.056,0.8304694088000009
353,2019-10-05 21:30:00,8.2255101968,10/5/19,9:30:00 PM,0,8.636,9.0562,0.8306898032000003
354,2019-10-05 21:40:00,8.2260914372,10/5/19,9:40:00 PM,0,8.631,9.0571,0.831008562800001
355,2019-10-05 21:50:00,8.225734535199999,10/5/19,9:50:00 PM,0,8.633,9.0575,0.8317654648000001
356,2019-10-05 22:00:00,8.226846029999999,10/5/19,10:00:00 PM,0,8.631,9.0582,0.8313539700000003
357,2019-10-05 22:10:00,8.226183212,10/5/19,10:10:00 PM,0,8.628,9.0583,0.8321167879999987
358,2019-10-05 22:20:00,8.2267236636,10/5/19,10:20:00 PM,0,8.633,9.059,0.8322763363999996
359,2019-10-05 22:30:00,8.2274884536,10/5/19,10:30:00 PM,0,8.627,9.0594,0.8319115464000006
360,2019-10-05 22:40:00,8.2286713288,10/5/19,10:40:00 PM,0,8.632,9.0608,0.8321286711999996
361,2019-10-05 22:50:00,8.2293035552,10/5/19,10:50:00 PM,0,8.633,9.0613,0.8319964447999997
362,2019-10-05 23:00:00,8.2291404,10/5/19,11:00:00 PM,0,8.63,9.0612,0.8320595999999991
363,2019-10-05 23:10:00,8.2287529064,10/5/19,11:10:00 PM,0,8.622,9.0613,0.8325470935999988
364,2019-10-05 23:20:00,8.2289976392,10/5/19,11:20:00 PM,0,8.631,9.0617,0.8327023608000008
365,2019-10-05 23:30:00,8.2289772448,10/5/19,11:30:00 PM,0,8.623,9.0613,0.8323227551999999
366,2019-10-05 23:40:00,8.226907213199999,10/5/19,11:40:00 PM,0,8.624,9.0613,0.8343927868000005
367,2019-10-05 23:50:00,8.2273762844,10/5/19,11:50:00 PM,0,8.624,9.0607,0.8333237156000006
368,2019-10-06 00:00:00,8.2272743124,10/6/19,12:00:00 AM,0,8.626,9.0608,0.8335256875999999
369,2019-10-06 00:10:00,8.2265605084,10/6/19,12:10:00 AM,0,8.623,9.0602,0.8336394915999996
370,2019-10-06 00:20:00,8.2260914372,10/6/19,12:20:00 AM,0,8.625,9.0603,0.8342085628000007
371,2019-10-06 00:30:00,8.2269683964,10/6/19,12:30:00 AM,0,8.628,9.0617,0.8347316035999999
372,2019-10-06 00:40:00,8.2271825376,10/6/19,12:40:00 AM,0,8.628,9.0627,0.8355174624000004
373,2019-10-06 00:50:00,8.227019382399998,10/6/19,12:50:00 AM,0,8.621,9.063,0.8359806176000024
374,2019-10-06 01:00:00,8.2263463672,10/6/19,1:00:00 AM,0,8.617,9.0636,0.8372536327999995
375,2019-10-06 01:10:00,8.226642086,10/6/19,1:10:00 AM,0,8.619,9.0639,0.8372579140000003
376,2019-10-06 01:20:00,8.2271621432,10/6/19,1:20:00 AM,0,8.614,9.0648,0.8376378568000007
377,2019-10-06 01:30:00,8.2282022576,10/6/19,1:30:00 AM,0,8.614,9.0656,0.8373977424000003
378,2019-10-06 01:40:00,8.2289976392,10/6/19,1:40:00 AM,0,8.615,9.0668,0.8378023608000014
379,2019-10-06 01:50:00,8.228783498,10/6/19,1:50:00 AM,0,8.616,9.0677,0.838916502
380,2019-10-06 02:00:00,8.229089413999999,10/6/19,2:00:00 AM,0,8.608,9.0684,0.8393105860000016
381,2019-10-06 02:10:00,8.2293647384,10/6/19,2:10:00 AM,0,8.612,9.0691,0.8397352616000013
382,2019-10-06 02:20:00,8.2293137524,10/6/19,2:20:00 AM,0,8.616,9.0697,0.8403862475999997
383,2019-10-06 02:30:00,8.2277331864,10/6/19,2:30:00 AM,0,8.611,9.0689,0.8411668135999992
384,2019-10-06 02:40:00,8.2276923976,10/6/19,2:40:00 AM,0,8.611,9.0688,0.8411076023999993
385,2019-10-06 02:50:00,8.2276516088,10/6/19,2:50:00 AM,0,8.615,9.0691,0.8414483912000001
386,2019-10-06 03:00:00,8.2273456928,10/6/19,3:00:00 AM,0,8.614,9.0692,0.8418543072000002
387,2019-10-06 03:10:00,8.2264483392,10/6/19,3:10:00 AM,0,8.608,9.0691,0.8426516608000014
388,2019-10-06 03:20:00,8.2270805656,10/6/19,3:20:00 AM,0,8.602,9.0692,0.8421194344000007
389,2019-10-06 03:30:00,8.2267236636,10/6/19,3:30:00 AM,0,8.607,9.0693,0.8425763364000005
390,2019-10-06 03:40:00,8.2263667616,10/6/19,3:40:00 AM,0,8.602,9.0691,0.842733238400001
391,2019-10-06 03:50:00,8.2264483392,10/6/19,3:50:00 AM,0,8.602,9.0686,0.8421516608000008
392,2019-10-06 04:00:00,8.2264483392,10/6/19,4:00:00 AM,0,8.599,9.0686,0.8421516608000008
393,2019-10-06 04:10:00,8.226897015999999,10/6/19,4:10:00 AM,0,8.595,9.0683,0.8414029840000019
394,2019-10-06 04:20:00,8.226672677599998,10/6/19,4:20:00 AM,0,8.601,9.0678,0.841127322400002
395,2019-10-06 04:30:00,8.2271213544,10/6/19,4:30:00 AM,0,8.596,9.0678,0.8406786456000006
396,2019-10-06 04:40:00,8.225928281999998,10/6/19,4:40:00 AM,0,8.592,9.0665,0.8405717180000014
397,2019-10-06 04:50:00,8.2259384792,10/6/19,4:50:00 AM,0,8.589,9.0661,0.8401615208000006
398,2019-10-06 05:00:00,8.226631888799998,10/6/19,5:00:00 AM,0,8.593,9.0658,0.8391681112000011
399,2019-10-06 05:10:00,8.227019382399998,10/6/19,5:10:00 AM,0,8.594,9.0659,0.838880617600001
400,2019-10-06 05:20:00,8.2267644524,10/6/19,5:20:00 AM,0,8.589,9.0653,0.8385355476000012
401,2019-10-06 05:30:00,8.2274374676,10/6/19,5:30:00 AM,0,8.582,9.0658,0.8383625323999997
402,2019-10-06 05:40:00,8.2274272704,10/6/19,5:40:00 AM,0,8.583,9.0658,0.8383727295999996
403,2019-10-06 05:50:00,8.2270805656,10/6/19,5:50:00 AM,0,8.587,9.0661,0.8390194344000008
404,2019-10-06 06:00:00,8.227570031199999,10/6/19,6:00:00 AM,0,8.587,9.0661,0.8385299688000014
405,2019-10-06 06:10:00,8.228385807199999,10/6/19,6:10:00 AM,0,8.582,9.0666,0.8382141928000006
406,2019-10-06 06:20:00,8.228936456,10/6/19,6:20:00 AM,0,8.576,9.0668,0.8378635440000011
407,2019-10-06 06:30:00,8.229242371999998,10/6/19,6:30:00 AM,0,8.578,9.0665,0.8372576280000015
408,2019-10-06 06:40:00,8.2299765704,10/6/19,6:40:00 AM,0,8.583,9.0672,0.8372234295999998
409,2019-10-06 06:50:00,8.2307413604,10/6/19,6:50:00 AM,0,8.579,9.0674,0.8366586395999995
410,2019-10-06 07:00:00,8.2308637268,10/6/19,7:00:00 AM,0,8.573,9.0679,0.8370362732000007
411,2019-10-06 07:10:00,8.230873923999999,10/6/19,7:10:00 AM,0,8.57,9.0685,0.8376260760000012
412,2019-10-06 07:20:00,8.231026882,10/6/19,7:20:00 AM,0,8.571,9.0689,0.8378731179999992
413,2019-10-06 07:30:00,8.231587728,10/6/19,7:30:00 AM,0,8.577,9.0698,0.8382122720000016
414,2019-10-06 07:40:00,8.231383783999998,10/6/19,7:40:00 AM,0,8.575,9.0703,0.8389162160000012
415,2019-10-06 07:50:00,8.2308127408,10/6/19,7:50:00 AM,0,8.568,9.0705,0.8396872591999998
416,2019-10-06 08:00:00,8.2310982624,10/6/19,8:00:00 AM,0,8.564,9.0711,0.8400017375999997
417,2019-10-06 08:10:00,8.231261417599999,10/6/19,8:10:00 AM,0,8.568,9.0721,0.8408385824000018
418,2019-10-06 08:20:00,8.2319548272,10/6/19,8:20:00 AM,0,8.571,9.0735,0.8415451728000001
419,2019-10-06 08:30:00,8.2313226008,10/6/19,8:30:00 AM,0,8.567,9.0738,0.8424773991999999
420,2019-10-06 08:40:00,8.230955501599999,10/6/19,8:40:00 AM,0,8.561,9.0738,0.8428444984000016
421,2019-10-06 08:50:00,8.2293851328,10/6/19,8:50:00 AM,0,8.561,9.074,0.8446148672000007
422,2019-10-06 09:00:00,8.230537416399999,10/6/19,9:00:00 AM,0,8.567,9.0745,0.8439625836000015
423,2019-10-06 09:10:00,8.2291404,10/6/19,9:10:00 AM,0,8.564,9.0745,0.8453596000000001
424,2019-10-06 09:20:00,8.2307005716,10/6/19,9:20:00 AM,0,8.557,9.0752,0.8444994284000007
425,2019-10-06 09:30:00,8.230822938,10/6/19,9:30:00 AM,0,8.554,9.0749,0.8440770620000002
426,2019-10-06 09:40:00,8.229803218,10/6/19,9:40:00 AM,0,8.558,9.0753,0.8454967819999997
427,2019-10-06 09:50:00,8.229415724399999,10/6/19,9:50:00 AM,0,8.56,9.0755,0.8460842756000009
428,2019-10-06 10:00:00,8.228987442,10/6/19,10:00:00 AM,0,8.556,9.0764,0.8474125580000003
429,2019-10-06 10:10:00,8.229945978799998,10/6/19,10:10:00 AM,0,8.551,9.0767,0.8467540212000024
430,2019-10-06 10:20:00,8.2302009088,10/6/19,10:20:00 AM,0,8.549,9.0773,0.8470990911999987
431,2019-10-06 10:30:00,8.2282940324,10/6/19,10:30:00 AM,0,8.556,9.0781,0.8498059676
432,2019-10-06 10:40:00,8.2289670476,10/6/19,10:40:00 AM,0,8.554,9.0792,0.8502329524000007
433,2019-10-06 10:50:00,8.227559834,10/6/19,10:50:00 AM,0,8.547,9.0793,0.8517401660000008
434,2019-10-06 11:00:00,8.228039102399999,10/6/19,11:00:00 AM,0,8.546,9.0796,0.8515608976000006
435,2019-10-06 11:10:00,8.2295686824,10/6/19,11:10:00 AM,0,8.553,9.0795,0.8499313175999994
436,2019-10-06 11:20:00,8.2296400628,10/6/19,11:20:00 AM,0,8.55,9.0783,0.8486599372000008
437,2019-10-06 11:30:00,8.2280900884,10/6/19,11:30:00 AM,0,8.545,9.0773,0.8492099115999991
438,2019-10-06 11:40:00,8.226886818799999,10/6/19,11:40:00 AM,0,8.542,9.0762,0.8493131812000012
439,2019-10-06 11:50:00,8.226591099999998,10/6/19,11:50:00 AM,0,8.547,9.0752,0.8486089000000021
440,2019-10-06 12:00:00,8.2272743124,10/6/19,12:00:00 PM,0,8.547,9.0733,0.8460256875999992
441,2019-10-06 12:10:00,8.227661806,10/6/19,12:10:00 PM,0,8.544,9.0721,0.8444381940000003
442,2019-10-06 12:20:00,8.2237664756,10/6/19,12:20:00 PM,0,8.539,9.0701,0.8463335244000003
443,2019-10-06 12:30:00,8.222807938799999,10/6/19,12:30:00 PM,0,8.537,9.0689,0.8460920612000002
444,2019-10-06 12:40:00,8.2240316028,10/6/19,12:40:00 PM,0,8.539,9.0662,0.8421683972
445,2019-10-06 12:50:00,8.2252756612,10/6/19,12:50:00 PM,0,8.544,9.0643,0.8390243387999998
446,2019-10-06 13:00:00,8.2236950952,10/6/19,1:00:00 PM,0,8.544,9.0625,0.8388049047999999
447,2019-10-06 13:10:00,8.2217270356,10/6/19,1:10:00 PM,0,8.539,9.0608,0.8390729643999997
448,2019-10-06 13:20:00,8.2189126084,10/6/19,1:20:00 PM,0,8.536,9.0586,0.8396873916
449,2019-10-06 13:30:00,8.2173932256,10/6/19,1:30:00 PM,0,8.534,9.0559,0.838506774399999
450,2019-10-06 13:40:00,8.2174748032,10/6/19,1:40:00 PM,0,8.535,9.0535,0.8360251967999996
451,2019-10-06 13:50:00,8.214660376,10/6/19,1:50:00 PM,0,8.541,9.0512,0.8365396240000003
452,2019-10-06 14:00:00,8.215843251199999,10/6/19,2:00:00 PM,0,8.54,9.0492,0.8333567488000018
453,2019-10-06 14:10:00,8.214374854399999,10/6/19,2:10:00 PM,0,8.535,9.0464,0.8320251456000012
454,2019-10-06 14:20:00,8.2124883724,10/6/19,2:20:00 PM,0,8.532,9.0446,0.8321116276000016
455,2019-10-06 14:30:00,8.2118969348,10/6/19,2:30:00 PM,0,8.532,9.0423,0.8304030651999987
456,2019-10-06 14:40:00,8.2102551856,10/6/19,2:40:00 PM,0,8.539,9.0411,0.8308448144000007
457,2019-10-06 14:50:00,8.2083585064,10/6/19,2:50:00 PM,0,8.536,9.04,0.8316414935999994
458,2019-10-06 15:00:00,8.2106528764,10/6/19,3:00:00 PM,0,8.529,9.0394,0.8287471236000012
459,2019-10-06 15:10:00,8.212366006,10/6/19,3:10:00 PM,0,8.529,9.039,0.8266339939999998
460,2019-10-06 15:20:00,8.2117133852,10/6/19,3:20:00 PM,0,8.537,9.0393,0.8275866148000013
461,2019-10-06 15:30:00,8.2112341168,10/6/19,3:30:00 PM,0,8.535,9.0395,0.8282658832000003
462,2019-10-06 15:40:00,8.2102857772,10/6/19,3:40:00 PM,0,8.53,9.0386,0.8283142228000013
463,2019-10-06 15:50:00,8.2094801984,10/6/19,3:50:00 PM,0,8.53,9.0377,0.8282198015999995
464,2019-10-06 16:00:00,8.208796986,10/6/19,4:00:00 PM,0,8.536,9.0373,0.8285030140000007
465,2019-10-06 16:10:00,8.2094190152,10/6/19,4:10:00 PM,0,8.531,9.0368,0.8273809847999996
466,2019-10-06 16:20:00,8.209429212399998,10/6/19,4:20:00 PM,0,8.53,9.0367,0.8272707876000016
467,2019-10-06 16:30:00,8.2092864516,10/6/19,4:30:00 PM,0,8.537,9.0373,0.8280135483999995
468,2019-10-06 16:40:00,8.207858843599999,10/6/19,4:40:00 PM,0,8.533,9.0375,0.829641156400001
469,2019-10-06 16:50:00,8.208174956799999,10/6/19,4:50:00 PM,0,8.529,9.0384,0.8302250432000005
470,2019-10-06 17:00:00,8.208521661599999,10/6/19,5:00:00 PM,0,8.536,9.0394,0.8308783384000016
471,2019-10-06 17:10:00,8.208440084,10/6/19,5:10:00 PM,0,8.533,9.0406,0.8321599160000002
472,2019-10-06 17:20:00,8.208144365199999,10/6/19,5:20:00 PM,0,8.53,9.0418,0.8336556348000013
473,2019-10-06 17:30:00,8.2084604784,10/6/19,5:30:00 PM,0,8.536,9.0434,0.8349395216000008
474,2019-10-06 17:40:00,8.208144365199999,10/6/19,5:40:00 PM,0,8.533,9.0446,0.8364556348000018
475,2019-10-06 17:50:00,8.208511464399999,10/6/19,5:50:00 PM,0,8.531,9.0461,0.8375885356000001
476,2019-10-06 18:00:00,8.208562450399999,10/6/19,6:00:00 PM,0,8.538,9.0473,0.8387375496000011
477,2019-10-06 18:10:00,8.208542056,10/6/19,6:10:00 PM,0,8.529,9.0487,0.8401579439999995
478,2019-10-06 18:20:00,8.209775917199998,10/6/19,6:20:00 PM,0,8.537,9.0504,0.8406240828000016
479,2019-10-06 18:30:00,8.2096841424,10/6/19,6:30:00 PM,0,8.538,9.0527,0.8430158575999993
480,2019-10-06 18:40:00,8.210754848399999,10/6/19,6:40:00 PM,0,8.533,9.0541,0.8433451516000012
481,2019-10-06 18:50:00,8.210938398,10/6/19,6:50:00 PM,0,8.533,9.0561,0.845161602000001
482,2019-10-06 19:00:00,8.211601216,10/6/19,7:00:00 PM,0,8.532,9.0578,0.8461987840000003
483,2019-10-06 19:10:00,8.2123354144,10/6/19,7:10:00 PM,0,8.541,9.0599,0.8475645856000007
484,2019-10-06 19:20:00,8.212702513599998,10/6/19,7:20:00 PM,0,8.542,9.0618,0.8490974864000016
485,2019-10-06 19:30:00,8.214007755199999,10/6/19,7:30:00 PM,0,8.535,9.0636,0.8495922448000002
486,2019-10-06 19:40:00,8.215119249999999,10/6/19,7:40:00 PM,0,8.537,9.066,0.8508807500000017
487,2019-10-06 19:50:00,8.2152110248,10/6/19,7:50:00 PM,0,8.533,9.0667,0.8514889752000006
488,2019-10-06 20:00:00,8.216720210399998,10/6/19,8:00:00 PM,0,8.538,9.069,0.8522797896000025
489,2019-10-06 20:10:00,8.2170975068,10/6/19,8:10:00 PM,0,8.535,9.0702,0.8531024931999998
490,2019-10-06 20:20:00,8.2174442116,10/6/19,8:20:00 PM,0,8.537,9.0719,0.8544557883999992
491,2019-10-06 20:30:00,8.217678747199999,10/6/19,8:30:00 PM,0,8.532,9.0731,0.8554212528000011
492,2019-10-06 20:40:00,8.218433339999999,10/6/19,8:40:00 PM,0,8.536,9.0749,0.8564666600000006
493,2019-10-06 20:50:00,8.2190349748,10/6/19,8:50:00 PM,0,8.541,9.0764,0.8573650252
494,2019-10-06 21:00:00,8.2194428628,10/6/19,9:00:00 PM,0,8.533,9.0779,0.8584571372000003
495,2019-10-06 21:10:00,8.2197385816,10/6/19,9:10:00 PM,0,8.535,9.0791,0.8593614184000007
496,2019-10-06 21:20:00,8.2197487788,10/6/19,9:20:00 PM,0,8.53,9.0795,0.8597512211999998
497,2019-10-06 21:30:00,8.2204421884,10/6/19,9:30:00 PM,0,8.535,9.0808,0.8603578116000001
498,2019-10-06 21:40:00,8.2207481044,10/6/19,9:40:00 PM,0,8.536,9.0817,0.8609518955999995
499,2019-10-06 21:50:00,8.221033626,10/6/19,9:50:00 PM,0,8.53,9.0823,0.8612663739999995
500,2019-10-06 22:00:00,8.221472105599998,10/6/19,10:00:00 PM,0,8.528,9.0834,0.8619278944000008
501,2019-10-06 22:10:00,8.2212171756,10/6/19,10:10:00 PM,0,8.533,9.0842,0.8629828243999995
502,2019-10-06 22:20:00,8.2210642176,10/6/19,10:20:00 PM,0,8.525,9.0848,0.8637357823999992
503,2019-10-06 22:30:00,8.219993511599998,10/6/19,10:30:00 PM,0,8.525,9.0851,0.8651064884000021
504,2019-10-06 22:40:00,8.220075089199998,10/6/19,10:40:00 PM,0,8.526,9.086,0.8659249108000022
505,2019-10-06 22:50:00,8.2198303564,10/6/19,10:50:00 PM,0,8.529,9.0869,0.8670696436000007
506,2019-10-06 23:00:00,8.219728384399998,10/6/19,11:00:00 PM,0,8.528,9.0871,0.8673716156000015
507,2019-10-06 23:10:00,8.2194836516,10/6/19,11:10:00 PM,0,8.531,9.0873,0.8678163484000017
508,2019-10-06 23:20:00,8.2189737916,10/6/19,11:20:00 PM,0,8.528,9.0876,0.8686262084000003
509,2019-10-06 23:30:00,8.218902411199998,10/6/19,11:30:00 PM,0,8.527,9.0882,0.8692975888000021
510,2019-10-06 23:40:00,8.2188820168,10/6/19,11:40:00 PM,0,8.535,9.0883,0.8694179832
511,2019-10-06 23:50:00,8.2192389188,10/6/19,11:50:00 PM,0,8.526,9.0885,0.8692610811999995
512,2019-10-07 00:00:00,8.218871819599999,10/7/19,12:00:00 AM,0,8.53,9.0895,0.8706281804000007
513,2019-10-07 00:10:00,8.2187188616,10/7/19,12:10:00 AM,0,8.523,9.0897,0.8709811384000012
514,2019-10-07 00:20:00,8.2176583528,10/7/19,12:20:00 AM,0,8.532,9.0903,0.8726416472
515,2019-10-07 00:30:00,8.218168212799998,10/7/19,12:30:00 AM,0,8.523,9.0911,0.8729317872000024
516,2019-10-07 00:40:00,8.218280382,10/7/19,12:40:00 AM,0,8.528,9.0914,0.8731196180000005
517,2019-10-07 00:50:00,8.218535312,10/7/19,12:50:00 AM,0,8.525,9.0919,0.8733646880000006
518,2019-10-07 01:00:00,8.2179030856,10/7/19,1:00:00 AM,0,8.518,9.091,0.8730969143999996
519,2019-10-07 01:10:00,8.217770521999999,10/7/19,1:10:00 AM,0,8.516,9.0908,0.8730294780000012
520,2019-10-07 01:20:00,8.217678747199999,10/7/19,1:20:00 AM,0,8.516,9.0909,0.8732212528000005
521,2019-10-07 01:30:00,8.2175869724,10/7/19,1:30:00 AM,0,8.523,9.0904,0.8728130276000012
522,2019-10-07 01:40:00,8.216699816,10/7/19,1:40:00 AM,0,8.522,9.09,0.8733001839999996
523,2019-10-07 01:50:00,8.2168731684,10/7/19,1:50:00 AM,0,8.517,9.0899,0.8730268316000007
524,2019-10-07 02:00:00,8.217464605999998,10/7/19,2:00:00 AM,0,8.512,9.091,0.873535394000001
525,2019-10-07 02:10:00,8.2168731684,10/7/19,2:10:00 AM,0,8.518,9.0906,0.8737268316000009
526,2019-10-07 02:20:00,8.21613897,10/7/19,2:20:00 AM,0,8.51,9.0905,0.8743610300000011
527,2019-10-07 02:30:00,8.2156393072,10/7/19,2:30:00 AM,0,8.519,9.0901,0.8744606927999996
528,2019-10-07 02:40:00,8.214538009599998,10/7/19,2:40:00 AM,0,8.522,9.0897,0.8751619904000023
529,2019-10-07 02:50:00,8.2141199244,10/7/19,2:50:00 AM,0,8.516,9.0892,0.8750800755999997
530,2019-10-07 03:00:00,8.2128452744,10/7/19,3:00:00 AM,0,8.51,9.0887,0.8758547256
531,2019-10-07 03:10:00,8.211397272,10/7/19,3:10:00 AM,0,8.506,9.0878,0.8764027280000004
532,2019-10-07 03:20:00,8.210387749199999,10/7/19,3:20:00 AM,0,8.511,9.0876,0.8772122508000013
533,2019-10-07 03:30:00,8.2097249312,10/7/19,3:30:00 AM,0,8.504,9.0879,0.8781750687999992
534,2019-10-07 03:40:00,8.2102347912,10/7/19,3:40:00 AM,0,8.513,9.0884,0.8781652088000005
535,2019-10-07 03:50:00,8.209602564799999,10/7/19,3:50:00 AM,0,8.513,9.0888,0.8791974352000018
536,2019-10-07 04:00:00,8.209704536799999,10/7/19,4:00:00 AM,0,8.509,9.0886,0.878895463200001
537,2019-10-07 04:10:00,8.208725605599998,10/7/19,4:10:00 AM,0,8.508,9.0888,0.8800743944000029
538,2019-10-07 04:20:00,8.207165433999998,10/7/19,4:20:00 AM,0,8.509,9.0883,0.8811345660000018
539,2019-10-07 04:30:00,8.207461152799999,10/7/19,4:30:00 AM,0,8.508,9.0886,0.8811388472000008
540,2019-10-07 04:40:00,8.2073897724,10/7/19,4:40:00 AM,0,8.503,9.0892,0.8818102276000008
541,2019-10-07 04:50:00,8.2069512928,10/7/19,4:50:00 AM,0,8.497,9.0893,0.8823487072000002
542,2019-10-07 05:00:00,8.2072979976,10/7/19,5:00:00 AM,0,8.495,9.0904,0.8831020024000011
543,2019-10-07 05:10:00,8.207032870399999,10/7/19,5:10:00 AM,0,8.5,9.0909,0.8838671296000005
544,2019-10-07 05:20:00,8.2075835192,10/7/19,5:20:00 AM,0,8.493,9.0917,0.8841164807999995
545,2019-10-07 05:30:00,8.2080423932,10/7/19,5:30:00 AM,0,8.496,9.0926,0.8845576067999996
546,2019-10-07 05:40:00,8.2085828448,10/7/19,5:40:00 AM,0,8.493,9.0936,0.8850171551999999
547,2019-10-07 05:50:00,8.2084808728,10/7/19,5:50:00 AM,0,8.493,9.0944,0.8859191272000011
548,2019-10-07 06:00:00,8.2086338308,10/7/19,6:00:00 AM,0,8.49,9.0947,0.8860661691999994
549,2019-10-07 06:10:00,8.208256534399998,10/7/19,6:10:00 AM,0,8.486,9.0951,0.8868434656000019
550,2019-10-07 06:20:00,8.2087867888,10/7/19,6:20:00 AM,0,8.484,9.0958,0.8870132112000011
551,2019-10-07 06:30:00,8.2097453256,10/7/19,6:30:00 AM,0,8.489,9.0968,0.8870546743999999
552,2019-10-07 06:40:00,8.2099900584,10/7/19,6:40:00 AM,0,8.485,9.0971,0.8871099415999986
553,2019-10-07 06:50:00,8.2102653828,10/7/19,6:50:00 AM,0,8.486,9.0985,0.8882346172000002
554,2019-10-07 07:00:00,8.211060764399999,10/7/19,7:00:00 AM,0,8.492,9.0994,0.8883392356000002
555,2019-10-07 07:10:00,8.2111627364,10/7/19,7:10:00 AM,0,8.488,9.0996,0.8884372636000002
556,2019-10-07 07:20:00,8.210836425999998,10/7/19,7:20:00 AM,0,8.484,9.0997,0.8888635740000019
557,2019-10-07 07:30:00,8.210744651199999,10/7/19,7:30:00 AM,0,8.481,9.1001,0.8893553488000006
558,2019-10-07 07:40:00,8.210387749199999,10/7/19,7:40:00 AM,0,8.477,9.0997,0.8893122508000015
559,2019-10-07 07:50:00,8.210387749199999,10/7/19,7:50:00 AM,0,8.474,9.1,0.8896122508000008
560,2019-10-07 08:00:00,8.210683468,10/7/19,8:00:00 AM,0,8.482,9.1006,0.8899165320000009
561,2019-10-07 08:10:00,8.210714059599999,10/7/19,8:10:00 AM,0,8.474,9.1001,0.8893859404000004
562,2019-10-07 08:20:00,8.210836425999998,10/7/19,8:20:00 AM,0,8.479,9.1008,0.8899635740000011
563,2019-10-07 08:30:00,8.211070961599999,10/7/19,8:30:00 AM,0,8.482,9.1009,0.8898290384000003
564,2019-10-07 08:40:00,8.211132144799999,10/7/19,8:40:00 AM,0,8.478,9.1014,0.8902678552000012
565,2019-10-07 08:50:00,8.2109995812,10/7/19,8:50:00 AM,0,8.475,9.1006,0.8896004188000006
566,2019-10-07 09:00:00,8.2108976092,10/7/19,9:00:00 AM,0,8.473,9.1004,0.8895023908000006
567,2019-10-07 09:10:00,8.210785439999999,10/7/19,9:10:00 AM,0,8.472,9.1006,0.8898145600000014
568,2019-10-07 09:20:00,8.2107242568,10/7/19,9:20:00 AM,0,8.47,9.1,0.8892757431999989
569,2019-10-07 09:30:00,8.2102551856,10/7/19,9:30:00 AM,0,8.467,9.099,0.8887448144000007
570,2019-10-07 09:40:00,8.2097249312,10/7/19,9:40:00 AM,0,8.465,9.0982,0.8884750688
571,2019-10-07 09:50:00,8.2090213244,10/7/19,9:50:00 AM,0,8.463,9.0975,0.8884786756
572,2019-10-07 10:00:00,8.2084196896,10/7/19,10:00:00 AM,0,8.462,9.0956,0.8871803103999998
573,2019-10-07 10:10:00,8.2083789008,10/7/19,10:10:00 AM,0,8.461,9.0951,0.8867210992000008
574,2019-10-07 10:20:00,8.20823614,10/7/19,10:20:00 AM,0,8.46,9.0941,0.8858638599999988
575,2019-10-07 10:30:00,8.2071450396,10/7/19,10:30:00 AM,0,8.459,9.0931,0.8859549603999994
576,2019-10-07 10:40:00,8.2072572088,10/7/19,10:40:00 AM,0,8.458,9.0923,0.8850427912000001
577,2019-10-07 10:50:00,8.205380924,10/7/19,10:50:00 AM,0,8.457,9.0912,0.8858190760000006
578,2019-10-07 11:00:00,8.2047588948,10/7/19,11:00:00 AM,0,8.457,9.0895,0.8847411051999998
579,2019-10-07 11:10:00,8.2062170944,10/7/19,11:10:00 AM,0,8.456,9.089,0.8827829056000009
580,2019-10-07 11:20:00,8.2055746708,10/7/19,11:20:00 AM,0,8.454,9.0874,0.8818253291999998
581,2019-10-07 11:30:00,8.2042898236,10/7/19,11:30:00 AM,0,8.453,9.0855,0.8812101763999998
582,2019-10-07 11:40:00,8.2036575972,10/7/19,11:40:00 AM,0,8.451,9.0839,0.8802424028000004
583,2019-10-07 11:50:00,8.204463175999999,10/7/19,11:50:00 AM,0,8.449,9.0829,0.8784368240000013
584,2019-10-07 12:00:00,8.2051565856,10/7/19,12:00:00 PM,0,8.448,9.081,0.8758434144000002
585,2019-10-07 12:10:00,8.2050852052,10/7/19,12:10:00 PM,0,8.447,9.0804,0.8753147947999995
586,2019-10-07 12:20:00,8.2017303264,10/7/19,12:20:00 PM,0,8.447,9.0787,0.8769696735999997
587,2019-10-07 12:30:00,8.1992728012,10/7/19,12:30:00 PM,0,8.446,9.0775,0.8782271988000012
588,2019-10-07 12:40:00,8.2029233988,10/7/19,12:40:00 PM,0,8.446,9.0757,0.8727766012
589,2019-10-07 12:50:00,8.2035148364,10/7/19,12:50:00 PM,0,8.447,9.0737,0.8701851636000004
590,2019-10-07 13:00:00,8.2031681316,10/7/19,1:00:00 PM,0,8.447,9.0694,0.8662318683999999
591,2019-10-07 13:10:00,8.2000171968,10/7/19,1:10:00 PM,0,8.45,9.0671,0.8670828032000006
592,2019-10-07 13:20:00,8.197161980799999,10/7/19,1:20:00 PM,0,8.451,9.0652,0.8680380192000019
593,2019-10-07 13:30:00,8.195642598,10/7/19,1:30:00 PM,0,8.452,9.0639,0.8682574020000011
594,2019-10-07 13:40:00,8.194826822,10/7/19,1:40:00 PM,0,8.45,9.0622,0.8673731780000011
595,2019-10-07 13:50:00,8.1920837752,10/7/19,1:50:00 PM,0,8.445,9.0603,0.8682162247999994
596,2019-10-07 14:00:00,8.1937663132,10/7/19,2:00:00 PM,0,8.441,9.0583,0.8645336867999998
597,2019-10-07 14:10:00,8.1925120576,10/7/19,2:10:00 PM,0,8.444,9.0564,0.8638879423999999
598,2019-10-07 14:20:00,8.1903298568,10/7/19,2:20:00 PM,0,8.444,9.0546,0.8642701432000006
599,2019-10-07 14:30:00,8.1901157156,10/7/19,2:30:00 PM,0,8.442,9.0539,0.8637842844000012
600,2019-10-07 14:40:00,8.1901055184,10/7/19,2:40:00 PM,0,8.451,9.0527,0.8625944816000004
601,2019-10-07 14:50:00,8.1878009512,10/7/19,2:50:00 PM,0,8.451,9.0521,0.8642990487999995
602,2019-10-07 15:00:00,8.190391039999998,10/7/19,3:00:00 PM,0,8.445,9.0513,0.8609089600000015
603,2019-10-07 15:10:00,8.191614704,10/7/19,3:10:00 PM,0,8.44,9.0502,0.8585852960000011
604,2019-10-07 15:20:00,8.191002871999999,10/7/19,3:20:00 PM,0,8.443,9.0498,0.8587971280000009
605,2019-10-07 15:30:00,8.1885249524,10/7/19,3:30:00 PM,0,8.443,9.0486,0.8600750476000005
606,2019-10-07 15:40:00,8.189177573199999,10/7/19,3:40:00 PM,0,8.447,9.0478,0.858622426800002
607,2019-10-07 15:50:00,8.1879335148,10/7/19,3:50:00 PM,0,8.452,9.0466,0.8586664852000006
608,2019-10-07 16:00:00,8.1879029232,10/7/19,4:00:00 PM,0,8.452,9.0459,0.8579970768000003
609,2019-10-07 16:10:00,8.187964106399999,10/7/19,4:10:00 PM,0,8.448,9.0449,0.8569358936000011
610,2019-10-07 16:20:00,8.188402585999999,10/7/19,4:20:00 PM,0,8.445,9.0438,0.8553974140000005
611,2019-10-07 16:30:00,8.186873005999999,10/7/19,4:30:00 PM,0,8.44,9.0433,0.8564269940000013
612,2019-10-07 16:40:00,8.1856085532,10/7/19,4:40:00 PM,0,8.441,9.0426,0.8569914468000004
