,well_id,Date,Time,ms,DT,raw_LEVEL_m,TEMPERATURE,Rate of Change
0,KHF-1,9/29/2018,02:00:00 pm,0,2018-09-29 14:00:00,8.2725,9.546,0.008199999999999897
1,KHF-1,9/29/2018,02:10:00 pm,0,2018-09-29 14:10:00,8.2682,9.464,0.005000000000000071
2,KHF-1,9/29/2018,02:20:00 pm,0,2018-09-29 14:20:00,8.2646,9.414,0.0032999999999999475
3,KHF-1,9/29/2018,02:30:00 pm,0,2018-09-29 14:30:00,8.2639,9.381,0.002200000000000024
4,KHF-1,9/29/2018,02:40:00 pm,0,2018-09-29 14:40:00,8.2621,9.359,0.0015000000000000568
5,KHF-1,9/29/2018,02:50:00 pm,0,2018-09-29 14:50:00,8.2597,9.344,0.0010999999999999233
6,KHF-1,9/29/2018,03:00:00 pm,0,2018-09-29 15:00:00,8.2595,9.333,0.0009000000000000341
7,KHF-1,9/29/2018,03:10:00 pm,0,2018-09-29 15:10:00,8.2585,9.324,0.0006999999999999674
8,KHF-1,9/29/2018,03:20:00 pm,0,2018-09-29 15:20:00,8.2594,9.317,0.0006000000000000227
9,KHF-1,9/29/2018,03:30:00 pm,0,2018-09-29 15:30:00,8.2575,9.311,0.00039999999999995595
10,KHF-1,9/29/2018,03:40:00 pm,0,2018-09-29 15:40:00,8.255,9.307,0.00039999999999995595
11,KHF-1,9/29/2018,03:50:00 pm,0,2018-09-29 15:50:00,8.2529,9.303,0.00030000000000001136
12,KHF-1,9/29/2018,04:00:00 pm,0,2018-09-29 16:00:00,8.2512,9.3,0.00030000000000001136
13,KHF-1,9/29/2018,04:10:00 pm,0,2018-09-29 16:10:00,8.2493,9.297,0.00030000000000001136
14,KHF-1,9/29/2018,04:20:00 pm,0,2018-09-29 16:20:00,8.2482,9.294,0.0002000000000000668
15,KHF-1,9/29/2018,04:30:00 pm,0,2018-09-29 16:30:00,8.2478,9.292,0.0002000000000000668
16,KHF-1,9/29/2018,04:40:00 pm,0,2018-09-29 16:40:00,8.2478,9.29,9.999999999994457e-05
17,KHF-1,9/29/2018,04:50:00 pm,0,2018-09-29 16:50:00,8.2457,9.289,0.00019999999999988915
18,KHF-1,9/29/2018,05:00:00 pm,0,2018-09-29 17:00:00,8.2438,9.287,0.00010000000000012221
19,KHF-1,9/29/2018,05:10:00 pm,0,2018-09-29 17:10:00,8.2429,9.286,0.00019999999999988915
20,KHF-1,9/29/2018,05:20:00 pm,0,2018-09-29 17:20:00,8.2444,9.284,0.00010000000000012221
21,KHF-1,9/29/2018,05:30:00 pm,0,2018-09-29 17:30:00,8.2439,9.283,9.999999999994457e-05
22,KHF-1,9/29/2018,05:40:00 pm,0,2018-09-29 17:40:00,8.2453,9.282,0.0
23,KHF-1,9/29/2018,05:50:00 pm,0,2018-09-29 17:50:00,8.2449,9.282,0.0002000000000000668
24,KHF-1,9/29/2018,06:00:00 pm,0,2018-09-29 18:00:00,8.2446,9.28,9.999999999994457e-05
25,KHF-1,9/29/2018,06:10:00 pm,0,2018-09-29 18:10:00,8.2454,9.279,0.0
26,KHF-1,9/29/2018,06:20:00 pm,0,2018-09-29 18:20:00,8.2467,9.279,9.999999999994457e-05
27,KHF-1,9/29/2018,06:30:00 pm,0,2018-09-29 18:30:00,8.247,9.278,0.00010000000000012221
28,KHF-1,9/29/2018,06:40:00 pm,0,2018-09-29 18:40:00,8.2474,9.277,0.0
29,KHF-1,9/29/2018,06:50:00 pm,0,2018-09-29 18:50:00,8.2478,9.277,9.999999999994457e-05
30,KHF-1,9/29/2018,07:00:00 pm,0,2018-09-29 19:00:00,8.2482,9.276,0.0
31,KHF-1,9/29/2018,07:10:00 pm,0,2018-09-29 19:10:00,8.2484,9.276,9.999999999994457e-05
32,KHF-1,9/29/2018,07:20:00 pm,0,2018-09-29 19:20:00,8.2497,9.275,0.00010000000000012221
33,KHF-1,9/29/2018,07:30:00 pm,0,2018-09-29 19:30:00,8.2499,9.274,0.0
34,KHF-1,9/29/2018,07:40:00 pm,0,2018-09-29 19:40:00,8.2507,9.274,0.0
35,KHF-1,9/29/2018,07:50:00 pm,0,2018-09-29 19:50:00,8.2509,9.274,9.999999999994457e-05
36,KHF-1,9/29/2018,08:00:00 pm,0,2018-09-29 20:00:00,8.2512,9.273,0.0
37,KHF-1,9/29/2018,08:10:00 pm,0,2018-09-29 20:10:00,8.2517,9.273,9.999999999994457e-05
38,KHF-1,9/29/2018,08:20:00 pm,0,2018-09-29 20:20:00,8.2528,9.272,0.0
39,KHF-1,9/29/2018,08:30:00 pm,0,2018-09-29 20:30:00,8.2527,9.272,0.0
40,KHF-1,9/29/2018,08:40:00 pm,0,2018-09-29 20:40:00,8.2536,9.272,9.999999999994457e-05
41,KHF-1,9/29/2018,08:50:00 pm,0,2018-09-29 20:50:00,8.2545,9.271,0.0
42,KHF-1,9/29/2018,09:00:00 pm,0,2018-09-29 21:00:00,8.2546,9.271,0.0
43,KHF-1,9/29/2018,09:10:00 pm,0,2018-09-29 21:10:00,8.2546,9.271,0.00010000000000012221
44,KHF-1,9/29/2018,09:20:00 pm,0,2018-09-29 21:20:00,8.2554,9.27,0.0
45,KHF-1,9/29/2018,09:30:00 pm,0,2018-09-29 21:30:00,8.2555,9.27,0.0
46,KHF-1,9/29/2018,09:40:00 pm,0,2018-09-29 21:40:00,8.2555,9.27,9.999999999994457e-05
47,KHF-1,9/29/2018,09:50:00 pm,0,2018-09-29 21:50:00,8.2553,9.269,0.0
48,KHF-1,9/29/2018,10:00:00 pm,0,2018-09-29 22:00:00,8.2568,9.269,0.0
49,KHF-1,9/29/2018,10:10:00 pm,0,2018-09-29 22:10:00,8.2578,9.269,0.0
50,KHF-1,9/29/2018,10:20:00 pm,0,2018-09-29 22:20:00,8.2581,9.269,9.999999999994457e-05
51,KHF-1,9/29/2018,10:30:00 pm,0,2018-09-29 22:30:00,8.2596,9.268,0.0
52,KHF-1,9/29/2018,10:40:00 pm,0,2018-09-29 22:40:00,8.2596,9.268,0.0
53,KHF-1,9/29/2018,10:50:00 pm,0,2018-09-29 22:50:00,8.2604,9.268,0.0
54,KHF-1,9/29/2018,11:00:00 pm,0,2018-09-29 23:00:00,8.261,9.268,0.0
55,KHF-1,9/29/2018,11:10:00 pm,0,2018-09-29 23:10:00,8.2613,9.268,0.00010000000000012221
56,KHF-1,9/29/2018,11:20:00 pm,0,2018-09-29 23:20:00,8.2623,9.267,0.0
57,KHF-1,9/29/2018,11:30:00 pm,0,2018-09-29 23:30:00,8.2628,9.267,0.0
58,KHF-1,9/29/2018,11:40:00 pm,0,2018-09-29 23:40:00,8.2631,9.267,0.0
59,KHF-1,9/29/2018,11:50:00 pm,0,2018-09-29 23:50:00,8.2633,9.267,9.999999999994457e-05
60,KHF-1,9/30/2018,12:00:00 am,0,2018-09-30 00:00:00,8.264,9.266,0.0
61,KHF-1,9/30/2018,12:10:00 am,0,2018-09-30 00:10:00,8.2653,9.266,0.0
62,KHF-1,9/30/2018,12:20:00 am,0,2018-09-30 00:20:00,8.2672,9.266,0.0
63,KHF-1,9/30/2018,12:30:00 am,0,2018-09-30 00:30:00,8.2685,9.266,0.0
64,KHF-1,9/30/2018,12:40:00 am,0,2018-09-30 00:40:00,8.27,9.266,0.0
65,KHF-1,9/30/2018,12:50:00 am,0,2018-09-30 00:50:00,8.2719,9.266,9.999999999994457e-05
66,KHF-1,9/30/2018,01:00:00 am,0,2018-09-30 01:00:00,8.2735,9.265,0.0
67,KHF-1,9/30/2018,01:10:00 am,0,2018-09-30 01:10:00,8.2743,9.265,0.0
68,KHF-1,9/30/2018,01:20:00 am,0,2018-09-30 01:20:00,8.2753,9.265,0.0
69,KHF-1,9/30/2018,01:30:00 am,0,2018-09-30 01:30:00,8.2768,9.265,0.0
70,KHF-1,9/30/2018,01:40:00 am,0,2018-09-30 01:40:00,8.2768,9.265,0.0
71,KHF-1,9/30/2018,01:50:00 am,0,2018-09-30 01:50:00,8.2783,9.265,0.00010000000000012221
72,KHF-1,9/30/2018,02:00:00 am,0,2018-09-30 02:00:00,8.2788,9.264,0.0
73,KHF-1,9/30/2018,02:10:00 am,0,2018-09-30 02:10:00,8.2804,9.264,0.0
74,KHF-1,9/30/2018,02:20:00 am,0,2018-09-30 02:20:00,8.2812,9.264,0.0
75,KHF-1,9/30/2018,02:30:00 am,0,2018-09-30 02:30:00,8.2807,9.264,0.0
76,KHF-1,9/30/2018,02:40:00 am,0,2018-09-30 02:40:00,8.2814,9.264,0.0
77,KHF-1,9/30/2018,02:50:00 am,0,2018-09-30 02:50:00,8.282,9.264,9.999999999994457e-05
78,KHF-1,9/30/2018,03:00:00 am,0,2018-09-30 03:00:00,8.2828,9.263,0.0
79,KHF-1,9/30/2018,03:10:00 am,0,2018-09-30 03:10:00,8.2828,9.263,0.0
80,KHF-1,9/30/2018,03:20:00 am,0,2018-09-30 03:20:00,8.2831,9.263,0.0
81,KHF-1,9/30/2018,03:30:00 am,0,2018-09-30 03:30:00,8.2827,9.263,9.999999999994457e-05
82,KHF-1,9/30/2018,03:40:00 am,0,2018-09-30 03:40:00,8.2823,9.262,9.999999999994457e-05
83,KHF-1,9/30/2018,03:50:00 am,0,2018-09-30 03:50:00,8.2838,9.263,9.999999999994457e-05
84,KHF-1,9/30/2018,04:00:00 am,0,2018-09-30 04:00:00,8.2856,9.262,0.0
85,KHF-1,9/30/2018,04:10:00 am,0,2018-09-30 04:10:00,8.285,9.262,0.0
86,KHF-1,9/30/2018,04:20:00 am,0,2018-09-30 04:20:00,8.2864,9.262,0.0
87,KHF-1,9/30/2018,04:30:00 am,0,2018-09-30 04:30:00,8.2865,9.262,0.0
88,KHF-1,9/30/2018,04:40:00 am,0,2018-09-30 04:40:00,8.2857,9.262,0.0
89,KHF-1,9/30/2018,04:50:00 am,0,2018-09-30 04:50:00,8.2867,9.262,0.0
90,KHF-1,9/30/2018,05:00:00 am,0,2018-09-30 05:00:00,8.287,9.262,0.00010000000000012221
91,KHF-1,9/30/2018,05:10:00 am,0,2018-09-30 05:10:00,8.2869,9.261,0.0
92,KHF-1,9/30/2018,05:20:00 am,0,2018-09-30 05:20:00,8.2881,9.261,0.0
93,KHF-1,9/30/2018,05:30:00 am,0,2018-09-30 05:30:00,8.2881,9.261,0.0
94,KHF-1,9/30/2018,05:40:00 am,0,2018-09-30 05:40:00,8.2897,9.261,0.0
95,KHF-1,9/30/2018,05:50:00 am,0,2018-09-30 05:50:00,8.2911,9.261,0.0
96,KHF-1,9/30/2018,06:00:00 am,0,2018-09-30 06:00:00,8.2924,9.261,0.0
97,KHF-1,9/30/2018,06:10:00 am,0,2018-09-30 06:10:00,8.2935,9.261,0.0
98,KHF-1,9/30/2018,06:20:00 am,0,2018-09-30 06:20:00,8.2953,9.261,9.999999999994457e-05
99,KHF-1,9/30/2018,06:30:00 am,0,2018-09-30 06:30:00,8.2966,9.26,0.0
100,KHF-1,9/30/2018,06:40:00 am,0,2018-09-30 06:40:00,8.2982,9.26,0.0
101,KHF-1,9/30/2018,06:50:00 am,0,2018-09-30 06:50:00,8.2994,9.26,0.0
102,KHF-1,9/30/2018,07:00:00 am,0,2018-09-30 07:00:00,8.3001,9.26,0.0
103,KHF-1,9/30/2018,07:10:00 am,0,2018-09-30 07:10:00,8.3013,9.26,9.999999999994457e-05
104,KHF-1,9/30/2018,07:20:00 am,0,2018-09-30 07:20:00,8.3029,9.259,9.999999999994457e-05
105,KHF-1,9/30/2018,07:30:00 am,0,2018-09-30 07:30:00,8.3038,9.26,0.0
106,KHF-1,9/30/2018,07:40:00 am,0,2018-09-30 07:40:00,8.3051,9.26,9.999999999994457e-05
107,KHF-1,9/30/2018,07:50:00 am,0,2018-09-30 07:50:00,8.306,9.259,0.0
108,KHF-1,9/30/2018,08:00:00 am,0,2018-09-30 08:00:00,8.3071,9.259,0.0
109,KHF-1,9/30/2018,08:10:00 am,0,2018-09-30 08:10:00,8.308,9.259,0.0
110,KHF-1,9/30/2018,08:20:00 am,0,2018-09-30 08:20:00,8.3088,9.259,0.0
111,KHF-1,9/30/2018,08:30:00 am,0,2018-09-30 08:30:00,8.3095,9.259,0.0
112,KHF-1,9/30/2018,08:40:00 am,0,2018-09-30 08:40:00,8.3097,9.259,0.0
113,KHF-1,9/30/2018,08:50:00 am,0,2018-09-30 08:50:00,8.3109,9.259,0.0
114,KHF-1,9/30/2018,09:00:00 am,0,2018-09-30 09:00:00,8.3107,9.259,0.0
115,KHF-1,9/30/2018,09:10:00 am,0,2018-09-30 09:10:00,8.3118,9.259,0.0
116,KHF-1,9/30/2018,09:20:00 am,0,2018-09-30 09:20:00,8.3124,9.259,0.00010000000000012221
117,KHF-1,9/30/2018,09:30:00 am,0,2018-09-30 09:30:00,8.3138,9.258,0.0
118,KHF-1,9/30/2018,09:40:00 am,0,2018-09-30 09:40:00,8.3141,9.258,0.0
119,KHF-1,9/30/2018,09:50:00 am,0,2018-09-30 09:50:00,8.3143,9.258,0.0
120,KHF-1,9/30/2018,10:00:00 am,0,2018-09-30 10:00:00,8.3147,9.258,0.0
121,KHF-1,9/30/2018,10:10:00 am,0,2018-09-30 10:10:00,8.3142,9.258,0.0
122,KHF-1,9/30/2018,10:20:00 am,0,2018-09-30 10:20:00,8.314,9.258,0.0
123,KHF-1,9/30/2018,10:30:00 am,0,2018-09-30 10:30:00,8.3147,9.258,0.0
124,KHF-1,9/30/2018,10:40:00 am,0,2018-09-30 10:40:00,8.3146,9.258,0.0
125,KHF-1,9/30/2018,10:50:00 am,0,2018-09-30 10:50:00,8.3142,9.258,0.0
126,KHF-1,9/30/2018,11:00:00 am,0,2018-09-30 11:00:00,8.3139,9.258,0.0
127,KHF-1,9/30/2018,11:10:00 am,0,2018-09-30 11:10:00,8.3133,9.258,0.0
128,KHF-1,9/30/2018,11:20:00 am,0,2018-09-30 11:20:00,8.3126,9.258,9.999999999994457e-05
129,KHF-1,9/30/2018,11:30:00 am,0,2018-09-30 11:30:00,8.3119,9.257,9.999999999994457e-05
130,KHF-1,9/30/2018,11:40:00 am,0,2018-09-30 11:40:00,8.3121,9.258,9.999999999994457e-05
131,KHF-1,9/30/2018,11:50:00 am,0,2018-09-30 11:50:00,8.311,9.257,9.999999999994457e-05
132,KHF-1,9/30/2018,12:00:00 pm,0,2018-09-30 12:00:00,8.3105,9.258,0.0
133,KHF-1,9/30/2018,12:10:00 pm,0,2018-09-30 12:10:00,8.311,9.258,0.0
134,KHF-1,9/30/2018,12:20:00 pm,0,2018-09-30 12:20:00,8.3096,9.258,0.0
135,KHF-1,9/30/2018,12:30:00 pm,0,2018-09-30 12:30:00,8.308,9.258,0.0
136,KHF-1,9/30/2018,12:40:00 pm,0,2018-09-30 12:40:00,8.308,9.258,9.999999999994457e-05
137,KHF-1,9/30/2018,12:50:00 pm,0,2018-09-30 12:50:00,8.3066,9.257,9.999999999994457e-05
138,KHF-1,9/30/2018,01:00:00 pm,0,2018-09-30 13:00:00,8.3049,9.258,0.0
139,KHF-1,9/30/2018,01:10:00 pm,0,2018-09-30 13:10:00,8.303,9.258,0.0
140,KHF-1,9/30/2018,01:20:00 pm,0,2018-09-30 13:20:00,8.3014,9.258,0.0
141,KHF-1,9/30/2018,01:30:00 pm,0,2018-09-30 13:30:00,8.2992,9.258,0.0
142,KHF-1,9/30/2018,01:40:00 pm,0,2018-09-30 13:40:00,8.2976,9.258,0.0
143,KHF-1,9/30/2018,01:50:00 pm,0,2018-09-30 13:50:00,8.2967,9.258,0.0
144,KHF-1,9/30/2018,02:00:00 pm,0,2018-09-30 14:00:00,8.2955,9.258,0.0
145,KHF-1,9/30/2018,02:10:00 pm,0,2018-09-30 14:10:00,8.2931,9.258,0.0
146,KHF-1,9/30/2018,02:20:00 pm,0,2018-09-30 14:20:00,8.2912,9.258,0.0
147,KHF-1,9/30/2018,02:30:00 pm,0,2018-09-30 14:30:00,8.2902,9.258,0.0
148,KHF-1,9/30/2018,02:40:00 pm,0,2018-09-30 14:40:00,8.2891,9.258,0.0
149,KHF-1,9/30/2018,02:50:00 pm,0,2018-09-30 14:50:00,8.2879,9.258,0.0
150,KHF-1,9/30/2018,03:00:00 pm,0,2018-09-30 15:00:00,8.2861,9.258,0.0
151,KHF-1,9/30/2018,03:10:00 pm,0,2018-09-30 15:10:00,8.2842,9.258,0.0
152,KHF-1,9/30/2018,03:20:00 pm,0,2018-09-30 15:20:00,8.2829,9.258,0.0
153,KHF-1,9/30/2018,03:30:00 pm,0,2018-09-30 15:30:00,8.2811,9.258,0.0
154,KHF-1,9/30/2018,03:40:00 pm,0,2018-09-30 15:40:00,8.2797,9.258,0.0
155,KHF-1,9/30/2018,03:50:00 pm,0,2018-09-30 15:50:00,8.2791,9.258,0.0
156,KHF-1,9/30/2018,04:00:00 pm,0,2018-09-30 16:00:00,8.28,9.258,0.0
157,KHF-1,9/30/2018,04:10:00 pm,0,2018-09-30 16:10:00,8.2795,9.258,0.0
158,KHF-1,9/30/2018,04:20:00 pm,0,2018-09-30 16:20:00,8.2785,9.258,9.999999999994457e-05
159,KHF-1,9/30/2018,04:30:00 pm,0,2018-09-30 16:30:00,8.2777,9.257,9.999999999994457e-05
160,KHF-1,9/30/2018,04:40:00 pm,0,2018-09-30 16:40:00,8.2762,9.258,9.999999999994457e-05
161,KHF-1,9/30/2018,04:50:00 pm,0,2018-09-30 16:50:00,8.2755,9.257,0.0
162,KHF-1,9/30/2018,05:00:00 pm,0,2018-09-30 17:00:00,8.2748,9.257,0.0
163,KHF-1,9/30/2018,05:10:00 pm,0,2018-09-30 17:10:00,8.2741,9.257,0.0
164,KHF-1,9/30/2018,05:20:00 pm,0,2018-09-30 17:20:00,8.2739,9.257,0.0
165,KHF-1,9/30/2018,05:30:00 pm,0,2018-09-30 17:30:00,8.274,9.257,9.999999999994457e-05
166,KHF-1,9/30/2018,05:40:00 pm,0,2018-09-30 17:40:00,8.2746,9.256,9.999999999994457e-05
167,KHF-1,9/30/2018,05:50:00 pm,0,2018-09-30 17:50:00,8.2749,9.257,9.999999999994457e-05
168,KHF-1,9/30/2018,06:00:00 pm,0,2018-09-30 18:00:00,8.2748,9.256,0.0
169,KHF-1,9/30/2018,06:10:00 pm,0,2018-09-30 18:10:00,8.2753,9.256,0.0
170,KHF-1,9/30/2018,06:20:00 pm,0,2018-09-30 18:20:00,8.275,9.256,0.0
171,KHF-1,9/30/2018,06:30:00 pm,0,2018-09-30 18:30:00,8.2751,9.256,0.0
172,KHF-1,9/30/2018,06:40:00 pm,0,2018-09-30 18:40:00,8.2747,9.256,0.0
173,KHF-1,9/30/2018,06:50:00 pm,0,2018-09-30 18:50:00,8.275,9.256,0.0
174,KHF-1,9/30/2018,07:00:00 pm,0,2018-09-30 19:00:00,8.2742,9.256,0.0
175,KHF-1,9/30/2018,07:10:00 pm,0,2018-09-30 19:10:00,8.2749,9.256,0.0
176,KHF-1,9/30/2018,07:20:00 pm,0,2018-09-30 19:20:00,8.2746,9.256,0.0
177,KHF-1,9/30/2018,07:30:00 pm,0,2018-09-30 19:30:00,8.275,9.256,9.999999999994457e-05
178,KHF-1,9/30/2018,07:40:00 pm,0,2018-09-30 19:40:00,8.2758,9.255,0.0
179,KHF-1,9/30/2018,07:50:00 pm,0,2018-09-30 19:50:00,8.277,9.255,0.0
180,KHF-1,9/30/2018,08:00:00 pm,0,2018-09-30 20:00:00,8.2774,9.255,0.0
181,KHF-1,9/30/2018,08:10:00 pm,0,2018-09-30 20:10:00,8.2771,9.255,0.0
182,KHF-1,9/30/2018,08:20:00 pm,0,2018-09-30 20:20:00,8.2765,9.255,0.0
183,KHF-1,9/30/2018,08:30:00 pm,0,2018-09-30 20:30:00,8.2784,9.255,0.0
184,KHF-1,9/30/2018,08:40:00 pm,0,2018-09-30 20:40:00,8.2787,9.255,0.0
185,KHF-1,9/30/2018,08:50:00 pm,0,2018-09-30 20:50:00,8.2791,9.255,0.0
186,KHF-1,9/30/2018,09:00:00 pm,0,2018-09-30 21:00:00,8.2795,9.255,0.0
187,KHF-1,9/30/2018,09:10:00 pm,0,2018-09-30 21:10:00,8.2804,9.255,0.0
188,KHF-1,9/30/2018,09:20:00 pm,0,2018-09-30 21:20:00,8.2807,9.255,0.0
189,KHF-1,9/30/2018,09:30:00 pm,0,2018-09-30 21:30:00,8.2812,9.255,0.00010000000000012221
190,KHF-1,9/30/2018,09:40:00 pm,0,2018-09-30 21:40:00,8.2821,9.254,0.0
191,KHF-1,9/30/2018,09:50:00 pm,0,2018-09-30 21:50:00,8.2826,9.254,0.0
192,KHF-1,9/30/2018,10:00:00 pm,0,2018-09-30 22:00:00,8.2828,9.254,0.00010000000000012221
193,KHF-1,9/30/2018,10:10:00 pm,0,2018-09-30 22:10:00,8.2833,9.255,0.00010000000000012221
194,KHF-1,9/30/2018,10:20:00 pm,0,2018-09-30 22:20:00,8.284,9.254,0.0
195,KHF-1,9/30/2018,10:30:00 pm,0,2018-09-30 22:30:00,8.2847,9.254,0.0
196,KHF-1,9/30/2018,10:40:00 pm,0,2018-09-30 22:40:00,8.2863,9.254,0.0
197,KHF-1,9/30/2018,10:50:00 pm,0,2018-09-30 22:50:00,8.2875,9.254,0.0
198,KHF-1,9/30/2018,11:00:00 pm,0,2018-09-30 23:00:00,8.2892,9.254,0.00010000000000012221
199,KHF-1,9/30/2018,11:10:00 pm,0,2018-09-30 23:10:00,8.2892,9.255,0.00010000000000012221
200,KHF-1,9/30/2018,11:20:00 pm,0,2018-09-30 23:20:00,8.2889,9.254,0.0
201,KHF-1,9/30/2018,11:30:00 pm,0,2018-09-30 23:30:00,8.2893,9.254,9.999999999994457e-05
202,KHF-1,9/30/2018,11:40:00 pm,0,2018-09-30 23:40:00,8.2896,9.253,9.999999999994457e-05
203,KHF-1,9/30/2018,11:50:00 pm,0,2018-09-30 23:50:00,8.2901,9.254,0.0
204,KHF-1,10/1/2018,12:00:00 am,0,2018-10-01 00:00:00,8.2907,9.254,0.0
205,KHF-1,10/1/2018,12:10:00 am,0,2018-10-01 00:10:00,8.2924,9.254,9.999999999994457e-05
206,KHF-1,10/1/2018,12:20:00 am,0,2018-10-01 00:20:00,8.2922,9.253,9.999999999994457e-05
207,KHF-1,10/1/2018,12:30:00 am,0,2018-10-01 00:30:00,8.2934,9.254,9.999999999994457e-05
208,KHF-1,10/1/2018,12:40:00 am,0,2018-10-01 00:40:00,8.2936,9.253,0.0
209,KHF-1,10/1/2018,12:50:00 am,0,2018-10-01 00:50:00,8.2946,9.253,0.0
210,KHF-1,10/1/2018,01:00:00 am,0,2018-10-01 01:00:00,8.2937,9.253,0.0
211,KHF-1,10/1/2018,01:10:00 am,0,2018-10-01 01:10:00,8.2946,9.253,9.999999999994457e-05
212,KHF-1,10/1/2018,01:20:00 am,0,2018-10-01 01:20:00,8.2957,9.254,9.999999999994457e-05
213,KHF-1,10/1/2018,01:30:00 am,0,2018-10-01 01:30:00,8.296,9.253,0.0
214,KHF-1,10/1/2018,01:40:00 am,0,2018-10-01 01:40:00,8.296,9.253,0.0
215,KHF-1,10/1/2018,01:50:00 am,0,2018-10-01 01:50:00,8.2979,9.253,0.0
216,KHF-1,10/1/2018,02:00:00 am,0,2018-10-01 02:00:00,8.2985,9.253,0.0
217,KHF-1,10/1/2018,02:10:00 am,0,2018-10-01 02:10:00,8.2973,9.253,9.999999999994457e-05
218,KHF-1,10/1/2018,02:20:00 am,0,2018-10-01 02:20:00,8.2962,9.252,9.999999999994457e-05
219,KHF-1,10/1/2018,02:30:00 am,0,2018-10-01 02:30:00,8.2963,9.253,0.0
220,KHF-1,10/1/2018,02:40:00 am,0,2018-10-01 02:40:00,8.2963,9.253,9.999999999994457e-05
221,KHF-1,10/1/2018,02:50:00 am,0,2018-10-01 02:50:00,8.2968,9.252,9.999999999994457e-05
222,KHF-1,10/1/2018,03:00:00 am,0,2018-10-01 03:00:00,8.2974,9.253,9.999999999994457e-05
223,KHF-1,10/1/2018,03:10:00 am,0,2018-10-01 03:10:00,8.2973,9.252,0.0
224,KHF-1,10/1/2018,03:20:00 am,0,2018-10-01 03:20:00,8.2967,9.252,0.0
225,KHF-1,10/1/2018,03:30:00 am,0,2018-10-01 03:30:00,8.2959,9.252,0.0
226,KHF-1,10/1/2018,03:40:00 am,0,2018-10-01 03:40:00,8.2958,9.252,0.0
227,KHF-1,10/1/2018,03:50:00 am,0,2018-10-01 03:50:00,8.2968,9.252,0.0
228,KHF-1,10/1/2018,04:00:00 am,0,2018-10-01 04:00:00,8.2972,9.252,0.0
229,KHF-1,10/1/2018,04:10:00 am,0,2018-10-01 04:10:00,8.2965,9.252,0.0
230,KHF-1,10/1/2018,04:20:00 am,0,2018-10-01 04:20:00,8.2971,9.252,0.0
231,KHF-1,10/1/2018,04:30:00 am,0,2018-10-01 04:30:00,8.2976,9.252,0.00010000000000012221
232,KHF-1,10/1/2018,04:40:00 am,0,2018-10-01 04:40:00,8.2976,9.251,0.00010000000000012221
233,KHF-1,10/1/2018,04:50:00 am,0,2018-10-01 04:50:00,8.2985,9.252,0.00010000000000012221
234,KHF-1,10/1/2018,05:00:00 am,0,2018-10-01 05:00:00,8.2994,9.251,0.00010000000000012221
235,KHF-1,10/1/2018,05:10:00 am,0,2018-10-01 05:10:00,8.2997,9.252,0.00010000000000012221
236,KHF-1,10/1/2018,05:20:00 am,0,2018-10-01 05:20:00,8.3016,9.251,0.0
237,KHF-1,10/1/2018,05:30:00 am,0,2018-10-01 05:30:00,8.3027,9.251,0.0
238,KHF-1,10/1/2018,05:40:00 am,0,2018-10-01 05:40:00,8.3031,9.251,0.0
239,KHF-1,10/1/2018,05:50:00 am,0,2018-10-01 05:50:00,8.3036,9.251,0.0
240,KHF-1,10/1/2018,06:00:00 am,0,2018-10-01 06:00:00,8.3034,9.251,0.0
241,KHF-1,10/1/2018,06:10:00 am,0,2018-10-01 06:10:00,8.3039,9.251,0.0
242,KHF-1,10/1/2018,06:20:00 am,0,2018-10-01 06:20:00,8.3048,9.251,0.0
243,KHF-1,10/1/2018,06:30:00 am,0,2018-10-01 06:30:00,8.3058,9.251,9.999999999994457e-05
244,KHF-1,10/1/2018,06:40:00 am,0,2018-10-01 06:40:00,8.3072,9.25,0.0
245,KHF-1,10/1/2018,06:50:00 am,0,2018-10-01 06:50:00,8.3073,9.25,0.0
246,KHF-1,10/1/2018,07:00:00 am,0,2018-10-01 07:00:00,8.3085,9.25,0.0
247,KHF-1,10/1/2018,07:10:00 am,0,2018-10-01 07:10:00,8.3096,9.25,0.0
248,KHF-1,10/1/2018,07:20:00 am,0,2018-10-01 07:20:00,8.3109,9.25,0.0
249,KHF-1,10/1/2018,07:30:00 am,0,2018-10-01 07:30:00,8.3122,9.25,0.0
250,KHF-1,10/1/2018,07:40:00 am,0,2018-10-01 07:40:00,8.3131,9.25,0.0
251,KHF-1,10/1/2018,07:50:00 am,0,2018-10-01 07:50:00,8.3133,9.25,0.0
252,KHF-1,10/1/2018,08:00:00 am,0,2018-10-01 08:00:00,8.314,9.25,0.0
253,KHF-1,10/1/2018,08:10:00 am,0,2018-10-01 08:10:00,8.315,9.25,0.0
254,KHF-1,10/1/2018,08:20:00 am,0,2018-10-01 08:20:00,8.3164,9.25,0.0
255,KHF-1,10/1/2018,08:30:00 am,0,2018-10-01 08:30:00,8.3174,9.25,0.0
256,KHF-1,10/1/2018,08:40:00 am,0,2018-10-01 08:40:00,8.3181,9.25,0.00030000000000001136
257,KHF-1,10/1/2018,08:50:00 am,0,2018-10-01 08:50:00,8.3169,9.247,9.999999999994457e-05
258,KHF-1,10/1/2018,09:00:00 am,0,2018-10-01 09:00:00,8.3179,9.246,9.999999999994457e-05
259,KHF-1,10/1/2018,09:10:00 am,0,2018-10-01 09:10:00,8.3191,9.247,9.999999999994457e-05
260,KHF-1,10/1/2018,09:20:00 am,0,2018-10-01 09:20:00,8.3201,9.248,0.0
261,KHF-1,10/1/2018,09:30:00 am,0,2018-10-01 09:30:00,8.3201,9.248,0.0
262,KHF-1,10/1/2018,09:40:00 am,0,2018-10-01 09:40:00,8.3189,9.248,0.0
263,KHF-1,10/1/2018,09:50:00 am,0,2018-10-01 09:50:00,8.3196,9.248,0.0
264,KHF-1,10/1/2018,10:00:00 am,0,2018-10-01 10:00:00,8.3198,9.248,0.0
265,KHF-1,10/1/2018,10:10:00 am,0,2018-10-01 10:10:00,8.3213,9.248,0.00010000000000012221
266,KHF-1,10/1/2018,10:20:00 am,0,2018-10-01 10:20:00,8.3213,9.249,0.00010000000000012221
267,KHF-1,10/1/2018,10:30:00 am,0,2018-10-01 10:30:00,8.3217,9.248,0.0
268,KHF-1,10/1/2018,10:40:00 am,0,2018-10-01 10:40:00,8.3202,9.248,0.00010000000000012221
269,KHF-1,10/1/2018,10:50:00 am,0,2018-10-01 10:50:00,8.3199,9.249,0.00010000000000012221
270,KHF-1,10/1/2018,11:00:00 am,0,2018-10-01 11:00:00,8.3183,9.248,0.0
271,KHF-1,10/1/2018,11:10:00 am,0,2018-10-01 11:10:00,8.3174,9.248,0.0
272,KHF-1,10/1/2018,11:20:00 am,0,2018-10-01 11:20:00,8.3171,9.248,0.00010000000000012221
273,KHF-1,10/1/2018,11:30:00 am,0,2018-10-01 11:30:00,8.3163,9.249,0.00010000000000012221
274,KHF-1,10/1/2018,11:40:00 am,0,2018-10-01 11:40:00,8.3142,9.248,0.00010000000000012221
275,KHF-1,10/1/2018,11:50:00 am,0,2018-10-01 11:50:00,8.3122,9.249,0.0
276,KHF-1,10/1/2018,12:00:00 pm,0,2018-10-01 12:00:00,8.311,9.249,0.0
277,KHF-1,10/1/2018,12:10:00 pm,0,2018-10-01 12:10:00,8.3096,9.249,0.00010000000000012221
278,KHF-1,10/1/2018,12:20:00 pm,0,2018-10-01 12:20:00,8.3075,9.248,0.00010000000000012221
279,KHF-1,10/1/2018,12:30:00 pm,0,2018-10-01 12:30:00,8.3067,9.249,0.0
280,KHF-1,10/1/2018,12:40:00 pm,0,2018-10-01 12:40:00,8.3045,9.249,0.0
281,KHF-1,10/1/2018,12:50:00 pm,0,2018-10-01 12:50:00,8.3032,9.249,0.0
282,KHF-1,10/1/2018,01:00:00 pm,0,2018-10-01 13:00:00,8.302,9.249,0.0
283,KHF-1,10/1/2018,01:10:00 pm,0,2018-10-01 13:10:00,8.301,9.249,0.0
284,KHF-1,10/1/2018,01:20:00 pm,0,2018-10-01 13:20:00,8.2982,9.249,0.0
285,KHF-1,10/1/2018,01:30:00 pm,0,2018-10-01 13:30:00,8.2958,9.249,0.0
286,KHF-1,10/1/2018,01:40:00 pm,0,2018-10-01 13:40:00,8.2934,9.249,0.0
287,KHF-1,10/1/2018,01:50:00 pm,0,2018-10-01 13:50:00,8.2917,9.249,0.0
288,KHF-1,10/1/2018,02:00:00 pm,0,2018-10-01 14:00:00,8.2894,9.249,0.0001
