Well Name,Time,Top To Water(cm),Well Top To Ground(cm),Water Height Relative To Ground(cm),Logger?,Water?,Meter Version,FullWellLength(cm)
EEF-1,6/1/18 7:45,60.96,59.3725,-4.931309524,NaN,1,v1,NaN
EEF-1,6/1/18 7:45,60.96,59.3725,-4.931309524,NaN,1,v1,NaN
EEF-1,6/1/18 7:45,61.595,59.3725,-5.566309524,NaN,1,v1,NaN
EEF-1,6/18/18 8:32,57.4675,59.69,-1.121309524,NaN,1,v1,NaN
EEF-1,6/18/18 8:32,57.4675,59.69,-1.121309524,NaN,1,v1,NaN
EEF-1,6/18/18 8:32,57.785,59.69,-1.438809524,NaN,1,v1,NaN
EEF-1,6/30/18 8:55,60.96,59.4525,-4.851309524,NaN,1,v1,NaN
EEF-1,6/30/18 8:55,60.96,59.4525,-4.851309524,NaN,1,v1,NaN
EEF-1,6/30/18 8:55,60.96,59.4525,-4.851309524,NaN,1,v1,NaN
EEF-1,7/16/18 8:40,72.5,59.8,-17.295,NaN,1,v2,NaN
EEF-1,7/16/18 8:40,72.5,59.8,-17.295,NaN,1,v2,NaN
EEF-1,7/16/18 8:40,72.5,59.8,-17.295,NaN,1,v2,NaN
EEF-1,7/25/18 8:16,80,59.8,-24.795,1,1,v2,NaN
EEF-1,7/25/18 8:16,80,59.8,-24.795,NaN,1,v2,NaN
EEF-1,7/25/18 8:16,79.8,59.8,-24.595,NaN,1,v2,NaN
EEF-1,8/10/18 7:20,63.4,59.4525,-7.5475,NaN,1,v3,NaN
EEF-1,8/10/18 7:20,63.5,59.4525,-7.6475,NaN,1,v3,NaN
EEF-1,8/10/18 7:20,63.5,59.4525,-7.6475,NaN,1,v3,NaN
EEF-1,8/24/18 8:39,58.5,58.6,-3.5,NaN,1,v3,NaN
EEF-1,8/24/18 8:39,58,58.6,-3,NaN,1,v3,NaN
EEF-1,8/24/18 8:39,58.1,58.6,-3.1,1,1,v3,NaN
EEF-1,9/16/18 7:57,58.9,59.4525,-3.0475,1,1,v3,NaN
EEF-1,9/16/18 7:57,58.7,59.4525,-2.8475,1,1,v3,NaN
EEF-1,9/16/18 7:57,58.5,59.4525,-2.6475,1,1,v3,NaN
EEF-1,9/29/18 8:39,56.8,59.4525,-0.9475,NaN,1,v3,NaN
EEF-1,9/29/18 8:39,57,59.4525,-1.1475,NaN,1,v3,NaN
EEF-1,9/29/18 8:39,57.2,59.4525,-1.3475,NaN,1,v3,NaN
EEF-1,11/18/18 13:16,56,59.4525,-0.1475,1,1,v3,NaN
EEF-1,11/18/18 13:16,56.2,59.4525,-0.3475,1,1,v3,NaN
EEF-1,11/18/18 13:16,57,59.4525,-1.1475,1,1,v3,NaN
EEF-1,6/2/19 19:00,NaN,59.4525,2,NaN,1,,NaN
EEF-1,6/18/19 8:55,61,59.4525,-1.5475,NaN,1,nm,NaN
EEF-1,6/18/19 8:55,61.2,59.4525,-1.7475,NaN,1,nm,NaN
EEF-1,6/18/19 8:55,60.9,59.4525,-1.4475,NaN,1,nm,NaN
EEF-1,7/6/19 9:01,74.5,59.4525,-18.39130952,NaN,1,v5,NaN
EEF-1,7/6/19 9:01,74.2,59.4525,-18.09130952,NaN,1,v5,NaN
EEF-1,7/6/19 9:01,74.6,59.4525,-18.49130952,NaN,1,v5,NaN
EEF-1,7/26/19 7:47,105.1,59.4525,-48.99130952,NaN,1,v.070919,NaN
EEF-1,7/26/19 7:47,105.5,59.4525,-49.39130952,NaN,1,v.070919,NaN
EEF-1,7/26/19 7:47,105.6,59.4525,-49.49130952,NaN,1,v.070919,NaN
EEF-1,8/5/19 7:14,112.5,59.4525,-55.6975,NaN,1,bamboo speaker wire,NaN
EEF-1,8/5/19 7:14,112.5,59.4525,-55.6975,NaN,1,bamboo speaker wire,NaN
EEF-1,8/5/19 7:14,112.6,59.4525,-55.7975,NaN,1,bamboo speaker wire,NaN
EEF-1,8/20/19 9:12,95.7,59.4525,-39.2375,NaN,1,v6,NaN
EEF-1,8/20/19 9:12,95.8,59.4525,-39.3375,NaN,1,v6,NaN
EEF-1,8/20/19 9:12,96.1,59.4525,-39.6375,NaN,1,v6,NaN
EEF-1,9/3/19 8:54,76.5,59.4525,-20.0375,NaN,1,v6,NaN
EEF-1,9/3/19 8:54,76.5,59.4525,-20.0375,NaN,1,v6,NaN
EEF-1,9/3/19 8:54,76.2,59.4525,-19.7375,NaN,1,v6,NaN
EEF-1,9/21/19 9:34,58,59.4525,-1.5375,NaN,1,v6,NaN
EEF-1,9/21/19 9:34,58.2,59.4525,-1.7375,NaN,1,v6,NaN
EEF-1,9/21/19 9:34,58.1,59.4525,-1.6375,NaN,1,v6,NaN
EEF-1,10/5/19 7:12,59.4,59.4525,-2.9375,NaN,1,v6,NaN
EEF-1,10/5/19 7:12,59.5,59.4525,-3.0375,NaN,1,v6,NaN
EEF-1,10/5/19 7:12,60,59.4525,-3.5375,NaN,1,v6,NaN
EEF-1,10/20/19 14:51,61.7,59.4525,-5.2375,NaN,1,v6,NaN
EEF-1,10/20/19 14:51,61.3,59.4525,-4.8375,NaN,1,v6,NaN
EEF-1,10/20/19 14:51,61.2,59.4525,-4.7375,NaN,1,v6,NaN
EER-1,5/31/18 8:40,92.71,78.4352,-17.61860952,NaN,1,v1,NaN
EER-1,5/31/18 8:40,93.98,77.47,-19.85380952,NaN,1,v1,NaN
EER-1,5/31/18 8:40,91.44,78.105,-16.67880952,NaN,1,v1,NaN
EER-1,6/18/18 7:21,104.14,78.105,-29.37880952,NaN,1,v1,NaN
EER-1,6/18/18 7:21,105.41,78.105,-30.64880952,NaN,1,v1,NaN
EER-1,6/18/18 7:21,104.775,78.105,-30.01380952,NaN,1,v1,NaN
EER-1,6/30/18 8:20,114.935,78.42168,-39.85712952,NaN,1,v1,NaN
EER-1,6/30/18 8:20,113.03,78.42168,-37.95212952,NaN,1,v1,NaN
EER-1,6/30/18 8:20,113.3475,78.42168,-38.26962952,NaN,1,v1,NaN
EER-1,7/16/18 7:57,117.5,78.6,-43.495,NaN,1,v2,NaN
EER-1,7/16/18 7:57,117.7,78.6,-43.695,NaN,1,v2,NaN
EER-1,7/16/18 7:57,117.9,78.6,-43.895,NaN,1,v2,NaN
EER-1,7/25/18 7:25,116.5,78.9,-42.195,1,1,v2,NaN
EER-1,7/25/18 7:25,116.7,78.9,-42.395,NaN,1,v2,NaN
EER-1,7/25/18 7:25,117.3,78.9,-42.995,NaN,1,v2,NaN
EER-1,8/10/18 6:35,117.5,78.42168,-42.67832,NaN,1,v3,NaN
EER-1,8/10/18 6:35,118,78.42168,-43.17832,NaN,1,v3,NaN
EER-1,8/10/18 6:35,118.5,78.42168,-43.67832,NaN,1,v3,NaN
EER-1,8/24/18 8:00,116.4,78.5,-41.5,NaN,1,v3,NaN
EER-1,8/24/18 8:00,116.5,78.5,-41.6,NaN,1,v3,NaN
EER-1,8/24/18 8:00,116.7,78.5,-41.8,1,1,v3,NaN
EER-1,9/16/18 7:25,111.4,78.42168,-36.57832,1,1,v3,NaN
EER-1,9/16/18 7:25,111.2,78.42168,-36.37832,1,1,v3,NaN
EER-1,9/16/18 7:25,111.4,78.42168,-36.57832,1,1,v3,NaN
EER-1,9/29/18 8:21,107.6,78.42168,-32.77832,NaN,1,v3,NaN
EER-1,9/29/18 8:21,107.9,78.42168,-33.07832,NaN,1,v3,NaN
EER-1,9/29/18 8:21,108.1,78.42168,-33.27832,NaN,1,v3,NaN
EER-1,11/18/18 13:56,100.5,78.42168,-25.67832,1,1,v3,NaN
EER-1,11/18/18 13:56,100.5,78.42168,-25.67832,1,1,v3,NaN
EER-1,11/18/18 13:56,100.3,78.42168,-25.47832,1,1,v3,NaN
EER-1,6/2/19 8:07,80.7,78.42168,-2.27832,NaN,1,nm,NaN
EER-1,6/2/19 8:07,81,78.42168,-2.57832,NaN,1,nm,NaN
EER-1,6/2/19 8:07,81.5,78.42168,-3.07832,NaN,1,nm,NaN
EER-1,6/18/19 7:36,89,78.42168,-13.92212952,NaN,1,v4,NaN
EER-1,6/18/19 7:36,90,78.42168,-14.92212952,NaN,1,v4,NaN
EER-1,6/18/19 7:36,89.4,78.42168,-14.32212952,NaN,1,v4,NaN
EER-1,7/6/19 8:15,107.4,78.42168,-32.32212952,NaN,1,v5,NaN
EER-1,7/6/19 8:15,108,78.42168,-32.92212952,NaN,1,v5,NaN
EER-1,7/6/19 8:15,110,78.42168,-34.92212952,NaN,1,v5,NaN
EER-1,7/6/19 8:15,108.5,78.42168,-33.42212952,NaN,1,v5,NaN
EER-1,7/26/19 7:20,113.2,78.42168,-38.12212952,NaN,1,v.070919,NaN
EER-1,7/26/19 7:20,113.4,78.42168,-38.32212952,NaN,1,v.070919,NaN
EER-1,7/26/19 7:20,113.5,78.42168,-38.42212952,NaN,1,v.070919,NaN
EER-1,8/5/19 6:42,114,78.42168,-38.22832,NaN,1,bamboo speaker wire,NaN
EER-1,8/5/19 6:42,114.5,78.42168,-38.72832,NaN,1,bamboo speaker wire,NaN
EER-1,8/5/19 6:42,115,78.42168,-39.22832,NaN,1,bamboo speaker wire,NaN
EER-1,8/20/19 8:51,114.8,78.42168,-39.36832,NaN,1,v6,NaN
EER-1,8/20/19 8:51,115.4,78.42168,-39.96832,NaN,1,v6,NaN
EER-1,8/20/19 8:51,114,78.42168,-38.56832,NaN,1,v6,NaN
EER-1,9/3/19 8:44,114,78.42168,-38.56832,NaN,1,v6,NaN
EER-1,9/3/19 8:44,114.9,78.42168,-39.46832,NaN,1,v6,NaN
EER-1,9/3/19 8:44,114.8,78.42168,-39.36832,NaN,1,v6,NaN
EER-1,9/21/19 9:25,100.5,78.42168,-25.06832,NaN,1,v6,NaN
EER-1,9/21/19 9:25,100.3,78.42168,-24.86832,NaN,1,v6,NaN
EER-1,9/21/19 9:25,100.4,78.42168,-24.96832,NaN,1,v6,NaN
EER-1,10/5/19 7:04,99.1,78.42168,-23.66832,NaN,1,v6,NaN
EER-1,10/5/19 7:04,99.2,78.42168,-23.76832,NaN,1,v6,NaN
EER-1,10/5/19 7:04,99.4,78.42168,-23.96832,NaN,1,v6,NaN
EER-1,10/20/19 14:14,97.9,78.42168,-22.46832,NaN,1,v6,NaN
EER-1,10/20/19 14:14,97.9,78.42168,-22.46832,NaN,1,v6,NaN
EER-1,10/20/19 14:14,97.4,78.42168,-21.96832,NaN,1,v6,NaN
EET-1,6/1/18 7:56,66.04,57.4675,-11.91630952,NaN,1,v1,147.85
EET-1,6/1/18 7:56,65.0875,57.4675,-10.96380952,NaN,1,v1,147.85
EET-1,6/1/18 7:56,64.77,57.4675,-10.64630952,NaN,1,v1,147.85
EET-1,6/18/18 8:38,105.0925,57.15,-51.28630952,NaN,1,v1,147.85
EET-1,6/18/18 8:38,104.14,57.15,-50.33380952,NaN,1,v1,147.85
EET-1,6/18/18 8:38,104.775,57.15,-50.96880952,NaN,1,v1,147.85
EET-1,6/30/18 9:00,142.24,57.80477273,-87.7790368,NaN,1,v1,147.85
EET-1,6/30/18 9:00,142.24,57.80477273,-87.7790368,NaN,1,v1,147.85
EET-1,6/30/18 9:00,142.5575,57.80477273,-88.0965368,NaN,1,v1,147.85
EET-1,7/16/18 8:47,144.9,58.5,-90.995,NaN,1,v2,147.85
EET-1,7/16/18 8:47,144.9,58.5,-90.995,NaN,1,v2,147.85
EET-1,7/16/18 8:47,145,58.5,-91.095,NaN,1,v2,147.85
EET-1,7/25/18 8:25,NaN,58,NaN,1,0,v2,149
EET-1,8/10/18 7:23,145,57.80477273,-90.79522727,NaN,1,v3,147.85
EET-1,8/10/18 7:23,145.5,57.80477273,-91.29522727,NaN,1,v3,147.85
EET-1,8/10/18 7:23,145.5,57.80477273,-91.29522727,NaN,1,v3,147.85
EET-1,8/24/18 8:45,NaN,58.5,NaN,NaN,0,v3,146.7
EET-1,9/16/18 8:02,NaN,57.80477273,NaN,NaN,0,nw,147.85
EET-1,9/29/18 8:34,NaN,57.80477273,NaN,NaN,0,nw,147.85
EET-1,11/18/18 13:39,127.8,57.80477273,-73.59522727,NaN,1,v3,147.85
EET-1,11/18/18 13:39,127.8,57.80477273,-73.59522727,NaN,1,v3,147.85
EET-1,11/18/18 13:39,128.1,57.80477273,-73.89522727,NaN,1,v3,147.85
EET-1,6/2/19 18:40,57.5,57.80477273,0.304772727,NaN,1,nm,147.85
EET-1,6/2/19 18:40,57.5,57.80477273,0.304772727,NaN,1,nm,147.85
EET-1,6/2/19 18:40,57.5,57.80477273,0.304772727,NaN,1,nm,147.85
EET-1,6/18/19 9:00,84,57.80477273,-29.79522727,NaN,1,v3,147.85
EET-1,6/18/19 9:00,83.4,57.80477273,-29.19522727,NaN,1,v3,147.85
EET-1,6/18/19 9:00,84.2,57.80477273,-29.99522727,NaN,1,v3,147.85
EET-1,7/26/19 7:51,144,57.80477273,-89.5390368,NaN,1,v.070919,147.85
EET-1,8/5/19 7:18,144,57.80477273,-88.84522727,NaN,1,bamboo speaker wire,147.85
EET-1,8/20/19 9:15,NaN,57.80477273,NaN,NaN,0,v6,147.85
EET-1,9/21/19 9:31,NaN,57.80477273,NaN,NaN,0,nw,147.85
EET-1,10/20/19 15:00,140.5,57.80477273,-85.68522727,NaN,1,v6,147.85
EET-1,10/20/19 15:00,140.4,57.80477273,-85.58522727,NaN,1,v6,147.85
EET-1,10/20/19 15:00,140.4,57.80477273,-85.58522727,NaN,1,v6,147.85
EET-2,7/6/19 8:44,92,NaN,NaN,NaN,1,v5,NaN
EET-2,7/6/19 8:44,92.7,NaN,NaN,NaN,1,v5,NaN
EET-2,7/6/19 8:44,92.9,NaN,NaN,NaN,1,v5,NaN
EET-2,7/26/19 7:40,125.2,NaN,NaN,NaN,1,v.070919,NaN
EET-2,7/26/19 7:40,125.6,NaN,NaN,NaN,1,v.070919,NaN
EET-2,7/26/19 7:40,125,NaN,NaN,NaN,1,v.070919,NaN
EET-2,9/3/19 9:08,145.2,NaN,NaN,NaN,1,v6,NaN
EET-2,9/3/19 9:08,145.5,NaN,NaN,NaN,1,v6,NaN
EET-2,9/3/19 9:08,145.8,NaN,NaN,NaN,1,v6,NaN
EET-2,10/20/19 14:35,103.6,NaN,NaN,NaN,1,v6,NaN
EET-2,10/20/19 14:35,103.9,NaN,NaN,NaN,1,v6,NaN
EET-2,10/20/19 14:35,103.9,NaN,NaN,NaN,1,v6,NaN
EFF-XA1N,6/18/19 7:56,117.5,NaN,NaN,NaN,1,v4,NaN
EFF-XA1N,6/18/19 7:56,116,NaN,NaN,NaN,1,v4,NaN
EFF-XA1N,6/18/19 7:56,118,NaN,NaN,NaN,1,v4,NaN
EFF-XA1N,7/6/19 8:31,139.5,NaN,NaN,NaN,1,v5,NaN
EFF-XA1N,7/6/19 8:31,139.8,NaN,NaN,NaN,1,v5,NaN
EFF-XA1N,7/6/19 8:31,140.4,NaN,NaN,NaN,1,v5,NaN
EFF-XA1N,7/26/19 7:32,141.5,NaN,NaN,NaN,1,v.070919,NaN
EFF-XA1N,7/26/19 7:32,141.6,NaN,NaN,NaN,1,v.070919,NaN
EFF-XA1N,7/26/19 7:32,142,NaN,NaN,NaN,1,v.070919,NaN
EFF-XA1N,8/5/19 6:55,NaN,NaN,NaN,NaN,0,bamboo speaker wire,NaN
EFF-XA1N,9/21/19 10:39,124,NaN,NaN,NaN,1,v6,NaN
EFF-XA1N,9/21/19 10:39,124.5,NaN,NaN,NaN,1,v6,NaN
EFF-XA1N,9/21/19 10:39,125,NaN,NaN,NaN,1,v6,NaN
EFF-XA1N,10/5/19 7:35,52.3,NaN,NaN,NaN,1,v6,NaN
EFF-XA1N,10/5/19 7:35,52.4,NaN,NaN,NaN,1,v6,NaN
EFF-XA1N,10/5/19 7:35,52.5,NaN,NaN,NaN,1,v6,NaN
EFF-XA1N,10/20/19 14:25,120.5,NaN,NaN,NaN,1,v6,NaN
EFF-XA1N,10/20/19 14:25,120.6,NaN,NaN,NaN,1,v6,NaN
EFF-XA1N,10/20/19 14:25,120.9,NaN,NaN,NaN,1,v6,NaN
EFF-XA2N,5/31/18 8:55,52.705,45.72,-10.32880952,NaN,1,v1,NaN
EFF-XA2N,5/31/18 8:55,48.895,43.815,-8.423809524,NaN,1,v1,NaN
EFF-XA2N,5/31/18 8:55,48.5775,43.815,-8.106309524,NaN,1,v1,NaN
EFF-XA2N,6/18/18 7:35,57.15,43.815,-16.67880952,NaN,1,v1,NaN
EFF-XA2N,6/18/18 7:35,57.15,43.815,-16.67880952,NaN,1,v1,NaN
EFF-XA2N,6/18/18 7:35,57.785,43.815,-17.31380952,NaN,1,v1,NaN
EFF-XA2N,6/30/18 8:31,66.3575,44.353,-25.34830952,NaN,1,v1,NaN
EFF-XA2N,6/30/18 8:31,66.04,44.353,-25.03080952,NaN,1,v1,NaN
EFF-XA2N,6/30/18 8:31,65.405,44.353,-24.39580952,NaN,1,v1,NaN
EFF-XA2N,7/16/18 8:10,70.5,44.2,-30.895,NaN,1,v2,NaN
EFF-XA2N,7/16/18 8:10,71.5,44.2,-31.895,NaN,1,v2,NaN
EFF-XA2N,7/16/18 8:10,71.6,44.2,-31.995,NaN,1,v2,NaN
EFF-XA2N,7/25/18 7:36,71.1,44.8,-30.895,NaN,1,v2,NaN
EFF-XA2N,7/25/18 7:36,71.4,44.8,-31.195,NaN,1,v2,NaN
EFF-XA2N,7/25/18 7:36,71.9,44.8,-31.695,NaN,1,v2,NaN
EFF-XA2N,8/10/18 6:45,78,44.353,-37.247,NaN,1,v3,NaN
EFF-XA2N,8/10/18 6:45,78.5,44.353,-37.747,NaN,1,v3,NaN
EFF-XA2N,8/10/18 6:45,75.5,44.353,-34.747,NaN,1,v3,NaN
EFF-XA2N,8/24/18 8:13,74,44.5,-33.1,NaN,1,v3,NaN
EFF-XA2N,8/24/18 8:13,73.6,44.5,-32.7,NaN,1,v3,NaN
EFF-XA2N,8/24/18 8:13,73.3,44.5,-32.4,NaN,1,v3,NaN
EFF-XA2N,9/16/18 7:39,71.5,44.353,-30.747,NaN,1,v3,NaN
EFF-XA2N,9/16/18 7:39,71.5,44.353,-30.747,NaN,1,v3,NaN
EFF-XA2N,9/16/18 7:39,71.7,44.353,-30.947,NaN,1,v3,NaN
EFF-XA2N,9/29/18 9:00,63.9,44.353,-23.147,NaN,1,v3,NaN
EFF-XA2N,9/29/18 9:00,64.1,44.353,-23.347,NaN,1,v3,NaN
EFF-XA2N,9/29/18 9:00,64.2,44.353,-23.447,NaN,1,v3,NaN
EFF-XA2N,11/18/18 14:14,49,44.353,-8.247,NaN,1,v3,NaN
EFF-XA2N,11/18/18 14:14,49,44.353,-8.247,NaN,1,v3,NaN
EFF-XA2N,11/18/18 14:14,49,44.353,-8.247,NaN,1,v3,NaN
EFF-XA2N,6/18/19 7:52,45,44.353,-3.990809524,NaN,1,v4,NaN
EFF-XA2N,6/18/19 7:52,46,44.353,-4.990809524,NaN,1,v4,NaN
EFF-XA2N,6/18/19 7:52,48,44.353,-6.990809524,NaN,1,v4,NaN
EFF-XA2N,7/6/19 8:29,58.7,44.353,-17.69080952,NaN,1,v5,NaN
EFF-XA2N,7/6/19 8:29,58.5,44.353,-17.49080952,NaN,1,v5,NaN
EFF-XA2N,7/6/19 8:29,58.8,44.353,-17.79080952,NaN,1,v5,NaN
EFF-XA2N,7/26/19 7:30,67,44.353,-25.99080952,NaN,1,v.070919,NaN
EFF-XA2N,7/26/19 7:30,67.2,44.353,-26.19080952,NaN,1,v.070919,NaN
EFF-XA2N,7/26/19 7:30,67.4,44.353,-26.39080952,NaN,1,v.070919,NaN
EFF-XA2N,8/5/19 6:52,70.5,44.353,-28.797,NaN,1,bamboo speaker wire,NaN
EFF-XA2N,8/5/19 6:52,70.5,44.353,-28.797,NaN,1,bamboo speaker wire,NaN
EFF-XA2N,8/5/19 6:52,70.5,44.353,-28.797,NaN,1,bamboo speaker wire,NaN
EFF-XA2N,8/20/19 8:58,70.3,44.353,-28.937,NaN,1,v6,NaN
EFF-XA2N,8/20/19 8:58,70.8,44.353,-29.437,NaN,1,v6,NaN
EFF-XA2N,8/20/19 8:58,70.5,44.353,-29.137,NaN,1,v6,NaN
EFF-XA2N,9/3/19 8:59,70.5,44.353,-29.137,NaN,1,v6,NaN
EFF-XA2N,9/3/19 8:59,70.5,44.353,-29.137,NaN,1,v6,NaN
EFF-XA2N,9/3/19 8:59,70.7,44.353,-29.337,NaN,1,v6,NaN
EFF-XA2N,9/21/19 10:41,55.9,44.353,-14.537,NaN,1,v6,NaN
EFF-XA2N,9/21/19 10:41,56,44.353,-14.637,NaN,1,v6,NaN
EFF-XA2N,9/21/19 10:41,56.2,44.353,-14.837,NaN,1,v6,NaN
EFF-XA2N,10/5/19 7:34,124.5,44.353,-83.137,NaN,1,v6,NaN
EFF-XA2N,10/5/19 7:34,124.5,44.353,-83.137,NaN,1,v6,NaN
EFF-XA2N,10/5/19 7:34,124.6,44.353,-83.237,NaN,1,v6,NaN
EFF-XA2N,10/20/19 14:23,50,44.353,-8.637,NaN,1,v6,NaN
EFF-XA2N,10/20/19 14:23,49.6,44.353,-8.237,NaN,1,v6,NaN
EFF-XA2N,10/20/19 14:23,49.5,44.353,-8.137,NaN,1,v6,NaN
EFF-XB7S,7/6/19 9:20,52,NaN,NaN,NaN,1,v5,NaN
EFF-XB7S,7/6/19 9:20,52.1,NaN,NaN,NaN,1,v5,NaN
EFF-XB7S,7/6/19 9:20,52.4,NaN,NaN,NaN,1,v5,NaN
EFF-XB7S,7/26/19 7:56,51.2,NaN,NaN,NaN,1,v.070919,NaN
EFF-XB7S,7/26/19 7:56,51.1,NaN,NaN,NaN,1,v.070919,NaN
EFF-XB7S,7/26/19 7:56,51.3,NaN,NaN,NaN,1,v.070919,NaN
EFF-XB7S,8/5/19 7:12,53.4,NaN,NaN,NaN,1,bamboo speaker wire,NaN
EFF-XB7S,8/5/19 7:12,53.5,NaN,NaN,NaN,1,bamboo speaker wire,NaN
EFF-XB7S,8/5/19 7:12,53.6,NaN,NaN,NaN,1,bamboo speaker wire,NaN
EFF-XB7S,8/20/19 9:11,53.6,NaN,NaN,NaN,1,v6,NaN
EFF-XB7S,8/20/19 9:11,53.2,NaN,NaN,NaN,1,v6,NaN
EFF-XB7S,8/20/19 9:11,53,NaN,NaN,NaN,1,v6,NaN
EFF-XB7S,9/3/19 8:56,52.5,NaN,NaN,NaN,1,v6,NaN
EFF-XB7S,9/3/19 8:56,52.9,NaN,NaN,NaN,1,v6,NaN
EFF-XB7S,9/3/19 8:56,52.9,NaN,NaN,NaN,1,v6,NaN
EFF-XB7S,10/20/19 14:45,51,NaN,NaN,NaN,1,v6,NaN
EFF-XB7S,10/20/19 14:45,51.1,NaN,NaN,NaN,1,v6,NaN
EFF-XB7S,10/20/19 14:45,51.2,NaN,NaN,NaN,1,v6,NaN
EFR-XB1S,6/1/18 7:40,121.92,86.6775,-38.58630952,NaN,1,v1,NaN
EFR-XB1S,6/1/18 7:40,122.555,86.6775,-39.22130952,NaN,1,v1,NaN
EFR-XB1S,6/1/18 7:40,122.555,86.6775,-39.22130952,NaN,1,v1,NaN
EFR-XB1S,6/18/18 7:56,127.3175,96.2025,-34.45880952,NaN,1,v1,NaN
EFR-XB1S,6/18/18 7:56,128.27,96.2025,-35.41130952,NaN,1,v1,NaN
EFR-XB1S,6/18/18 7:56,128.5875,96.2025,-35.72880952,NaN,1,v1,NaN
EFR-XB1S,6/30/18 9:10,129.54,90.896,-41.98780952,NaN,1,v1,NaN
EFR-XB1S,6/30/18 9:10,130.4925,90.896,-42.94030952,NaN,1,v1,NaN
EFR-XB1S,6/30/18 9:10,133.985,90.896,-46.43280952,NaN,1,v1,NaN
EFR-XB1S,7/16/18 8:54,133,88,-49.595,NaN,1,v2,NaN
EFR-XB1S,7/16/18 8:54,133.4,88,-49.995,NaN,1,v2,NaN
EFR-XB1S,7/16/18 8:54,133.9,88,-50.495,NaN,1,v2,NaN
EFR-XB1S,7/25/18 8:41,131.5,87.5,-48.595,NaN,1,v2,NaN
EFR-XB1S,7/25/18 8:41,132,87.5,-49.095,NaN,1,v2,NaN
EFR-XB1S,7/25/18 8:41,132.3,87.5,-49.395,NaN,1,v2,NaN
EFR-XB1S,8/10/18 7:31,133.4,90.896,-46.104,NaN,1,v3,NaN
EFR-XB1S,8/10/18 7:31,133.5,90.896,-46.204,NaN,1,v3,NaN
EFR-XB1S,8/10/18 7:31,133.7,90.896,-46.404,NaN,1,v3,NaN
EFR-XB1S,8/24/18 8:51,133.2,96.1,-40.7,NaN,1,v3,NaN
EFR-XB1S,8/24/18 8:51,133.4,96.1,-40.9,NaN,1,v3,NaN
EFR-XB1S,8/24/18 8:51,133.6,96.1,-41.1,NaN,1,v3,NaN
EFR-XB1S,9/16/18 8:07,134.5,90.896,-47.204,NaN,1,v3,NaN
EFR-XB1S,9/16/18 8:07,134.4,90.896,-47.104,NaN,1,v3,NaN
EFR-XB1S,9/16/18 8:07,134.7,90.896,-47.404,NaN,1,v3,NaN
EFR-XB1S,9/29/18 8:19,134,90.896,-46.704,NaN,1,v3,NaN
EFR-XB1S,9/29/18 8:19,134.4,90.896,-47.104,NaN,1,v3,NaN
EFR-XB1S,9/29/18 8:19,134.5,90.896,-47.204,NaN,1,v3,NaN
EFR-XB1S,11/18/18 13:50,133,90.896,-45.704,NaN,1,v3,NaN
EFR-XB1S,11/18/18 13:50,132.7,90.896,-45.404,NaN,1,v3,NaN
EFR-XB1S,11/18/18 13:50,132.8,90.896,-45.504,NaN,1,v3,NaN
EFR-XB1S,7/6/19 9:22,122.6,90.896,-35.04780952,NaN,1,v5,NaN
EFR-XB1S,7/6/19 9:22,123.3,90.896,-35.74780952,NaN,1,v5,NaN
EFR-XB1S,7/6/19 9:22,123.6,90.896,-36.04780952,NaN,1,v5,NaN
EFR-XB1S,7/26/19 8:05,129,90.896,-41.44780952,NaN,1,v.070919,NaN
EFR-XB1S,7/26/19 8:05,128.5,90.896,-40.94780952,NaN,1,v.070919,NaN
EFR-XB1S,7/26/19 8:05,129.2,90.896,-41.64780952,NaN,1,v.070919,NaN
EFR-XB1S,10/20/19 15:09,133.5,90.896,-45.594,NaN,1,v6,NaN
EFR-XB1S,10/20/19 15:09,133.6,90.896,-45.694,NaN,1,v6,NaN
EFR-XB1S,10/20/19 15:09,133.4,90.896,-45.494,NaN,1,v6,NaN
EFR-XB2N,7/16/18 9:19,57,34,-27.595,NaN,1,v2,NaN
EFR-XB2N,7/16/18 9:19,57,34,-27.595,NaN,1,v2,NaN
EFR-XB2N,7/16/18 9:19,57,34,-27.595,NaN,1,v2,NaN
EFR-XB2N,7/25/18 8:50,56.4,34.5,-26.495,NaN,1,v2,NaN
EFR-XB2N,7/25/18 8:50,56.4,34.5,-26.495,NaN,1,v2,NaN
EFR-XB2N,7/25/18 8:50,56.4,34.5,-26.495,NaN,1,v2,NaN
EFR-XB2N,7/6/19 9:26,48,34.25,-17.09380952,1,1,v5,NaN
EFR-XB2N,7/6/19 9:26,48.3,34.25,-17.39380952,NaN,1,v5,NaN
EFR-XB2N,7/6/19 9:26,48.3,34.25,-17.39380952,NaN,1,v5,NaN
EFR-XB2N,7/26/19 13:05,55.8,34.25,-24.89380952,NaN,1,v.070919,NaN
EFR-XB2N,7/26/19 13:05,55.8,34.25,-24.89380952,NaN,1,v.070919,NaN
EFR-XB2N,7/26/19 13:05,56,34.25,-25.09380952,NaN,1,v.070919,NaN
EFR-XB2N,10/20/19 14:11,47.4,34.25,-16.14,NaN,1,v6,NaN
EFR-XB2N,10/20/19 14:11,47.6,34.25,-16.34,NaN,1,v6,NaN
EFR-XB2N,10/20/19 14:11,46.6,34.25,-15.34,NaN,1,v6,NaN
EFR-XB2S,7/16/18 7:57,NaN,NaN,NaN,NaN,0,v2,116
EFR-XB2S,7/6/19 9:19,NaN,NaN,NaN,NaN,0,nw,117
EFR-XB2S,7/6/19 9:19,NaN,NaN,NaN,NaN,0,nw,117
EFR-XB2S,7/6/19 9:19,NaN,NaN,NaN,NaN,0,nw,117
EFR-XB2S,7/26/19 8:05,NaN,NaN,NaN,NaN,0,nw,116.66
EFR-XB2S,8/20/19 9:22,NaN,NaN,NaN,NaN,0,v6,116.66
EFR-XB2S,10/20/19 15:07,NaN,NaN,NaN,NaN,0,nw,116.3
EFR-XB3N,7/16/18 9:21,84.4,49.5,-39.495,NaN,1,v2,NaN
EFR-XB3N,7/16/18 9:21,84.7,49.5,-39.795,NaN,1,v2,NaN
EFR-XB3N,7/16/18 9:21,85,49.5,-40.095,NaN,1,v2,NaN
EFR-XB3N,7/25/18 8:52,83,50.3,-37.295,NaN,1,v2,NaN
EFR-XB3N,7/25/18 8:52,83.9,50.3,-38.195,NaN,1,v2,NaN
EFR-XB3N,7/25/18 8:52,83.8,50.3,-38.095,NaN,1,v2,NaN
EFR-XB3N,7/6/19 9:27,74.9,49.9,-28.34380952,1,1,v5,NaN
EFR-XB3N,7/6/19 9:27,75.2,49.9,-28.64380952,NaN,1,v5,NaN
EFR-XB3N,7/6/19 9:27,75.5,49.9,-28.94380952,NaN,1,v5,NaN
EFR-XB3N,7/26/19 13:07,80.2,49.9,-33.64380952,NaN,1,v.070919,NaN
EFR-XB3N,7/26/19 13:07,80,49.9,-33.44380952,NaN,1,v.070919,NaN
EFR-XB3N,7/26/19 13:07,79.9,49.9,-33.34380952,NaN,1,v.070919,NaN
EFR-XB3N,9/3/19 9:29,81,49.9,-34.09,NaN,1,v6,NaN
EFR-XB3N,9/3/19 9:29,81.3,49.9,-34.39,NaN,1,v6,NaN
EFR-XB3N,9/3/19 9:29,81,49.9,-34.09,NaN,1,v6,NaN
EFR-XB3N,10/20/19 14:10,68.2,49.9,-21.29,NaN,1,v6,NaN
EFR-XB3N,10/20/19 14:10,68.6,49.9,-21.69,NaN,1,v6,NaN
EFR-XB3N,10/20/19 14:10,68.6,49.9,-21.69,NaN,1,v6,NaN
EFR-XB3S,7/16/18 7:58,NaN,NaN,NaN,NaN,0,v2,147
EFR-XB3S,7/6/19 9:17,134.6,NaN,NaN,1,1,v5,147
EFR-XB3S,7/6/19 9:17,133.6,NaN,NaN,NaN,1,v5,147
EFR-XB3S,7/6/19 9:17,134,NaN,NaN,NaN,1,v5,147
EFR-XB3S,7/6/19 9:17,134,NaN,NaN,NaN,1,v5,147
EFR-XB3S,7/26/19 8:00,138.5,NaN,NaN,NaN,1,v.070919,147
EFR-XB3S,7/26/19 8:00,138.7,NaN,NaN,NaN,1,v.070919,147
EFR-XB3S,7/26/19 8:00,138.7,NaN,NaN,NaN,1,v.070919,147
EFR-XB3S,10/20/19 15:05,133.6,NaN,NaN,NaN,1,v6,147
EFR-XB3S,10/20/19 15:05,133.6,NaN,NaN,NaN,1,v6,147
EFR-XB3S,10/20/19 15:05,133.9,NaN,NaN,NaN,1,v6,147
EHF-XA3S,6/1/18 6:40,66.675,64.4525,-5.566309524,NaN,1,v1,132.8
EHF-XA3S,6/1/18 6:40,66.04,64.4525,-4.931309524,NaN,1,v1,132.8
EHF-XA3S,6/1/18 6:40,65.405,64.4525,-4.296309524,NaN,1,v1,132.8
EHF-XA3S,6/18/18 8:07,67.31,64.77,-5.883809524,NaN,1,v1,132.8
EHF-XA3S,6/18/18 8:07,67.31,64.77,-5.883809524,NaN,1,v1,132.8
EHF-XA3S,6/18/18 8:07,67.945,64.77,-6.518809524,NaN,1,v1,132.8
EHF-XA3S,6/30/18 8:45,82.8675,65.51288462,-20.69842491,NaN,1,v1,132.8
EHF-XA3S,6/30/18 8:45,83.82,65.51288462,-21.65092491,NaN,1,v1,132.8
EHF-XA3S,6/30/18 8:45,84.1375,65.51288462,-21.96842491,NaN,1,v1,132.8
EHF-XA3S,7/16/18 8:19,114.4,66.4,-52.595,NaN,1,v2,132.8
EHF-XA3S,7/16/18 8:19,114.5,66.4,-52.695,NaN,1,v2,132.8
EHF-XA3S,7/16/18 8:19,114.4,66.4,-52.595,NaN,1,v2,132.8
EHF-XA3S,7/25/18 7:45,140,66,-78.595,NaN,1,v2,132.8
EHF-XA3S,7/25/18 7:45,140,66,-78.595,NaN,1,v2,132.8
EHF-XA3S,7/25/18 7:45,140.7,66,-79.295,NaN,1,v2,132.8
EHF-XA3S,8/10/18 6:50,NaN,65.51288462,NaN,NaN,0,v3,132.8
EHF-XA3S,8/24/18 8:19,NaN,66.8,NaN,NaN,0,v3,132.8
EHF-XA3S,9/16/18 7:44,NaN,65.51288462,NaN,NaN,0,nm,132.8
EHF-XA3S,9/29/18 9:03,NaN,65.51288462,NaN,NaN,0,nw,132.8
EHF-XA3S,11/18/18 14:22,78,65.51288462,-16.08711538,NaN,1,v3,132.8
EHF-XA3S,11/18/18 14:22,78.8,65.51288462,-16.88711538,NaN,1,v3,132.8
EHF-XA3S,11/18/18 14:22,78.5,65.51288462,-16.58711538,NaN,1,v3,132.8
EHF-XA3S,6/2/19 11:55,65.5,65.51288462,0.012884615,NaN,1,nm,132.8
EHF-XA3S,6/2/19 11:55,65.5,65.51288462,0.012884615,NaN,1,nm,132.8
EHF-XA3S,6/2/19 11:55,65.7,65.51288462,-0.187115385,NaN,1,nm,132.8
EHF-XA3S,6/18/19 8:07,66,65.51288462,-3.830924908,NaN,1,v4,132.8
EHF-XA3S,6/18/19 8:07,66,65.51288462,-3.830924908,NaN,1,v4,132.8
EHF-XA3S,6/18/19 8:07,66.8,65.51288462,-4.887115385,NaN,1,v3,132.8
EHF-XA3S,7/6/19 8:41,69.8,65.51288462,-7.630924908,NaN,1,v5,132.8
EHF-XA3S,7/6/19 8:41,69,65.51288462,-6.830924908,NaN,1,v5,132.8
EHF-XA3S,7/6/19 8:41,68.5,65.51288462,-6.330924908,NaN,1,v5,132.8
EHF-XA3S,7/26/19 7:38,102.5,65.51288462,-40.33092491,NaN,1,v.070919,132.8
EHF-XA3S,7/26/19 7:38,102.7,65.51288462,-40.53092491,NaN,1,v.070919,132.8
EHF-XA3S,7/26/19 7:38,102.9,65.51288462,-40.73092491,NaN,1,v.070919,132.8
EHF-XA3S,8/5/19 6:59,126.8,65.51288462,-63.93711538,NaN,1,bamboo speaker wire,132.8
EHF-XA3S,8/5/19 6:59,126.5,65.51288462,-63.63711538,NaN,1,bamboo speaker wire,132.8
EHF-XA3S,8/5/19 6:59,125.8,65.51288462,-62.93711538,NaN,1,bamboo speaker wire,132.8
EHF-XA3S,8/20/19 9:01,NaN,65.51288462,NaN,NaN,0,v6,132.8
EHF-XA3S,9/21/19 10:40,85,65.51288462,-22.47711538,NaN,1,v6,132.8
EHF-XA3S,9/21/19 10:40,85.2,65.51288462,-22.67711538,NaN,1,v6,132.8
EHF-XA3S,9/21/19 10:40,85.2,65.51288462,-22.67711538,NaN,1,v6,132.8
EHF-XA3S,10/5/19 7:28,81,65.51288462,-18.47711538,NaN,1,v6,132.8
EHF-XA3S,10/5/19 7:28,81.1,65.51288462,-18.57711538,NaN,1,v6,132.8
EHF-XA3S,10/5/19 7:28,81.5,65.51288462,-18.97711538,NaN,1,v6,132.8
EHF-XA3S,10/20/19 14:29,76,65.51288462,-13.47711538,NaN,1,v6,132.8
EHF-XA3S,10/20/19 14:29,76.1,65.51288462,-13.57711538,NaN,1,v6,132.8
EHF-XA3S,10/20/19 14:29,76.1,65.51288462,-13.57711538,NaN,1,v6,132.8
EHR-1,5/31/18 8:30,81.28,53.975,-30.64880952,NaN,1,v1,NaN
EHR-1,6/18/18 7:17,95.885,54.9275,-44.30130952,NaN,1,v1,NaN
EHR-1,6/18/18 7:17,95.885,54.9275,-44.30130952,NaN,1,v1,NaN
EHR-1,6/18/18 7:17,96.52,54.9275,-44.93630952,NaN,1,v1,NaN
EHR-1,6/30/18 8:15,110.8075,55.04288462,-59.10842491,NaN,1,v1,NaN
EHR-1,6/30/18 8:15,111.4425,55.04288462,-59.74342491,NaN,1,v1,NaN
EHR-1,6/30/18 8:15,110.49,55.04288462,-58.79092491,NaN,1,v1,NaN
EHR-1,7/16/18 7:52,116.9,54.4,-67.095,NaN,1,v2,NaN
EHR-1,7/16/18 7:52,118,54.4,-68.195,NaN,1,v2,NaN
EHR-1,7/16/18 7:52,119.5,54.4,-69.695,NaN,1,v2,NaN
EHR-1,7/25/18 7:21,117.6,55.6,-66.595,NaN,1,v2,NaN
EHR-1,7/25/18 7:21,117.8,55.6,-66.795,NaN,1,v2,NaN
EHR-1,7/25/18 7:21,118,55.6,-66.995,NaN,1,v2,NaN
EHR-1,8/10/18 6:32,119.7,55.04288462,-68.25711538,NaN,1,v3,NaN
EHR-1,8/10/18 6:32,120.5,55.04288462,-69.05711538,NaN,1,v3,NaN
EHR-1,8/10/18 6:32,123.5,55.04288462,-72.05711538,NaN,1,v3,NaN
EHR-1,8/24/18 7:53,117.9,55.6,-65.9,1,1,v3,NaN
EHR-1,8/24/18 7:53,117.9,55.6,-65.9,NaN,1,v3,NaN
EHR-1,8/24/18 7:53,117.8,55.6,-65.8,NaN,1,v3,NaN
EHR-1,9/16/18 7:21,109.9,55.04288462,-58.45711538,1,1,v3,NaN
EHR-1,9/16/18 7:21,109.8,55.04288462,-58.35711538,1,1,v3,NaN
EHR-1,9/16/18 7:21,109.7,55.04288462,-58.25711538,1,1,v3,NaN
EHR-1,9/29/18 8:16,109,55.04288462,-57.55711538,NaN,1,v3,NaN
EHR-1,9/29/18 8:16,109.1,55.04288462,-57.65711538,NaN,1,v3,NaN
EHR-1,9/29/18 8:16,109.5,55.04288462,-58.05711538,NaN,1,v3,NaN
EHR-1,11/18/18 14:43,92.6,55.04288462,-41.15711538,1,1,v3,NaN
EHR-1,11/18/18 14:43,93.2,55.04288462,-41.75711538,1,1,v3,NaN
EHR-1,11/18/18 14:43,93.6,55.04288462,-42.15711538,1,1,v3,NaN
EHR-1,6/2/19 8:01,58.5,55.04288462,-3.457115385,NaN,1,nm,NaN
EHR-1,6/2/19 8:01,60.5,55.04288462,-5.457115385,NaN,1,nm,NaN
EHR-1,6/2/19 8:01,58.5,55.04288462,-3.457115385,NaN,1,nm,NaN
EHR-1,6/18/19 7:30,60.2,55.04288462,-8.500924908,NaN,1,v4,NaN
EHR-1,6/18/19 7:30,61,55.04288462,-9.300924908,NaN,1,v4,NaN
EHR-1,6/18/19 7:30,60.4,55.04288462,-8.700924908,NaN,1,v4,NaN
EHR-1,7/6/19 8:12,87.5,55.04288462,-35.80092491,NaN,1,v5,NaN
EHR-1,7/6/19 8:12,88.4,55.04288462,-36.70092491,NaN,1,v5,NaN
EHR-1,7/6/19 8:12,88.5,55.04288462,-36.80092491,NaN,1,v5,NaN
EHR-1,7/26/19 8:18,105.5,55.04288462,-53.80092491,NaN,1,v.070919,NaN
EHR-1,7/26/19 8:18,106.1,55.04288462,-54.40092491,NaN,1,v.070919,NaN
EHR-1,7/26/19 8:18,106,55.04288462,-54.30092491,NaN,1,v.070919,NaN
EHR-1,8/5/19 6:39,112,55.04288462,-59.60711538,NaN,1,bamboo speaker wire,NaN
EHR-1,8/5/19 6:39,113,55.04288462,-60.60711538,NaN,1,bamboo speaker wire,NaN
EHR-1,8/5/19 6:39,113.5,55.04288462,-61.10711538,NaN,1,bamboo speaker wire,NaN
EHR-1,8/20/19 8:49,114.5,55.04288462,-62.44711538,NaN,1,v6,NaN
EHR-1,8/20/19 8:49,114.4,55.04288462,-62.34711538,NaN,1,v6,NaN
EHR-1,8/20/19 8:49,115,55.04288462,-62.94711538,NaN,1,v6,NaN
EHR-1,9/3/19 8:41,114.4,55.04288462,-62.34711538,NaN,1,v6,NaN
EHR-1,9/3/19 8:41,114.5,55.04288462,-62.44711538,NaN,1,v6,NaN
EHR-1,9/3/19 8:41,114.6,55.04288462,-62.54711538,NaN,1,v6,NaN
EHR-1,9/21/19 9:23,101.9,55.04288462,-49.84711538,NaN,1,v6,NaN
EHR-1,9/21/19 9:23,102.2,55.04288462,-50.14711538,NaN,1,v6,NaN
EHR-1,9/21/19 9:23,102.4,55.04288462,-50.34711538,NaN,1,v6,NaN
EHR-1,10/5/19 7:00,93.9,55.04288462,-41.84711538,NaN,1,v6,NaN
EHR-1,10/5/19 7:00,93.5,55.04288462,-41.44711538,NaN,1,v6,NaN
EHR-1,10/5/19 7:00,93.8,55.04288462,-41.74711538,NaN,1,v6,NaN
EHR-1,10/20/19 14:06,91.6,55.04288462,-39.54711538,NaN,1,v6,NaN
EHR-1,10/20/19 14:06,91.8,55.04288462,-39.74711538,NaN,1,v6,NaN
EHR-1,10/20/19 14:06,91.9,55.04288462,-39.84711538,NaN,1,v6,NaN
EHR-XB1N,7/16/18 9:16,137.4,74.6,-67.395,NaN,1,v2,NaN
EHR-XB1N,7/16/18 9:16,137.4,74.6,-67.395,NaN,1,v2,NaN
EHR-XB1N,7/16/18 9:16,137.7,74.6,-67.695,NaN,1,v2,NaN
EHR-XB1N,7/25/18 8:45,135.9,74.7,-65.795,NaN,1,v2,NaN
EHR-XB1N,7/25/18 8:45,135.5,74.7,-65.395,NaN,1,v2,NaN
EHR-XB1N,7/25/18 8:45,136.4,74.7,-66.295,NaN,1,v2,NaN
EHR-XB1N,7/6/19 9:24,122.6,74.65,-51.29380952,1,1,v5,NaN
EHR-XB1N,7/6/19 9:24,122.5,74.65,-51.19380952,NaN,1,v5,NaN
EHR-XB1N,7/6/19 9:24,123,74.65,-51.69380952,NaN,1,v5,NaN
EHR-XB1N,7/26/19 13:04,131,74.65,-59.69380952,NaN,1,v.070919,NaN
EHR-XB1N,7/26/19 13:04,131.1,74.65,-59.79380952,NaN,1,v.070919,NaN
EHR-XB1N,7/26/19 13:04,131.2,74.65,-59.89380952,NaN,1,v.070919,NaN
EHR-XB1N,10/20/19 14:12,118.7,74.65,-47.04,NaN,1,v6,NaN
EHR-XB1N,10/20/19 14:12,118.4,74.65,-46.74,NaN,1,v6,NaN
EHR-XB1N,10/20/19 14:12,118.5,74.65,-46.84,NaN,1,v6,NaN
EHT-XA5S,6/1/18 6:43,33.655,37.7825,0.783690476,NaN,1,v1,145.3333333
EHT-XA5S,6/1/18 6:43,34.925,37.7825,-0.486309524,NaN,1,v1,145.3333333
EHT-XA5S,6/1/18 6:43,33.9725,37.7825,0.466190476,NaN,1,v1,145.3333333
EHT-XA5S,6/18/18 8:13,70.8025,37.465,-36.68130952,NaN,1,v1,145.3333333
EHT-XA5S,6/18/18 8:13,71.12,37.465,-36.99880952,NaN,1,v1,145.3333333
EHT-XA5S,6/18/18 8:13,71.12,37.465,-36.99880952,NaN,1,v1,145.3333333
EHT-XA5S,6/30/18 8:47,101.9175,38.24022727,-67.02108225,NaN,1,v1,145.3333333
EHT-XA5S,6/30/18 8:47,102.87,38.24022727,-67.97358225,NaN,1,v1,145.3333333
EHT-XA5S,6/30/18 8:47,102.87,38.24022727,-67.97358225,NaN,1,v1,145.3333333
EHT-XA5S,7/16/18 8:25,140,38.9,-105.695,NaN,1,v2,145.3333333
EHT-XA5S,7/16/18 8:25,140.9,38.9,-106.595,NaN,1,v2,145.3333333
EHT-XA5S,7/16/18 8:25,140.4,38.9,-106.095,NaN,1,v2,145.3333333
EHT-XA5S,7/25/18 7:51,NaN,38.7,NaN,1,0,v2,145.5
EHT-XA5S,8/10/18 6:53,NaN,38.24022727,NaN,NaN,0,v3,145.5
EHT-XA5S,8/24/18 8:25,NaN,39.5,NaN,NaN,0,v3,145
EHT-XA5S,9/16/18 7:46,NaN,38.24022727,NaN,NaN,NaN,v3,145.3333333
EHT-XA5S,9/29/18 9:04,NaN,38.24022727,NaN,NaN,0,nw,145.3333333
EHT-XA5S,11/18/18 14:26,57.9,38.24022727,-23.25977273,NaN,1,v3,145.3333333
EHT-XA5S,11/18/18 14:26,57.7,38.24022727,-23.05977273,NaN,1,v3,145.3333333
EHT-XA5S,11/18/18 14:26,57.5,38.24022727,-22.85977273,NaN,1,v3,145.3333333
EHT-XA5S,6/2/19 10:34,32,38.24022727,6.240227273,NaN,1,nm,145.3333333
EHT-XA5S,6/2/19 10:34,33.5,38.24022727,4.740227273,NaN,1,nm,145.3333333
EHT-XA5S,6/2/19 10:34,34,38.24022727,4.240227273,NaN,1,nm,145.3333333
EHT-XA5S,6/18/19 8:22,35.4,38.24022727,-0.759772727,NaN,1,v3,145.3333333
EHT-XA5S,6/18/19 8:22,36.2,38.24022727,-1.559772727,NaN,1,v3,145.3333333
EHT-XA5S,6/18/19 8:22,36.3,38.24022727,-1.659772727,NaN,1,v3,145.3333333
EHT-XA5S,7/6/19 8:46,89.8,38.24022727,-54.90358225,1,1,v5,145.3333333
EHT-XA5S,7/6/19 8:46,90.6,38.24022727,-55.70358225,NaN,1,v5,145.3333333
EHT-XA5S,7/6/19 8:46,90.5,38.24022727,-55.60358225,NaN,1,v5,145.3333333
EHT-XA5S,7/26/19 12:12,126.5,38.24022727,-91.60358225,NaN,1,v.070919,145.3333333
EHT-XA5S,7/26/19 12:12,126.8,38.24022727,-91.90358225,NaN,1,v.070919,145.3333333
EHT-XA5S,7/26/19 12:12,127,38.24022727,-92.10358225,NaN,1,v.070919,145.3333333
EHT-XA5S,9/3/19 9:05,NaN,38.24022727,NaN,1,0,v6,145.3333333
EHT-XA5S,9/21/19 9:48,NaN,38.24022727,NaN,NaN,0,nw,145.3333333
EHT-XA5S,10/5/19 0:00,NaN,38.24022727,NaN,NaN,0,nw,145.3333333
EHT-XA5S,10/20/19 14:32,78,38.24022727,-42.74977273,NaN,1,v6,145.3333333
EHT-XA5S,10/20/19 14:32,78.4,38.24022727,-43.14977273,NaN,1,v6,145.3333333
EHT-XA5S,10/20/19 14:32,78.2,38.24022727,-42.94977273,NaN,1,v6,145.3333333
EHT-XB4S,7/16/18 9:11,138.4,102.3,-40.695,NaN,1,v2,146.5
EHT-XB4S,7/16/18 9:11,138.5,102.3,-40.795,NaN,1,v2,146.5
EHT-XB4S,7/16/18 9:11,138.6,102.3,-40.895,NaN,1,v2,146.5
EHT-XB4S,7/6/19 9:15,125.4,102.3,-26.44380952,NaN,1,v5,146.5
EHT-XB4S,7/6/19 9:15,125.4,102.3,-26.44380952,NaN,1,v5,146.5
EHT-XB4S,7/6/19 9:15,125.5,102.3,-26.54380952,NaN,1,v5,146.5
EHT-XB4S,7/26/19 8:05,NaN,102.3,NaN,1,0,nw,146.5
EHT-XB4S,8/20/19 9:20,NaN,102.3,NaN,NaN,0,v6,146.5
EHT-XB4S,10/20/19 13:04,124,102.3,-24.69,NaN,1,v6,146.5
EHT-XB4S,10/20/19 13:04,124,102.3,-24.69,NaN,1,v6,146.5
EHT-XB4S,10/20/19 13:04,124.3,102.3,-24.99,NaN,1,v6,146.5
EHT-XB5S,6/1/18 7:41,39.6875,24.765,-18.26630952,NaN,1,v1,152.95
EHT-XB5S,6/1/18 7:41,38.4175,24.765,-16.99630952,NaN,1,v1,152.95
EHT-XB5S,6/1/18 7:41,38.735,24.765,-17.31380952,NaN,1,v1,152.95
EHT-XB5S,6/18/18 8:27,83.82,25.7175,-61.44630952,NaN,1,v1,152.95
EHT-XB5S,6/18/18 8:27,84.1375,25.7175,-61.76380952,NaN,1,v1,152.95
EHT-XB5S,6/18/18 8:27,84.455,25.7175,-62.08130952,NaN,1,v1,152.95
EHT-XB5S,6/30/18 9:05,109.22,26.57288462,-85.99092491,NaN,1,v1,152.95
EHT-XB5S,6/30/18 9:05,109.855,26.57288462,-86.62592491,NaN,1,v1,152.95
EHT-XB5S,6/30/18 9:05,109.855,26.57288462,-86.62592491,NaN,1,v1,152.95
EHT-XB5S,7/16/18 8:52,129.5,28.1,-105.995,NaN,1,v2,152.95
EHT-XB5S,7/16/18 8:52,129.6,28.1,-106.095,NaN,1,v2,152.95
EHT-XB5S,7/16/18 8:52,129.4,28.1,-105.895,NaN,1,v2,152.95
EHT-XB5S,7/25/18 8:08,144.3,27.4,-121.495,NaN,1,v2,152.95
EHT-XB5S,7/25/18 8:08,144.5,27.4,-121.695,NaN,1,v2,152.95
EHT-XB5S,7/25/18 8:08,144.4,27.4,-121.595,NaN,1,v2,152.95
EHT-XB5S,8/10/18 7:18,NaN,26.57288462,NaN,NaN,0,v3,152.9
EHT-XB5S,8/24/18 8:35,NaN,27.5,NaN,NaN,0,v3,153
EHT-XB5S,9/16/18 8:04,NaN,26.57288462,NaN,NaN,0,nw,152.95
EHT-XB5S,9/29/18 8:36,NaN,26.57288462,NaN,NaN,0,nw,152.95
EHT-XB5S,11/18/18 13:43,63.3,26.57288462,-40.32711538,NaN,1,v3,152.95
EHT-XB5S,11/18/18 13:43,63.9,26.57288462,-40.92711538,NaN,1,v3,152.95
EHT-XB5S,11/18/18 13:43,63.5,26.57288462,-40.52711538,NaN,1,v3,152.95
EHT-XB5S,6/2/19 19:55,NaN,26.57288462,1.5,NaN,1,nm,152.95
EHT-XC6S,6/1/18 8:00,NaN,33.655,NaN,NaN,0,v1,154.305
EHT-XC6S,6/18/18 8:42,NaN,34.29,NaN,NaN,0,v1,149.86
EWF-XA2S,6/1/18 6:24,107.95,90.17,-21.12380952,NaN,1,v1,147.7
EWF-XA2S,6/1/18 6:24,106.68,90.17,-19.85380952,NaN,1,v1,147.7
EWF-XA2S,6/1/18 6:24,92.075,90.17,-5.248809524,NaN,1,v1,147.7
EWF-XA2S,6/18/18 8:10,111.76,97.155,-17.94880952,NaN,1,v1,147.7
EWF-XA2S,6/18/18 8:10,111.76,97.155,-17.94880952,NaN,1,v1,147.7
EWF-XA2S,6/18/18 8:10,111.76,97.155,-17.94880952,NaN,1,v1,147.7
EWF-XA2S,6/30/18 8:40,131.445,94.5975,-40.19130952,NaN,1,v1,147.7
EWF-XA2S,6/30/18 8:40,132.08,94.5975,-40.82630952,NaN,1,v1,147.7
EWF-XA2S,6/30/18 8:40,132.08,94.5975,-40.82630952,NaN,1,v1,147.7
EWF-XA2S,7/16/18 8:16,143.3,95.3,-52.595,NaN,1,v2,147.7
EWF-XA2S,7/16/18 8:16,144,95.3,-53.295,NaN,1,v2,147.7
EWF-XA2S,7/16/18 8:16,144.3,95.3,-53.595,NaN,1,v2,147.7
EWF-XA2S,7/25/18 7:42,NaN,98.1,NaN,1,0,v2,148
EWF-XA2S,8/10/18 6:48,NaN,94.5975,NaN,NaN,0,v3,147.7
EWF-XA2S,8/24/18 8:18,NaN,94.5975,NaN,NaN,0,v3,147.4
EWF-XA2S,9/16/18 7:42,NaN,94.5975,NaN,NaN,0,nm,147.7
EWF-XA2S,9/29/18 9:02,NaN,94.5975,NaN,NaN,0,nw,147.7
EWF-XA2S,11/18/18 14:20,123.5,94.5975,-32.5025,NaN,1,v3,147.7
EWF-XA2S,11/18/18 14:20,124.5,94.5975,-33.5025,NaN,1,v3,147.7
EWF-XA2S,11/18/18 14:20,124.1,94.5975,-33.1025,NaN,1,v3,147.7
EWF-XA2S,6/2/19 11:55,NaN,94.5975,0,NaN,NaN,nm,147.7
EWF-XA2S,6/18/19 8:04,109,94.5975,-18.0025,NaN,1,v3,147.7
EWF-XA2S,6/18/19 8:04,108.5,94.5975,-17.5025,NaN,1,v3,147.7
EWF-XA2S,6/18/19 8:04,109.5,94.5975,-18.5025,NaN,1,v3,147.7
EWF-XA2S,7/6/19 8:40,113,94.5975,-21.74630952,NaN,1,v5,147.7
EWF-XA2S,7/6/19 8:40,113.2,94.5975,-21.94630952,NaN,1,v5,147.7
EWF-XA2S,7/6/19 8:40,113.5,94.5975,-22.24630952,NaN,1,v5,147.7
EWF-XA2S,7/26/19 7:35,138.7,94.5975,-47.44630952,NaN,1,v.070919,147.7
EWF-XA2S,7/26/19 7:35,138.7,94.5975,-47.44630952,NaN,1,v.070919,147.7
EWF-XA2S,7/26/19 7:35,139,94.5975,-47.74630952,NaN,1,v.070919,147.7
EWF-XA2S,8/5/19 6:58,NaN,94.5975,NaN,NaN,0,bamboo speaker wire,147.7
EWF-XA2S,9/21/19 10:41,NaN,94.5975,NaN,NaN,0,nw,147.7
EWF-XA2S,10/5/19 7:30,136.2,94.5975,-44.5925,NaN,1,v6,147.7
EWF-XA2S,10/5/19 7:30,136.4,94.5975,-44.7925,NaN,1,v6,147.7
EWF-XA2S,10/5/19 7:30,136.5,94.5975,-44.8925,NaN,1,v6,147.7
EWF-XA2S,10/21/19 2:27,126.6,94.5975,-34.9925,NaN,1,v6,147.7
EWF-XA2S,10/21/19 2:27,126.4,94.5975,-34.7925,NaN,1,v6,147.7
EWF-XA2S,10/21/19 2:27,126.5,94.5975,-34.8925,NaN,1,v6,147.7
EWR-1,6/1/18 6:10,92.075,90.17,-5.248809524,NaN,1,v1,NaN
EWR-1,6/1/18 6:10,93.0275,90.17,-6.201309524,NaN,1,v1,NaN
EWR-1,6/1/18 6:10,92.075,90.17,-5.248809524,NaN,1,v1,NaN
EWR-1,6/18/18 7:26,96.52,88.9,-10.96380952,NaN,1,v1,NaN
EWR-1,6/18/18 7:26,98.425,88.9,-12.86880952,NaN,1,v1,NaN
EWR-1,6/18/18 7:26,99.695,88.9,-14.13880952,NaN,1,v1,NaN
EWR-1,6/30/18 8:25,105.7275,90.554,-18.51730952,NaN,1,v1,NaN
EWR-1,6/30/18 8:25,105.7275,90.554,-18.51730952,NaN,1,v1,NaN
EWR-1,6/30/18 8:25,105.7275,90.554,-18.51730952,NaN,1,v1,NaN
EWR-1,7/16/18 8:01,106.7,91.2,-20.095,NaN,1,v2,NaN
EWR-1,7/16/18 8:01,106.8,91.2,-20.195,NaN,1,v2,NaN
EWR-1,7/16/18 8:01,107,91.2,-20.395,NaN,1,v2,NaN
EWR-1,7/25/18 7:28,108,91.2,-21.395,1,1,v2,NaN
EWR-1,7/25/18 7:28,108.4,91.2,-21.795,NaN,1,v2,NaN
EWR-1,7/25/18 7:28,108.6,91.2,-21.995,NaN,1,v2,NaN
EWR-1,8/10/18 6:37,111.5,90.554,-24.546,NaN,1,v3,NaN
EWR-1,8/10/18 6:37,112,90.554,-25.046,NaN,1,v3,NaN
EWR-1,8/10/18 6:37,112,90.554,-25.046,NaN,1,v3,NaN
EWR-1,8/24/18 8:04,110.5,91.3,-22.8,NaN,1,v3,NaN
EWR-1,8/24/18 8:04,110.5,91.3,-22.8,NaN,1,v3,NaN
EWR-1,8/24/18 8:04,110.5,91.3,-22.8,1,1,v3,NaN
EWR-1,9/16/18 7:30,109.4,90.554,-22.446,1,1,v3,NaN
EWR-1,9/16/18 7:30,109.4,90.554,-22.446,1,1,v3,NaN
EWR-1,9/16/18 7:30,109.5,90.554,-22.546,1,1,v3,NaN
EWR-1,9/29/18 8:29,106.8,90.554,-19.846,NaN,1,v3,NaN
EWR-1,9/29/18 8:29,107,90.554,-20.046,NaN,1,v3,NaN
EWR-1,9/29/18 8:29,107.2,90.554,-20.246,NaN,1,v3,NaN
EWR-1,11/18/18 14:04,103.3,90.554,-16.346,1,1,v3,NaN
EWR-1,11/18/18 14:04,103,90.554,-16.046,1,1,v3,NaN
EWR-1,11/18/18 14:04,101,90.554,-14.046,1,1,v3,NaN
EWR-1,6/2/19 8:14,72.5,90.554,18.054,NaN,1,nm,NaN
EWR-1,6/2/19 8:14,73,90.554,17.554,NaN,1,nm,NaN
EWR-1,6/2/19 8:14,73,90.554,17.554,NaN,1,nm,NaN
EWR-1,6/18/19 7:40,80,90.554,10.554,NaN,1,nm,NaN
EWR-1,6/18/19 7:40,79.5,90.554,11.054,NaN,1,nm,NaN
EWR-1,6/18/19 7:40,79.8,90.554,10.754,NaN,1,nm,NaN
EWR-1,7/6/19 8:21,89,90.554,-1.789809524,NaN,1,v5,NaN
EWR-1,7/6/19 8:21,86,90.554,1.210190476,NaN,1,v5,NaN
EWR-1,7/6/19 8:21,86,90.554,1.210190476,NaN,1,v5,NaN
EWR-1,7/6/19 8:21,83.5,90.554,3.710190476,NaN,1,v5,NaN
EWR-1,7/6/19 8:21,84.5,90.554,2.710190476,NaN,1,v5,NaN
EWR-1,7/6/19 8:21,84,90.554,3.210190476,NaN,1,v5,NaN
EWR-1,7/26/19 7:32,105,90.554,-17.78980952,NaN,1,v.070919,NaN
EWR-1,7/26/19 7:32,104.8,90.554,-17.58980952,NaN,1,v.070919,NaN
EWR-1,7/26/19 7:32,105.5,90.554,-18.28980952,NaN,1,v.070919,NaN
EWR-1,8/5/19 6:44,108,90.554,-20.096,NaN,1,bamboo speaker wire,NaN
EWR-1,8/5/19 6:44,107.5,90.554,-19.596,NaN,1,bamboo speaker wire,NaN
EWR-1,8/5/19 6:44,107.5,90.554,-19.596,NaN,1,bamboo speaker wire,NaN
EWR-1,8/20/19 8:53,108,90.554,-20.436,NaN,1,v6,NaN
EWR-1,8/20/19 8:53,109,90.554,-21.436,NaN,1,v6,NaN
EWR-1,8/20/19 8:53,110,90.554,-22.436,NaN,1,v6,NaN
EWR-1,9/3/19 8:47,108.2,90.554,-20.636,NaN,1,v6,NaN
EWR-1,9/3/19 8:47,109,90.554,-21.436,NaN,1,v6,NaN
EWR-1,9/3/19 8:47,109.5,90.554,-21.936,NaN,1,v6,NaN
EWR-1,9/21/19 9:26,105.5,90.554,-17.936,NaN,1,v6,NaN
EWR-1,9/21/19 9:26,105.5,90.554,-17.936,NaN,1,v6,NaN
EWR-1,9/21/19 9:26,106,90.554,-18.436,NaN,1,v6,NaN
EWR-1,10/5/19 7:06,103.5,90.554,-15.936,NaN,1,v6,NaN
EWR-1,10/5/19 7:06,103.7,90.554,-16.136,NaN,1,v6,NaN
EWR-1,10/5/19 7:06,103.7,90.554,-16.136,NaN,1,v6,NaN
EWR-1,10/20/19 14:17,101,90.554,-13.436,NaN,1,v6,NaN
EWR-1,10/20/19 14:17,101,90.554,-13.436,NaN,1,v6,NaN
EWR-1,10/20/19 14:17,101,90.554,-13.436,NaN,1,v6,NaN
EWR-XB4N,7/16/18 9:24,76.8,43,-38.395,NaN,1,v2,NaN
EWR-XB4N,7/16/18 9:24,76.6,43,-38.195,NaN,1,v2,NaN
EWR-XB4N,7/16/18 9:24,76.5,43,-38.095,NaN,1,v2,NaN
EWR-XB4N,7/25/18 8:55,77,44.2,-37.395,NaN,1,v2,NaN
EWR-XB4N,7/25/18 8:55,77,44.2,-37.395,NaN,1,v2,NaN
EWR-XB4N,7/25/18 8:55,77.3,44.2,-37.695,NaN,1,v2,NaN
EWR-XB4N,7/6/19 9:28,67.5,43.6,-27.24380952,1,1,v5,NaN
EWR-XB4N,7/6/19 9:28,67,43.6,-26.74380952,NaN,1,v5,NaN
EWR-XB4N,7/6/19 9:28,67.2,43.6,-26.94380952,NaN,1,v5,NaN
EWR-XB4N,7/26/19 13:09,77.4,43.6,-37.14380952,NaN,1,v.070919,NaN
EWR-XB4N,7/26/19 13:09,77,43.6,-36.74380952,NaN,1,v.070919,NaN
EWR-XB4N,7/26/19 13:09,77.7,43.6,-37.44380952,NaN,1,v.070919,NaN
EWR-XB4N,9/3/19 9:31,76.7,43.6,-36.09,NaN,1,v6,NaN
EWR-XB4N,9/3/19 9:31,76.8,43.6,-36.19,NaN,1,v6,NaN
EWR-XB4N,9/3/19 9:31,76.9,43.6,-36.29,NaN,1,v6,NaN
EWR-XB4N,10/20/19 14:08,66.1,43.6,-25.49,NaN,1,v6,NaN
EWR-XB4N,10/20/19 14:08,66.3,43.6,-25.69,NaN,1,v6,NaN
EWR-XB4N,10/20/19 14:08,66.2,43.6,-25.59,NaN,1,v6,NaN
EWT-1,6/1/18 6:50,89.789,57.15,-35.98280952,NaN,1,v1,149.66
EWT-1,6/1/18 6:50,90.4875,57.15,-36.68130952,NaN,1,v1,149.66
EWT-1,6/1/18 6:50,88.265,57.15,-34.45880952,NaN,1,v1,149.66
EWT-1,6/18/18 8:19,128.27,56.515,-75.09880952,NaN,1,v1,149.66
EWT-1,6/18/18 8:19,128.5875,56.515,-75.41630952,NaN,1,v1,149.66
EWT-1,6/18/18 8:19,128.905,56.515,-75.73380952,NaN,1,v1,149.66
EWT-1,6/30/18 8:50,145.415,56.815,-91.94380952,NaN,1,v1,149.66
EWT-1,6/30/18 8:50,146.3675,56.815,-92.89630952,NaN,1,v1,149.66
EWT-1,6/30/18 8:50,143.51,56.815,-90.03880952,NaN,1,v1,149.66
EWT-1,7/16/18 8:29,147.7,56.7,-95.595,NaN,1,v2,149.66
EWT-1,7/16/18 8:29,147.8,56.7,-95.695,NaN,1,v2,149.66
EWT-1,7/16/18 8:29,148,56.7,-95.895,NaN,1,v2,149.66
EWT-1,7/25/18 8:00,148,56.5,-96.095,NaN,1,v2,151
EWT-1,7/25/18 8:00,148,56.5,-96.095,NaN,1,v2,151
EWT-1,7/25/18 8:00,148,56.5,-96.095,NaN,1,v2,151
EWT-1,8/10/18 6:56,148.5,56.815,-95.285,NaN,1,v3,149.66
EWT-1,8/10/18 6:56,148.5,56.815,-95.285,NaN,1,v3,149.66
EWT-1,8/10/18 6:56,148.4,56.815,-95.185,NaN,1,v3,149.66
EWT-1,8/24/18 8:27,NaN,58,NaN,NaN,0,v3,147.8
EWT-1,9/16/18 7:48,NaN,56.815,NaN,NaN,0,nw,149.66
EWT-1,9/29/18 9:05,NaN,56.815,NaN,NaN,0,nw,149.66
EWT-1,11/18/18 14:28,102,56.815,-48.785,NaN,1,v3,149.66
EWT-1,11/18/18 14:28,102.7,56.815,-49.485,NaN,1,v3,149.66
EWT-1,11/18/18 14:28,102.4,56.815,-49.185,NaN,1,v3,149.66
EWT-1,6/2/19 10:20,21.5,56.815,35.315,NaN,1,nm,149.66
EWT-1,6/2/19 10:20,21.6,56.815,35.215,NaN,1,nm,149.66
EWT-1,6/2/19 10:20,21.6,56.815,35.215,NaN,1,nm,149.66
EWT-1,6/18/19 8:30,NaN,56.815,NaN,1,0,v3,149.66
EWT-1,7/6/19 8:52,129.5,56.815,-76.02880952,1,1,v5,149.66
EWT-1,7/6/19 8:52,130.5,56.815,-77.02880952,NaN,1,v5,149.66
EWT-1,7/6/19 8:52,131.4,56.815,-77.92880952,NaN,1,v5,149.66
EWT-1,7/6/19 8:52,130.9,56.815,-77.42880952,NaN,1,v5,149.66
EWT-1,7/26/19 11:48,145.2,56.815,-91.72880952,NaN,1,v.070919,147.5
EWT-1,7/26/19 11:48,145.2,56.815,-91.72880952,NaN,1,v.070919,149.66
EWT-1,7/26/19 11:48,145.2,56.815,-91.72880952,NaN,1,v.070919,149.66
EWT-1,8/5/19 7:03,147.3,56.815,-93.135,NaN,1,bamboo speaker wire,149.66
EWT-1,8/5/19 7:03,147.3,56.815,-93.135,NaN,1,bamboo speaker wire,149.66
EWT-1,8/5/19 7:03,147.5,56.815,-93.335,NaN,1,bamboo speaker wire,149.66
EWT-1,8/20/19 9:04,NaN,56.815,NaN,NaN,0,v6,149.66
EWT-1,9/21/19 9:44,127.9,56.815,-74.075,NaN,1,v6,149.66
EWT-1,9/21/19 9:44,127.4,56.815,-73.575,NaN,1,v6,149.66
EWT-1,9/21/19 9:44,128,56.815,-74.175,NaN,1,v6,149.66
EWT-1,10/5/19 7:24,113.2,56.815,-59.375,NaN,1,v6,149.66
EWT-1,10/5/19 7:24,113.6,56.815,-59.775,NaN,1,v6,149.66
EWT-1,10/5/19 7:24,114,56.815,-60.175,NaN,1,v6,149.66
EWT-1,10/20/19 14:37,107.5,56.815,-53.675,NaN,1,v6,149.66
EWT-1,10/20/19 14:37,107.4,56.815,-53.575,NaN,1,v6,149.66
EWT-1,10/20/19 14:37,107.5,56.815,-53.675,NaN,1,v6,149.66
KEF-1,7/1/18 8:14,54.9275,50.8,-7.471309524,NaN,1,v1,NaN
KEF-1,7/1/18 8:14,54.9275,50.8,-7.471309524,NaN,1,v1,NaN
KEF-1,7/1/18 8:14,55.245,50.8,-7.788809524,NaN,1,v1,NaN
KEF-1,7/17/18 8:38,55.5,50.6,-9.495,NaN,1,v2,NaN
KEF-1,7/17/18 8:38,55.6,50.6,-9.595,NaN,1,v2,NaN
KEF-1,7/17/18 8:38,55.8,50.6,-9.795,NaN,1,v2,NaN
KEF-1,7/27/18 8:44,54.2,50.8,-7.995,1,1,v2,NaN
KEF-1,7/27/18 8:44,54.4,50.8,-8.195,NaN,1,v2,NaN
KEF-1,7/27/18 8:44,54.5,50.8,-8.295,NaN,1,v2,NaN
KEF-1,8/10/18 8:50,52,50.8,-4.8,NaN,1,v3,NaN
KEF-1,8/10/18 8:50,52.5,50.8,-5.3,NaN,1,v3,NaN
KEF-1,8/10/18 8:50,52,50.8,-4.8,NaN,1,v3,NaN
KEF-1,8/25/18 8:33,52.3,51,-4.9,NaN,1,v3,NaN
KEF-1,8/25/18 8:33,52.5,51,-5.1,NaN,1,v3,NaN
KEF-1,8/25/18 8:33,52.4,51,-5,1,1,v3,NaN
KEF-1,9/16/18 14:08,56.8,50.8,-9.6,1,1,v3,NaN
KEF-1,9/16/18 14:08,56.7,50.8,-9.5,1,1,v3,NaN
KEF-1,9/16/18 14:08,56.8,50.8,-9.6,1,1,v3,NaN
KEF-1,10/1/18 8:51,53.4,50.8,-6.2,1,1,v3,NaN
KEF-1,10/1/18 8:51,53,50.8,-5.8,1,1,v3,NaN
KEF-1,10/1/18 8:51,53.7,50.8,-6.5,1,1,v3,NaN
KEF-1,10/14/18 8:55,53,50.8,-5.8,1,1,v3,NaN
KEF-1,10/14/18 8:55,53,50.8,-5.8,1,1,v3,NaN
KEF-1,10/14/18 8:55,53.5,50.8,-6.3,1,1,v3,NaN
KEF-1,11/18/18 15:26,NaN,50.8,NaN,1,NaN,nm,NaN
KEF-1,6/3/19 12:50,50.8,50.8,7.11E-15,NaN,1,nm,NaN
KEF-1,6/3/19 12:50,51.2,50.8,-0.4,NaN,1,nm,NaN
KEF-1,6/3/19 12:50,51.4,50.8,-0.6,NaN,1,nm,NaN
KEF-1,6/17/19 7:19,64.5,50.8,-17.04380952,NaN,1,v4,NaN
KEF-1,6/17/19 7:19,65.5,50.8,-18.04380952,NaN,1,v4,NaN
KEF-1,6/17/19 7:19,65,50.8,-17.54380952,NaN,1,v4,NaN
KEF-1,7/5/19 8:37,50,50.8,-2.543809524,1,1,v5,NaN
KEF-1,7/5/19 8:37,50.2,50.8,-2.743809524,NaN,1,v5,NaN
KEF-1,7/5/19 8:37,50.7,50.8,-3.243809524,NaN,1,v5,NaN
KEF-1,7/26/19 16:48,55.4,50.8,-7.943809524,NaN,1,v.070919,NaN
KEF-1,7/26/19 16:48,55.5,50.8,-8.043809524,NaN,1,v.070919,NaN
KEF-1,7/26/19 16:48,55.6,50.8,-8.143809524,NaN,1,v.070919,NaN
KEF-1,9/2/19 12:52,56.9,50.8,-9.09,NaN,1,v6,NaN
KEF-1,9/2/19 12:52,57.6,50.8,-9.79,NaN,1,v6,NaN
KEF-1,9/2/19 12:52,57.3,50.8,-9.49,NaN,1,v6,NaN
KEF-1,10/20/19 12:09,54.2,50.8,-6.39,1,1,v6,NaN
KEF-1,10/20/19 12:09,54.4,50.8,-6.59,NaN,1,v6,NaN
KEF-1,10/20/19 12:09,54.7,50.8,-6.89,NaN,1,v6,NaN
KER-1,6/19/18 8:56,90.4875,74.2,-19.63130952,NaN,1,v1,142.5
KER-1,6/19/18 8:56,90.17,74.2,-19.31380952,NaN,1,v1,142.5
KER-1,6/19/18 8:56,90.4875,74.2,-19.63130952,NaN,1,v1,142.5
KER-1,7/1/18 6:30,109.22,74.2,-38.36380952,NaN,1,v1,142.5
KER-1,7/1/18 6:30,109.22,74.2,-38.36380952,NaN,1,v1,142.5
KER-1,7/1/18 6:30,109.22,74.2,-38.36380952,NaN,1,v1,142.5
KER-1,7/17/18 7:35,135.9,74.2,-66.295,NaN,1,v2,142.5
KER-1,7/17/18 7:35,136.4,74.2,-66.795,NaN,1,v2,142.5
KER-1,7/17/18 7:35,136.6,74.2,-66.995,NaN,1,v2,142.5
KER-1,7/27/18 8:06,142.4,74.2,-72.795,1,1,v2,142.5
KER-1,7/27/18 8:06,142.3,74.2,-72.695,NaN,1,v2,142.5
KER-1,7/27/18 8:06,142.2,74.2,-72.595,NaN,1,v2,142.5
KER-1,8/10/18 8:01,145,74.2,-74.4,NaN,1,v3,142.5
KER-1,8/10/18 8:01,145,74.2,-74.4,NaN,1,v3,142.5
KER-1,8/10/18 8:01,145,74.2,-74.4,NaN,1,v3,142.5
KER-1,8/25/18 6:43,NaN,74.2,NaN,NaN,0,v3,142.5
KER-1,9/16/18 14:40,NaN,74.2,NaN,NaN,0,nw,142.5
KER-1,10/1/18 7:47,NaN,74.2,NaN,NaN,0,nw,142.5
KER-1,10/14/18 8:50,NaN,74.2,NaN,NaN,0,nw,142.5
KER-1,11/18/18 21:16,NaN,74.2,NaN,NaN,0,nw,142.5
KER-1,6/3/19 10:02,NaN,74.2,3.5,NaN,1,nm,142.5
KER-1,6/3/19 10:02,NaN,74.2,4.8,NaN,1,nm,142.5
KER-1,6/3/19 10:02,NaN,74.2,5.5,NaN,1,nm,142.5
KER-1,6/17/19 8:42,72.6,74.2,-1.743809524,NaN,1,v4,142.5
KER-1,6/17/19 8:42,71.5,74.2,-0.643809524,NaN,1,v4,142.5
KER-1,6/17/19 8:42,72.5,74.2,-1.643809524,NaN,1,v4,142.5
KER-1,7/5/19 7:34,81.5,74.2,-10.64380952,NaN,1,v5,142.5
KER-1,7/5/19 7:34,80.8,74.2,-9.943809524,NaN,1,v5,142.5
KER-1,7/5/19 7:34,81.4,74.2,-10.54380952,NaN,1,v5,142.5
KER-1,7/26/19 6:46,83.9,74.2,-13.04380952,1,1,v.070919,142.5
KER-1,7/26/19 6:46,83.7,74.2,-12.84380952,NaN,1,v.070919,142.5
KER-1,7/26/19 6:46,83.9,74.2,-13.04380952,NaN,1,v.070919,142.5
KER-1,8/4/19 8:04,84.6,74.2,-13.05,NaN,1,bamboo speaker wire,142.5
KER-1,8/4/19 8:04,85.5,74.2,-13.95,NaN,1,bamboo speaker wire,142.5
KER-1,8/4/19 8:04,84.8,74.2,-13.25,NaN,1,bamboo speaker wire,142.5
KER-1,8/20/19 6:26,96.5,74.2,-25.29,NaN,1,v6,142.5
KER-1,8/20/19 6:26,95.5,74.2,-24.29,NaN,1,v6,142.5
KER-1,8/20/19 6:26,95.7,74.2,-24.49,NaN,1,v6,142.5
KER-1,9/2/19 8:25,113.2,74.2,-41.99,NaN,1,v6,142.5
KER-1,9/2/19 8:25,114.2,74.2,-42.99,NaN,1,v6,142.5
KER-1,9/2/19 8:25,113.7,74.2,-42.49,NaN,1,v6,142.5
KER-1,9/21/19 8:16,97.1,74.2,-25.89,NaN,1,v6,142.5
KER-1,9/21/19 8:16,97.2,74.2,-25.99,NaN,1,v6,142.5
KER-1,9/21/19 8:16,97.5,74.2,-26.29,NaN,1,v6,142.5
KER-1,10/5/19 8:10,90.2,74.2,-18.99,NaN,1,v6,142.5
KER-1,10/5/19 8:10,90.4,74.2,-19.19,NaN,1,v6,142.5
KER-1,10/5/19 8:10,90.5,74.2,-19.29,NaN,1,v6,142.5
KER-1,10/20/19 10:29,88.9,74.2,-17.69,NaN,1,v6,142.5
KER-1,10/20/19 10:29,87.7,74.2,-16.49,NaN,1,v6,142.5
KER-1,10/20/19 10:29,88.5,74.2,-17.29,NaN,1,v6,142.5
KER-XD5N,6/3/19 10:02,34.7,NaN,NaN,NaN,1,nm,NaN
KER-XD5N,6/3/19 10:02,34.3,NaN,NaN,NaN,1,nm,NaN
KER-XD5N,6/3/19 10:02,34.2,NaN,NaN,NaN,1,nm,NaN
KER-XD5N,6/17/19 8:42,31,NaN,NaN,NaN,1,v4,NaN
KER-XD5N,6/17/19 8:42,31.2,NaN,NaN,NaN,1,v4,NaN
KER-XD5N,6/17/19 8:42,31.5,NaN,NaN,NaN,1,v4,NaN
KER-XD5N,7/5/19 7:24,39.6,NaN,NaN,NaN,1,v5,NaN
KER-XD5N,7/5/19 7:24,40,NaN,NaN,NaN,1,v5,NaN
KER-XD5N,7/5/19 7:24,39.8,NaN,NaN,NaN,1,v5,NaN
KER-XD5N,7/26/19 6:51,57,NaN,NaN,NaN,1,v.070919,NaN
KER-XD5N,7/26/19 6:51,57,NaN,NaN,NaN,1,v.070919,NaN
KER-XD5N,7/26/19 6:51,57,NaN,NaN,NaN,1,v.070919,NaN
KER-XD5N,9/2/19 13:52,74.6,NaN,NaN,NaN,1,v6,NaN
KER-XD5N,9/2/19 13:52,75.1,NaN,NaN,NaN,1,v6,NaN
KER-XD5N,9/2/19 13:52,75.1,NaN,NaN,NaN,1,v6,NaN
KER-XD5N,10/20/19 7:40,44.6,NaN,NaN,NaN,1,v6,NaN
KER-XD5N,10/20/19 7:40,44.7,NaN,NaN,NaN,1,v6,NaN
KER-XD5N,10/20/19 7:40,44.7,NaN,NaN,NaN,1,v6,NaN
KER-XE3S,7/17/18 8:20,NaN,NaN,5.5,NaN,1,nm,NaN
KER-XE3S,7/27/18 8:25,NaN,NaN,6,NaN,1,nm,NaN
KER-XE3S,8/10/18 8:30,NaN,NaN,9,NaN,1,nm,NaN
KER-XE3S,8/25/18 7:04,NaN,NaN,7.5,NaN,1,nm,NaN
KER-XE3S,9/16/18 9:03,NaN,NaN,5,NaN,1,nm,NaN
KER-XE3S,9/16/18 9:03,NaN,NaN,7,NaN,1,nm,NaN
KER-XE3S,9/16/18 9:03,NaN,NaN,7,NaN,1,nm,NaN
KER-XE3S,10/1/18 8:07,NaN,NaN,8,NaN,1,nm,NaN
KER-XE3S,10/1/18 8:07,NaN,NaN,9,NaN,1,nm,NaN
KER-XE3S,10/1/18 8:07,NaN,NaN,7,NaN,1,nm,NaN
KER-XE3S,10/14/18 8:23,NaN,NaN,0.05,NaN,1,nm,NaN
KER-XE3S,10/14/18 8:23,NaN,NaN,0.08,NaN,1,nm,NaN
KER-XE3S,10/14/18 8:23,NaN,NaN,0.07,NaN,1,nm,NaN
KER-XE3S,11/18/18 16:16,NaN,NaN,9,NaN,1,nm,NaN
KER-XE3S,11/18/18 16:16,NaN,NaN,5,NaN,1,nm,NaN
KER-XE3S,11/18/18 16:16,NaN,NaN,5,NaN,1,nm,NaN
KER-XE3S,6/3/19 11:49,NaN,NaN,8,NaN,1,nm,NaN
KER-XE3S,6/3/19 11:49,NaN,NaN,6,NaN,1,nm,NaN
KER-XE3S,6/3/19 11:49,NaN,NaN,6,NaN,1,nm,NaN
KER-XE3S,6/17/19 8:12,NaN,NaN,2.8,NaN,1,nm,NaN
KER-XE3S,6/17/19 8:12,NaN,NaN,4,NaN,1,nm,NaN
KER-XE3S,6/17/19 8:12,NaN,NaN,9,NaN,1,nm,NaN
KER-XE3S,7/5/19 7:52,NaN,NaN,2.5,NaN,1,nm,NaN
KER-XE3S,7/5/19 7:52,NaN,NaN,3,NaN,1,nm,NaN
KER-XE3S,7/5/19 7:52,NaN,NaN,4,NaN,1,nm,NaN
KER-XE3S,7/26/19 6:33,NaN,NaN,4,NaN,1,nm,NaN
KER-XE3S,7/26/19 6:33,NaN,NaN,2,NaN,1,nm,NaN
KER-XE3S,7/26/19 6:33,NaN,NaN,4,NaN,1,nm,NaN
KER-XE3S,8/4/19 8:22,NaN,NaN,2.5,NaN,1,nm,NaN
KER-XE3S,8/4/19 8:22,NaN,NaN,5,NaN,1,nm,NaN
KER-XE3S,8/4/19 8:22,NaN,NaN,4,NaN,1,nm,NaN
KER-XE3S,8/20/19 6:51,NaN,NaN,5,NaN,1,nm,NaN
KER-XE3S,8/20/19 6:51,NaN,NaN,3.5,NaN,1,nm,NaN
KER-XE3S,8/20/19 6:51,NaN,NaN,4.5,NaN,1,nm,NaN
KER-XE3S,9/2/19 12:51,NaN,NaN,6.5,NaN,1,nm,NaN
KER-XE3S,9/2/19 12:51,NaN,NaN,6.3,NaN,1,nm,NaN
KER-XE3S,9/2/19 12:51,NaN,NaN,4.2,NaN,1,nm,NaN
KER-XE3S,10/5/19 8:25,NaN,NaN,9,NaN,1,nm,NaN
KER-XE3S,10/5/19 8:25,NaN,NaN,9.5,NaN,1,nm,NaN
KER-XE3S,10/5/19 8:25,NaN,NaN,12,NaN,1,nm,NaN
KER-XE3S,10/20/19 10:50,NaN,NaN,4.5,NaN,1,nm,NaN
KER-XE3S,10/20/19 10:50,NaN,NaN,8.2,NaN,1,nm,NaN
KER-XE3S,10/20/19 10:50,NaN,NaN,3.5,NaN,1,nm,NaN
KET-1,7/26/19 6:25,27.2,NaN,NaN,NaN,1,v.070919,NaN
KET-1,7/26/19 6:25,27.5,NaN,NaN,NaN,1,v.070919,NaN
KET-1,7/26/19 6:25,27.8,NaN,NaN,NaN,1,v.070919,NaN
KET-1,8/4/19 8:27,32.5,NaN,NaN,NaN,1,bamboo speaker wire,NaN
KET-1,8/5/19 8:26,32.4,NaN,NaN,NaN,1,bamboo speaker wire,NaN
KET-1,8/6/19 8:26,32.5,NaN,NaN,NaN,1,bamboo speaker wire,NaN
KET-1,8/20/19 6:55,36.3,NaN,NaN,NaN,1,v6,NaN
KET-1,8/20/19 6:55,35.5,NaN,NaN,NaN,1,v6,NaN
KET-1,8/20/19 6:55,35.6,NaN,NaN,NaN,1,v6,NaN
KET-1,9/2/19 8:41,39,NaN,NaN,NaN,1,v6,NaN
KET-1,9/2/19 8:41,39.3,NaN,NaN,NaN,1,v6,NaN
KET-1,9/2/19 8:41,39.4,NaN,NaN,NaN,1,v6,NaN
KET-1,10/20/19 11:29,43.2,NaN,NaN,NaN,1,v6,NaN
KET-1,10/20/19 11:29,43.1,NaN,NaN,NaN,1,v6,NaN
KET-1,10/20/19 11:29,43.1,NaN,NaN,NaN,1,v6,NaN
KFF-XD6S,6/1/18 8:50,66.04,50.8,-18.58380952,NaN,1,v1,147.9
KFF-XD6S,6/1/18 8:50,66.3575,50.8,-18.90130952,NaN,1,v1,147.9
KFF-XD6S,6/1/18 8:50,66.04,50.8,-18.58380952,NaN,1,v1,147.9
KFF-XD6S,6/19/18 8:23,82.55,50.6,-35.29380952,NaN,1,v1,147.9
KFF-XD6S,6/19/18 8:23,84.7725,50.6,-37.51630952,NaN,1,v1,147.9
KFF-XD6S,6/19/18 8:23,86.0425,50.6,-38.78630952,NaN,1,v1,147.9
KFF-XD6S,7/1/18 6:47,133.35,50.6,-86.09380952,NaN,1,v1,147.9
KFF-XD6S,7/1/18 6:47,133.35,50.6,-86.09380952,NaN,1,v1,147.9
KFF-XD6S,7/1/18 6:47,133.35,50.6,-86.09380952,NaN,1,v1,147.9
KFF-XD6S,7/17/18 7:45,NaN,50,NaN,NaN,0,v2,147.9
KFF-XD6S,7/27/18 8:12,NaN,50.6,NaN,NaN,0,v2,147.9
KFF-XD6S,8/10/18 7:55,NaN,50.6,NaN,NaN,0,v3,147.9
KFF-XD6S,10/1/18 8:30,NaN,50.6,NaN,NaN,0,nw,147.9
KFF-XD6S,11/18/18 15:51,65,50.6,-18,NaN,1,v3,147.9
KFF-XD6S,11/18/18 15:51,65.2,50.6,-18.2,NaN,1,v3,147.9
KFF-XD6S,11/18/18 15:51,65.3,50.6,-18.3,NaN,1,v3,147.9
KFF-XD6S,6/3/19 12:39,56,50.6,-5.4,NaN,1,nm,147.9
KFF-XD6S,6/3/19 12:39,56,50.6,-5.4,NaN,1,nm,147.9
KFF-XD6S,6/3/19 12:39,56.5,50.6,-5.9,NaN,1,nm,147.9
KFF-XD6S,6/17/19 7:38,54.5,50.6,-7.243809524,NaN,1,v4,147.9
KFF-XD6S,6/17/19 7:38,54.3,50.6,-7.043809524,NaN,1,v4,147.9
KFF-XD6S,6/17/19 7:38,54.2,50.6,-6.943809524,NaN,1,v4,147.9
KFF-XD6S,7/5/19 8:19,70,50.6,-22.74380952,NaN,1,v5,147.9
KFF-XD6S,7/5/19 8:19,70.3,50.6,-23.04380952,NaN,1,v5,147.9
KFF-XD6S,7/5/19 8:19,70.4,50.6,-23.14380952,NaN,1,v5,147.9
KFF-XD6S,7/26/19 6:12,128.8,50.6,-81.54380952,NaN,1,v.070919,147.9
KFF-XD6S,7/26/19 6:12,129.8,50.6,-82.54380952,NaN,1,v.070919,147.9
KFF-XD6S,7/26/19 6:12,130.2,50.6,-82.94380952,NaN,1,v.070919,147.9
KFF-XD6S,8/4/19 8:40,NaN,50.6,NaN,NaN,0,nw,147.9
KFF-XD6S,8/20/19 7:06,NaN,50.6,NaN,NaN,0,v6,147.9
KFF-XE8S,6/1/18 9:13,85.09,97.155,8.721190476,NaN,1,v1,147.6
KFF-XE8S,6/1/18 9:13,94.9325,97.155,-1.121309524,NaN,1,v1,147.6
KFF-XE8S,6/1/18 9:13,95.885,97.155,-2.073809524,NaN,1,v1,147.6
KFF-XE8S,6/19/18 8:49,99.695,97.19125,-5.847559524,NaN,1,v1,147.6
KFF-XE8S,6/19/18 8:49,100.33,97.19125,-6.482559524,NaN,1,v1,147.6
KFF-XE8S,6/19/18 8:49,100.33,97.19125,-6.482559524,NaN,1,v1,147.6
KFF-XE8S,7/1/18 7:04,123.19,97.19125,-29.34255952,NaN,1,v1,147.6
KFF-XE8S,7/1/18 7:04,122.555,97.19125,-28.70755952,NaN,1,v1,147.6
KFF-XE8S,7/1/18 7:04,122.2375,97.19125,-28.39005952,NaN,1,v1,147.6
KFF-XE8S,7/17/18 7:59,NaN,97.3,NaN,NaN,0,v2,147.6
KFF-XE8S,7/27/18 8:16,NaN,97.19125,NaN,NaN,0,v2,147.6
KFF-XE8S,8/10/18 7:55,NaN,97.19125,NaN,NaN,0,v3,147.6
KFF-XE8S,11/18/18 16:07,121.5,97.19125,-27.90875,NaN,1,v3,147.6
KFF-XE8S,11/18/18 16:07,121.5,97.19125,-27.90875,NaN,1,v3,147.6
KFF-XE8S,11/18/18 16:07,121.5,97.19125,-27.90875,NaN,1,v3,147.6
KFF-XE8S,6/17/19 7:59,95,97.19125,-1.152559524,NaN,1,v4,147.6
KFF-XE8S,6/17/19 7:59,95.7,97.19125,-1.852559524,NaN,1,v4,147.6
KFF-XE8S,6/17/19 7:59,96,97.19125,-2.152559524,NaN,1,v4,147.6
KFF-XE8S,7/5/19 8:05,109.5,97.19125,-15.65255952,NaN,1,v5,147.6
KFF-XE8S,7/5/19 8:05,110,97.19125,-16.15255952,NaN,1,v5,147.6
KFF-XE8S,7/5/19 8:05,110.2,97.19125,-16.35255952,NaN,1,v5,147.6
KFF-XE8S,7/26/19 6:20,138,97.19125,-44.15255952,NaN,1,v.070919,147.6
KFF-XE8S,7/26/19 6:20,139,97.19125,-45.15255952,NaN,1,v.070919,147.6
KFF-XE8S,7/26/19 6:20,139.6,97.19125,-45.75255952,NaN,1,v.070919,147.6
KFF-XE8S,8/4/19 8:30,NaN,97.19125,NaN,NaN,0,nw,147.6
KFF-XE8S,9/21/19 8:37,NaN,97.19125,NaN,NaN,0,nw,147.6
KFR-XE1S,6/1/18 9:23,104.14,63.5,-43.98380952,NaN,1,v1,NaN
KFR-XE1S,6/1/18 9:23,104.4575,63.5,-44.30130952,NaN,1,v1,NaN
KFR-XE1S,6/1/18 9:23,104.14,63.5,-43.98380952,NaN,1,v1,NaN
KFR-XE1S,6/19/18 9:00,112.395,63.65,-52.08880952,NaN,1,v1,NaN
KFR-XE1S,6/19/18 9:00,113.3475,63.65,-53.04130952,NaN,1,v1,NaN
KFR-XE1S,6/19/18 9:00,113.03,63.65,-52.72380952,NaN,1,v1,NaN
KFR-XE1S,7/1/18 7:50,115.8875,63.65,-55.58130952,NaN,1,v1,NaN
KFR-XE1S,7/1/18 7:50,115.8875,63.65,-55.58130952,NaN,1,v1,NaN
KFR-XE1S,7/1/18 7:50,115.8875,63.65,-55.58130952,NaN,1,v1,NaN
KFR-XE1S,7/17/18 8:17,119.3,63.8,-60.095,NaN,1,v2,NaN
KFR-XE1S,7/17/18 8:17,119.9,63.8,-60.695,NaN,1,v2,NaN
KFR-XE1S,7/17/18 8:17,119.4,63.8,-60.195,NaN,1,v2,NaN
KFR-XE1S,7/27/18 8:28,120.4,63.65,-61.345,1,1,v2,NaN
KFR-XE1S,7/27/18 8:28,120.5,63.65,-61.445,NaN,1,v2,NaN
KFR-XE1S,7/27/18 8:28,120.6,63.65,-61.545,NaN,1,v2,NaN
KFR-XE1S,8/10/18 8:34,120,63.65,-59.95,NaN,1,v3,NaN
KFR-XE1S,8/10/18 8:34,120.3,63.65,-60.25,NaN,1,v3,NaN
KFR-XE1S,8/10/18 8:34,121,63.65,-60.95,NaN,1,v3,NaN
KFR-XE1S,8/25/18 7:08,121.5,63.65,-61.45,NaN,1,v3,NaN
KFR-XE1S,8/25/18 7:08,121.5,63.65,-61.45,NaN,1,v3,NaN
KFR-XE1S,8/25/18 7:08,121.5,63.65,-61.45,NaN,1,v3,NaN
KFR-XE1S,9/16/18 8:53,121.3,63.65,-61.25,NaN,1,v3,NaN
KFR-XE1S,9/16/18 8:53,121.5,63.65,-61.45,NaN,1,v3,NaN
KFR-XE1S,9/16/18 8:53,121.5,63.65,-61.45,NaN,1,v3,NaN
KFR-XE1S,10/1/18 8:03,125,63.65,-64.95,NaN,1,v3,NaN
KFR-XE1S,10/1/18 8:03,125,63.65,-64.95,NaN,1,v3,NaN
KFR-XE1S,10/1/18 8:03,125.2,63.65,-65.15,NaN,1,v3,NaN
KFR-XE1S,10/14/18 8:17,118.9,63.65,-58.85,NaN,1,v3,NaN
KFR-XE1S,10/14/18 8:17,118.7,63.65,-58.65,NaN,1,v3,NaN
KFR-XE1S,10/14/18 8:17,119,63.65,-58.95,NaN,1,v3,NaN
KFR-XE1S,11/18/18 16:21,117.4,63.65,-57.35,NaN,1,v3,NaN
KFR-XE1S,11/18/18 16:21,117.5,63.65,-57.45,NaN,1,v3,NaN
KFR-XE1S,11/18/18 16:21,117.6,63.65,-57.55,NaN,1,v3,NaN
KFR-XE1S,6/17/19 8:17,78.5,63.65,-18.19380952,NaN,1,v4,NaN
KFR-XE1S,6/17/19 8:17,79,63.65,-18.69380952,NaN,1,v4,NaN
KFR-XE1S,6/17/19 8:17,79.5,63.65,-19.19380952,NaN,1,v4,NaN
KFR-XE1S,7/5/19 7:46,106.7,63.65,-46.39380952,NaN,1,v5,NaN
KFR-XE1S,7/5/19 7:46,106.6,63.65,-46.29380952,NaN,1,v5,NaN
KFR-XE1S,7/5/19 7:46,107,63.65,-46.69380952,NaN,1,v5,NaN
KFR-XE1S,7/26/19 6:35,116.6,63.65,-56.29380952,NaN,1,v.070919,NaN
KFR-XE1S,7/26/19 6:35,116.6,63.65,-56.29380952,NaN,1,v.070919,NaN
KFR-XE1S,7/26/19 6:35,117,63.65,-56.69380952,NaN,1,v.070919,NaN
KFR-XE1S,8/4/19 8:16,119.5,63.65,-58.5,NaN,1,bamboo speaker wire,NaN
KFR-XE1S,8/5/19 8:16,119.3,63.65,-58.3,NaN,1,bamboo speaker wire,NaN
KFR-XE1S,8/6/19 8:16,118.5,63.65,-57.5,NaN,1,bamboo speaker wire,NaN
KFR-XE1S,8/20/19 6:34,123,63.65,-62.34,NaN,1,v6,NaN
KFR-XE1S,8/20/19 6:34,124,63.65,-63.34,NaN,1,v6,NaN
KFR-XE1S,8/20/19 6:34,122.5,63.65,-61.84,NaN,1,v6,NaN
KFR-XE1S,9/2/19 8:34,124.6,63.65,-63.94,NaN,1,v6,NaN
KFR-XE1S,9/2/19 8:34,123.5,63.65,-62.84,NaN,1,v6,NaN
KFR-XE1S,9/2/19 8:34,123,63.65,-62.34,NaN,1,v6,NaN
KFR-XE1S,9/21/19 8:25,120.6,63.65,-59.94,NaN,1,v6,NaN
KFR-XE1S,9/21/19 8:25,120.8,63.65,-60.14,NaN,1,v6,NaN
KFR-XE1S,9/21/19 8:25,120.8,63.65,-60.14,NaN,1,v6,NaN
KFR-XE1S,10/5/19 8:20,118.2,63.65,-57.54,NaN,1,v6,NaN
KFR-XE1S,10/5/19 8:20,118.2,63.65,-57.54,NaN,1,v6,NaN
KFR-XE1S,10/5/19 8:20,118.6,63.65,-57.94,NaN,1,v6,NaN
KFR-XE1S,10/20/19 10:46,118,63.65,-57.34,0,1,v6,NaN
KFR-XE1S,10/20/19 10:46,118.1,63.65,-57.44,NaN,1,v6,NaN
KFR-XE1S,10/20/19 10:46,118.2,63.65,-57.54,NaN,1,v6,NaN
KFR-XE2S,6/1/18 9:15,60.96,61.595,-2.708809524,NaN,1,v1,NaN
KFR-XE2S,6/1/18 9:15,60.6425,61.595,-2.391309524,NaN,1,v1,NaN
KFR-XE2S,6/1/18 9:15,60.325,61.595,-2.073809524,NaN,1,v1,NaN
KFR-XE2S,6/19/18 8:59,63.5,60.6975,-6.146309524,NaN,1,v1,NaN
KFR-XE2S,6/19/18 8:59,62.865,60.6975,-5.511309524,NaN,1,v1,NaN
KFR-XE2S,6/19/18 8:59,62.865,60.6975,-5.511309524,NaN,1,v1,NaN
KFR-XE2S,7/1/18 7:45,61.2775,60.6975,-3.923809524,NaN,1,v1,NaN
KFR-XE2S,7/1/18 7:45,61.9125,60.6975,-4.558809524,NaN,1,v1,NaN
KFR-XE2S,7/1/18 7:45,62.23,60.6975,-4.876309524,NaN,1,v1,NaN
KFR-XE2S,7/17/18 8:15,63.5,59.8,-8.295,NaN,1,v2,NaN
KFR-XE2S,7/17/18 8:15,63.5,59.8,-8.295,NaN,1,v2,NaN
KFR-XE2S,7/17/18 8:15,63.5,59.8,-8.295,NaN,1,v2,NaN
KFR-XE2S,7/27/18 8:26,64.2,60.6975,-8.0975,NaN,1,v2,NaN
KFR-XE2S,7/27/18 8:26,64.5,60.6975,-8.3975,NaN,1,v2,NaN
KFR-XE2S,7/27/18 8:26,64.5,60.6975,-8.3975,NaN,1,v2,NaN
KFR-XE2S,8/10/18 8:32,64,60.6975,-6.9025,NaN,1,v3,NaN
KFR-XE2S,8/10/18 8:32,64,60.6975,-6.9025,NaN,1,v3,NaN
KFR-XE2S,8/10/18 8:32,64.3,60.6975,-7.2025,NaN,1,v3,NaN
KFR-XE2S,8/25/18 7:06,65.9,60.6975,-8.8025,NaN,1,v3,NaN
KFR-XE2S,8/25/18 7:06,66.2,60.6975,-9.1025,NaN,1,v3,NaN
KFR-XE2S,8/25/18 7:06,65.9,60.6975,-8.8025,NaN,1,v3,NaN
KFR-XE2S,9/16/18 8:54,66.9,60.6975,-9.8025,NaN,1,v3,NaN
KFR-XE2S,9/16/18 8:54,67.3,60.6975,-10.2025,NaN,1,v3,NaN
KFR-XE2S,9/16/18 8:54,67.2,60.6975,-10.1025,NaN,1,v3,NaN
KFR-XE2S,10/1/18 8:05,66.3,60.6975,-9.2025,NaN,1,v3,NaN
KFR-XE2S,10/1/18 8:05,66.5,60.6975,-9.4025,NaN,1,v3,NaN
KFR-XE2S,10/1/18 8:05,66.7,60.6975,-9.6025,NaN,1,v3,NaN
KFR-XE2S,10/14/18 8:19,67,60.6975,-9.9025,NaN,1,v3,NaN
KFR-XE2S,10/14/18 8:19,67,60.6975,-9.9025,NaN,1,v3,NaN
KFR-XE2S,10/14/18 8:19,67,60.6975,-9.9025,NaN,1,v3,NaN
KFR-XE2S,11/18/18 16:20,66.5,60.6975,-9.4025,NaN,1,v3,NaN
KFR-XE2S,11/18/18 16:20,66.7,60.6975,-9.6025,NaN,1,v3,NaN
KFR-XE2S,11/18/18 16:20,66.5,60.6975,-9.4025,NaN,1,v3,NaN
KFR-XE2S,6/17/19 8:13,55.2,60.6975,2.153690476,NaN,1,v4,NaN
KFR-XE2S,6/17/19 8:13,55.3,60.6975,2.053690476,NaN,1,v4,NaN
KFR-XE2S,6/17/19 8:13,55.5,60.6975,1.853690476,NaN,1,v4,NaN
KFR-XE2S,7/5/19 7:49,60.7,60.6975,-3.346309524,NaN,1,v5,NaN
KFR-XE2S,7/5/19 7:49,61.5,60.6975,-4.146309524,NaN,1,v5,NaN
KFR-XE2S,7/5/19 7:49,61.5,60.6975,-4.146309524,NaN,1,v5,NaN
KFR-XE2S,7/26/19 6:34,62.4,60.6975,-5.046309524,NaN,1,v.070919,NaN
KFR-XE2S,7/26/19 6:34,62.4,60.6975,-5.046309524,NaN,1,v.070919,NaN
KFR-XE2S,7/26/19 6:34,62.5,60.6975,-5.146309524,NaN,1,v.070919,NaN
KFR-XE2S,8/4/19 8:15,65,60.6975,-6.9525,NaN,1,bamboo speaker wire,NaN
KFR-XE2S,8/4/19 8:15,64.6,60.6975,-6.5525,NaN,1,bamboo speaker wire,NaN
KFR-XE2S,8/4/19 8:15,65,60.6975,-6.9525,NaN,1,bamboo speaker wire,NaN
KFR-XE2S,8/20/19 6:45,66.2,60.6975,-8.4925,NaN,1,v6,NaN
KFR-XE2S,8/20/19 6:45,65.7,60.6975,-7.9925,NaN,1,v6,NaN
KFR-XE2S,8/20/19 6:45,65.9,60.6975,-8.1925,NaN,1,v6,NaN
KFR-XE2S,9/2/19 8:35,65.5,60.6975,-7.7925,NaN,1,v6,NaN
KFR-XE2S,9/2/19 8:35,65.8,60.6975,-8.0925,NaN,1,v6,NaN
KFR-XE2S,9/2/19 8:35,65.7,60.6975,-7.9925,NaN,1,v6,NaN
KFR-XE2S,9/21/19 8:26,65.5,60.6975,-7.7925,NaN,1,v6,NaN
KFR-XE2S,9/21/19 8:26,65.7,60.6975,-7.9925,NaN,1,v6,NaN
KFR-XE2S,9/21/19 8:26,65.7,60.6975,-7.9925,NaN,1,v6,NaN
KFR-XE2S,10/5/19 8:22,65.2,60.6975,-7.4925,NaN,1,v6,NaN
KFR-XE2S,10/5/19 8:22,65.4,60.6975,-7.6925,NaN,1,v6,NaN
KFR-XE2S,10/5/19 8:22,66,60.6975,-8.2925,NaN,1,v6,NaN
KFR-XE2S,10/20/19 10:48,65.5,60.6975,-7.7925,0,1,v6,NaN
KFR-XE2S,10/20/19 10:48,65.6,60.6975,-7.8925,NaN,1,v6,NaN
KFR-XE2S,10/20/19 10:48,65.5,60.6975,-7.7925,NaN,1,v6,NaN
KHF-1,7/1/18 8:18,128.5875,67.95,-63.98130952,NaN,1,v1,148.9666667
KHF-1,7/1/18 8:18,128.905,67.95,-64.29880952,NaN,1,v1,148.9666667
KHF-1,7/1/18 8:18,128.905,67.95,-64.29880952,NaN,1,v1,148.9666667
KHF-1,7/17/18 8:41,147.6,67.8,-84.395,NaN,1,v2,148.9666667
KHF-1,7/17/18 8:41,147.7,67.8,-84.495,NaN,1,v2,148.9666667
KHF-1,7/17/18 8:41,147.8,67.8,-84.595,NaN,1,v2,148.9666667
KHF-1,7/27/18 8:47,NaN,67.95,NaN,NaN,0,v2,148.6
KHF-1,8/10/18 8:52,NaN,67.95,NaN,NaN,0,v3,149
KHF-1,8/25/18 8:30,NaN,68.4,NaN,NaN,0,v3,149.3
KHF-1,9/16/18 14:06,141.5,67.95,-77.15,NaN,1,v3,148.9666667
KHF-1,9/16/18 14:06,142,67.95,-77.65,NaN,1,v3,148.9666667
KHF-1,9/16/18 14:06,142,67.95,-77.65,NaN,1,v3,148.9666667
KHF-1,10/1/18 8:49,133.8,67.95,-69.45,1,1,v3,148.9666667
KHF-1,10/1/18 8:49,133.9,67.95,-69.55,1,1,v3,148.9666667
KHF-1,10/1/18 8:49,133.8,67.95,-69.45,1,1,v3,148.9666667
KHF-1,10/14/18 8:56,119.4,67.95,-55.05,NaN,1,v3,148.9666667
KHF-1,10/14/18 8:56,119.5,67.95,-55.15,NaN,1,v3,148.9666667
KHF-1,10/14/18 8:56,119.8,67.95,-55.45,NaN,1,v3,148.9666667
KHF-1,11/18/18 15:39,94.5,67.95,-30.15,NaN,1,v3,148.9666667
KHF-1,11/18/18 15:39,94.1,67.95,-29.75,NaN,1,v3,148.9666667
KHF-1,11/18/18 15:39,95,67.95,-30.65,NaN,1,v3,148.9666667
KHF-1,6/3/19 12:55,69,67.95,-1.05,NaN,1,nm,148.9666667
KHF-1,6/3/19 12:55,68.5,67.95,-0.55,NaN,1,nm,148.9666667
KHF-1,6/3/19 12:55,68.9,67.95,-0.95,NaN,1,nm,148.9666667
KHF-1,6/17/19 7:12,47.3,67.95,17.30619048,NaN,1,v4,148.9666667
KHF-1,6/17/19 7:12,48,67.95,16.60619048,NaN,1,v4,148.9666667
KHF-1,6/17/19 7:12,48.7,67.95,15.90619048,NaN,1,v4,148.9666667
KHF-1,7/5/19 8:42,83.8,67.95,-19.19380952,NaN,1,v5,148.9666667
KHF-1,7/5/19 8:42,83.3,67.95,-18.69380952,NaN,1,v5,148.9666667
KHF-1,7/5/19 8:42,82.5,67.95,-17.89380952,NaN,1,v5,148.9666667
KHF-1,7/26/19 16:44,129.5,67.95,-64.89380952,NaN,1,v.070919,148.9666667
KHF-1,7/26/19 16:44,129.7,67.95,-65.09380952,NaN,1,v.070919,148.9666667
KHF-1,7/26/19 16:44,129.9,67.95,-65.29380952,NaN,1,v.070919,148.9666667
KHF-1,10/5/19 8:46,108.6,67.95,-43.64,NaN,1,v6,148.9666667
KHF-1,10/5/19 8:46,108.2,67.95,-43.24,NaN,1,v6,148.9666667
KHF-1,10/5/19 8:46,109,67.95,-44.04,NaN,1,v6,148.9666667
KHF-1,10/20/19 12:03,101.3,67.95,-36.34,0,1,v6,148.9666667
KHF-1,10/20/19 12:03,101.5,67.95,-36.54,NaN,1,v6,148.9666667
KHF-1,10/20/19 12:03,101.2,67.95,-36.24,NaN,1,v6,148.9666667
KHF-XD4S,6/1/18 8:45,97.4725,NaN,NaN,NaN,1,v1,148.59
KHF-XD4S,6/1/18 8:45,96.8375,NaN,NaN,NaN,1,v1,148.59
KHF-XD4S,6/1/18 8:45,96.8375,NaN,NaN,NaN,1,v1,148.59
KHF-XD4S,7/1/18 8:35,NaN,NaN,NaN,NaN,0,v1,148.59
KHF-XD4S,7/27/18 8:11,NaN,NaN,NaN,NaN,0,v2,148.59
KHF-XD4S,8/10/18 8:59,NaN,NaN,NaN,NaN,0,v3,148.59
KHF-XD4S,10/1/18 8:30,NaN,NaN,NaN,NaN,0,nw,148.59
KHF-XD4S,6/3/19 12:36,81.2,NaN,NaN,NaN,1,nm,148.59
KHF-XD4S,6/3/19 12:36,81,NaN,NaN,NaN,1,nm,148.59
KHF-XD4S,6/3/19 12:36,81,NaN,NaN,NaN,1,nm,148.59
KHF-XD4S,6/17/19 7:34,78,NaN,NaN,NaN,1,v4,148.59
KHF-XD4S,6/17/19 7:34,78.5,NaN,NaN,NaN,1,v4,148.59
KHF-XD4S,6/17/19 7:34,78.5,NaN,NaN,NaN,1,v4,148.59
KHF-XD4S,7/5/19 8:22,139,NaN,NaN,NaN,1,v5,148.59
KHF-XD4S,7/5/19 8:22,139,NaN,NaN,NaN,1,v5,148.59
KHF-XD4S,7/5/19 8:22,139,NaN,NaN,NaN,1,v5,148.59
KHF-XD4S,7/26/19 6:12,NaN,NaN,NaN,NaN,NaN,v.070919,148.59
KHF-XD4S,8/4/19 8:42,NaN,NaN,NaN,NaN,0,nw,148.59
KHF-XE7S,9/21/19 9:42,50.9,NaN,NaN,NaN,1,v6,NaN
KHF-XE7S,9/21/19 9:42,51,NaN,NaN,NaN,1,v6,NaN
KHF-XE7S,9/21/19 9:42,50.9,NaN,NaN,NaN,1,v6,NaN
KHF-XE7S,10/5/19 7:15,51.1,NaN,NaN,NaN,1,v6,NaN
KHF-XE7S,10/5/19 7:15,51.1,NaN,NaN,NaN,1,v6,NaN
KHF-XE7S,10/5/19 7:15,51.1,NaN,NaN,NaN,1,v6,NaN
KHR-1,7/5/19 7:26,65,NaN,NaN,NaN,1,v5,NaN
KHR-1,7/5/19 7:26,65.4,NaN,NaN,NaN,1,v5,NaN
KHR-1,7/5/19 7:26,65.5,NaN,NaN,NaN,1,v5,NaN
KHR-1,8/4/19 8:01,85.2,NaN,NaN,NaN,1,bamboo speaker wire,NaN
KHR-1,8/4/19 8:01,85.4,NaN,NaN,NaN,1,bamboo speaker wire,NaN
KHR-1,8/4/19 8:01,86,NaN,NaN,NaN,1,bamboo speaker wire,NaN
KHR-1,8/20/19 7:28,87.5,NaN,NaN,NaN,1,v6,NaN
KHR-1,8/20/19 7:28,87.6,NaN,NaN,NaN,1,v6,NaN
KHR-1,8/20/19 7:28,88.1,NaN,NaN,NaN,1,v6,NaN
KHR-1,9/2/19 8:21,95.5,NaN,NaN,NaN,1,v6,NaN
KHR-1,9/2/19 8:21,95.2,NaN,NaN,NaN,1,v6,NaN
KHR-1,9/2/19 8:21,95.7,NaN,NaN,NaN,1,v6,NaN
KHR-XD1N,6/3/19 12:36,NaN,NaN,10,NaN,1,nm,NaN
KHR-XD1N,6/3/19 12:36,NaN,NaN,11,NaN,1,nm,NaN
KHR-XD1N,6/3/19 12:36,NaN,NaN,12,NaN,1,nm,NaN
KHR-XD1N,6/17/19 8:43,65,NaN,NaN,NaN,1,nm,NaN
KHR-XD1N,6/17/19 8:43,65,NaN,NaN,NaN,1,nm,NaN
KHR-XD1N,6/17/19 8:43,65,NaN,NaN,NaN,1,nm,NaN
KHR-XD1N,7/5/19 7:30,101,NaN,NaN,NaN,1,v5,NaN
KHR-XD1N,7/5/19 7:30,102,NaN,NaN,NaN,1,v5,NaN
KHR-XD1N,7/5/19 7:30,102,NaN,NaN,NaN,1,v5,NaN
KHR-XD1N,7/26/19 15:03,113.5,NaN,NaN,NaN,1,v.070919,NaN
KHR-XD1N,7/26/19 15:03,113.5,NaN,NaN,NaN,1,v.070919,NaN
KHR-XD1N,7/26/19 15:03,113.8,NaN,NaN,NaN,1,v.070919,NaN
KHR-XD1N,9/2/19 13:20,118.9,NaN,NaN,NaN,1,v6,NaN
KHR-XD1N,9/2/19 13:20,119,NaN,NaN,NaN,1,v6,NaN
KHR-XD1N,9/2/19 13:20,118.9,NaN,NaN,NaN,1,v6,NaN
KHR-XD1N,10/20/19 11:47,118.5,NaN,NaN,NaN,1,v6,NaN
KHR-XD1N,10/20/19 11:47,118.6,NaN,NaN,NaN,1,v6,NaN
KHR-XD1N,10/20/19 11:47,118.4,NaN,NaN,NaN,1,v6,NaN
KHR-XD2N,6/1/18 8:40,97.4725,75.565,-25.25130952,NaN,1,v1,NaN
KHR-XD2N,6/1/18 8:40,98.1075,75.565,-25.88630952,NaN,1,v1,NaN
KHR-XD2N,6/1/18 8:40,97.79,75.565,-25.56880952,NaN,1,v1,NaN
KHR-XD2N,6/19/18 8:08,110.49,73.1825,-40.65130952,NaN,1,v1,NaN
KHR-XD2N,6/19/18 8:08,111.125,73.1825,-41.28630952,NaN,1,v1,NaN
KHR-XD2N,6/19/18 8:08,111.125,73.1825,-41.28630952,NaN,1,v1,NaN
KHR-XD2N,7/1/18 6:37,124.7775,73.1825,-54.93880952,NaN,1,v1,NaN
KHR-XD2N,7/1/18 6:37,125.095,73.1825,-55.25630952,NaN,1,v1,NaN
KHR-XD2N,7/1/18 6:37,125.095,73.1825,-55.25630952,NaN,1,v1,NaN
KHR-XD2N,7/17/18 7:41,128.6,70.8,-62.395,NaN,1,v2,NaN
KHR-XD2N,7/17/18 7:41,130,70.8,-63.795,NaN,1,v2,NaN
KHR-XD2N,7/17/18 7:41,130.2,70.8,-63.995,NaN,1,v2,NaN
KHR-XD2N,7/27/18 8:09,128.2,73.1825,-59.6125,NaN,1,v2,NaN
KHR-XD2N,7/27/18 8:09,128.1,73.1825,-59.5125,NaN,1,v2,NaN
KHR-XD2N,7/27/18 8:09,128.4,73.1825,-59.8125,NaN,1,v2,NaN
KHR-XD2N,8/10/18 8:10,129.5,73.1825,-59.9175,NaN,1,v3,NaN
KHR-XD2N,8/10/18 8:10,129,73.1825,-59.4175,NaN,1,v3,NaN
KHR-XD2N,8/10/18 8:10,129,73.1825,-59.4175,NaN,1,v3,NaN
KHR-XD2N,8/25/18 6:48,130.5,73.1825,-60.9175,NaN,1,v3,NaN
KHR-XD2N,8/25/18 6:48,130.4,73.1825,-60.8175,NaN,1,v3,NaN
KHR-XD2N,8/25/18 6:48,130.5,73.1825,-60.9175,NaN,1,v3,NaN
KHR-XD2N,9/16/18 9:15,126.9,73.1825,-57.3175,NaN,1,v3,NaN
KHR-XD2N,9/16/18 9:15,127.2,73.1825,-57.6175,NaN,1,v3,NaN
KHR-XD2N,9/16/18 9:15,127.4,73.1825,-57.8175,NaN,1,v3,NaN
KHR-XD2N,10/1/18 8:27,125.4,73.1825,-55.8175,NaN,1,v3,NaN
KHR-XD2N,10/1/18 8:27,125.4,73.1825,-55.8175,NaN,1,v3,NaN
KHR-XD2N,10/1/18 8:27,125.1,73.1825,-55.5175,NaN,1,v3,NaN
KHR-XD2N,10/14/18 8:54,123.4,73.1825,-53.8175,NaN,1,v3,NaN
KHR-XD2N,10/14/18 8:54,123.5,73.1825,-53.9175,NaN,1,v3,NaN
KHR-XD2N,10/14/18 8:54,123.7,73.1825,-54.1175,NaN,1,v3,NaN
KHR-XD2N,11/18/18 16:42,117,73.1825,-47.4175,NaN,1,v3,NaN
KHR-XD2N,11/18/18 16:42,117,73.1825,-47.4175,NaN,1,v3,NaN
KHR-XD2N,11/18/18 16:42,116.5,73.1825,-46.9175,NaN,1,v3,NaN
KHR-XD2N,6/3/19 12:36,NaN,73.1825,NaN,NaN,NaN,nm,NaN
KHR-XD2N,9/3/19 9:27,52.8,73.1825,17.3925,NaN,1,v6,NaN
KHR-XD2N,9/4/19 0:00,52.6,73.1825,17.5925,NaN,1,v6,NaN
KHR-XD2N,9/5/19 0:00,52.8,73.1825,17.3925,NaN,1,v6,NaN
KHR-XE2N,6/1/18 9:30,99.06,45.72,-56.68380952,NaN,1,v1,NaN
KHR-XE2N,6/1/18 9:30,98.7425,45.72,-56.36630952,NaN,1,v1,NaN
KHR-XE2N,6/1/18 9:30,99.06,45.72,-56.68380952,NaN,1,v1,NaN
KHR-XE2N,6/19/18 8:58,104.14,47.21,-60.27380952,NaN,1,v1,NaN
KHR-XE2N,6/19/18 8:58,104.14,47.21,-60.27380952,NaN,1,v1,NaN
KHR-XE2N,6/19/18 8:58,104.4575,47.21,-60.59130952,NaN,1,v1,NaN
KHR-XE2N,7/1/18 8:04,106.68,47.21,-62.81380952,NaN,1,v1,NaN
KHR-XE2N,7/1/18 8:04,106.68,47.21,-62.81380952,NaN,1,v1,NaN
KHR-XE2N,7/1/18 8:04,106.68,47.21,-62.81380952,NaN,1,v1,NaN
KHR-XE2N,7/17/18 8:24,108.9,48.7,-64.795,NaN,1,v2,NaN
KHR-XE2N,7/17/18 8:24,108.8,48.7,-64.695,NaN,1,v2,NaN
KHR-XE2N,7/17/18 8:24,109,48.7,-64.895,NaN,1,v2,NaN
KHR-XE2N,7/27/18 8:32,109.2,47.21,-66.585,NaN,1,v2,NaN
KHR-XE2N,7/27/18 8:32,109.3,47.21,-66.685,NaN,1,v2,NaN
KHR-XE2N,7/27/18 8:32,109.3,47.21,-66.685,NaN,1,v2,NaN
KHR-XE2N,8/10/18 8:38,109,47.21,-65.39,NaN,1,v3,NaN
KHR-XE2N,8/10/18 8:38,109.5,47.21,-65.89,NaN,1,v3,NaN
KHR-XE2N,8/10/18 8:38,109.3,47.21,-65.69,NaN,1,v3,NaN
KHR-XE2N,8/25/18 7:13,110,47.21,-66.39,NaN,1,v3,NaN
KHR-XE2N,8/25/18 7:13,110.3,47.21,-66.69,NaN,1,v3,NaN
KHR-XE2N,8/25/18 7:13,110,47.21,-66.39,NaN,1,v3,NaN
KHR-XE2N,9/16/18 8:47,109.1,47.21,-65.49,NaN,1,v3,NaN
KHR-XE2N,9/16/18 8:47,109.5,47.21,-65.89,NaN,1,v3,NaN
KHR-XE2N,9/16/18 8:47,109.5,47.21,-65.89,NaN,1,v3,NaN
KHR-XE2N,10/1/18 7:51,109.4,47.21,-65.79,NaN,1,v3,NaN
KHR-XE2N,10/1/18 7:51,109.5,47.21,-65.89,NaN,1,v3,NaN
KHR-XE2N,10/1/18 7:51,109.6,47.21,-65.99,NaN,1,v3,NaN
KHR-XE2N,10/14/18 8:10,107.6,47.21,-63.99,NaN,1,v3,NaN
KHR-XE2N,10/14/18 8:10,107.8,47.21,-64.19,NaN,1,v3,NaN
KHR-XE2N,10/14/18 8:10,108,47.21,-64.39,NaN,1,v3,NaN
KHR-XE2N,11/18/18 16:25,105,47.21,-57.79,NaN,1,nm,NaN
KHR-XE2N,11/18/18 16:25,105.2,47.21,-57.99,NaN,1,nm,NaN
KHR-XE2N,11/18/18 16:25,105.6,47.21,-58.39,NaN,1,nm,NaN
KHT-XD3S,6/1/18 8:41,104.4575,68.58,-39.22130952,NaN,1,v1,148
KHT-XD3S,6/1/18 8:41,104.4575,68.58,-39.22130952,NaN,1,v1,148
KHT-XD3S,6/1/18 8:41,104.775,68.58,-39.53880952,NaN,1,v1,148
KHT-XD3S,10/1/18 8:30,NaN,68.58,NaN,NaN,0,nw,148
KHT-XD3S,11/18/18 16:45,NaN,68.58,NaN,NaN,0,nw,148
KHT-XD3S,6/3/19 12:36,NaN,68.58,NaN,NaN,NaN,nm,148
KHT-XD3S,6/17/19 7:31,85.8,68.58,-20.56380952,NaN,1,v4,148
KHT-XD3S,6/17/19 7:31,85,68.58,-19.76380952,NaN,1,v4,148
KHT-XD3S,6/17/19 7:31,84.5,68.58,-19.26380952,NaN,1,v4,148
KHT-XD3S,7/5/19 8:27,130,68.58,-64.76380952,NaN,1,v5,148
KHT-XD3S,7/5/19 8:27,129.5,68.58,-64.26380952,NaN,1,v5,148
KHT-XD3S,7/5/19 8:27,129.5,68.58,-64.26380952,NaN,1,v5,148
KHT-XD3S,7/26/19 6:12,NaN,68.58,NaN,NaN,0,nw,148
KHT-XD3S,8/5/19 8:42,NaN,68.58,NaN,NaN,0,nw,148
KHT-XD6N,6/1/18 8:32,71.12,45.72,-28.74380952,NaN,1,v1,142.1666667
KHT-XD6N,6/1/18 8:32,71.755,45.72,-29.37880952,NaN,1,v1,142.1666667
KHT-XD6N,6/1/18 8:32,69.85,45.72,-27.47380952,NaN,1,v1,142.1666667
KHT-XD6N,6/19/18 8:04,113.03,46.415,-69.95880952,NaN,1,v1,142.1666667
KHT-XD6N,6/19/18 8:04,113.9825,46.415,-70.91130952,NaN,1,v1,142.1666667
KHT-XD6N,6/19/18 8:04,112.7125,46.415,-69.64130952,NaN,1,v1,142.1666667
KHT-XD6N,7/1/18 6:22,140.0175,46.415,-96.94630952,NaN,1,v1,142.1666667
KHT-XD6N,7/1/18 6:22,140.335,46.415,-97.26380952,NaN,1,v1,142.1666667
KHT-XD6N,7/1/18 6:22,140.335,46.415,-97.26380952,NaN,1,v1,142.1666667
KHT-XD6N,7/17/18 7:29,NaN,48.5,NaN,NaN,0,v2,142.3
KHT-XD6N,7/27/18 8:02,NaN,46.415,NaN,NaN,0,v2,142.3
KHT-XD6N,8/10/18 7:55,NaN,46.415,NaN,NaN,0,v3,142.1666667
KHT-XD6N,8/25/18 6:38,NaN,46.415,NaN,NaN,0,v3,141.9
KHT-XD6N,9/16/18 14:30,NaN,46.415,NaN,NaN,0,nw,142.1666667
KHT-XD6N,10/1/18 8:30,NaN,46.415,NaN,NaN,0,nw,142.1666667
KHT-XD6N,10/1/18 9:05,NaN,46.415,NaN,NaN,0,nw,142.1666667
KHT-XD6N,11/18/18 21:15,NaN,46.415,NaN,NaN,0,nw,142.1666667
KHT-XD6N,6/3/19 9:57,44.5,46.415,1.915,NaN,1,nm,142.1666667
KHT-XD6N,6/3/19 9:57,45,46.415,NaN,NaN,NaN,nm,142.1666667
KHT-XD6N,6/3/19 9:57,45.2,46.415,1.215,NaN,1,nm,142.1666667
KHT-XD6N,6/17/19 8:51,52,46.415,-8.928809524,NaN,1,v4,142.1666667
KHT-XD6N,6/17/19 8:51,52,46.415,-8.928809524,NaN,1,v4,142.1666667
KHT-XD6N,6/17/19 8:51,51.5,46.415,-8.428809524,NaN,1,v4,142.1666667
KHT-XD6N,7/5/19 7:21,99.8,46.415,-56.72880952,NaN,1,v5,142.1666667
KHT-XD6N,7/5/19 7:21,100.7,46.415,-57.62880952,NaN,1,v5,142.1666667
KHT-XD6N,7/5/19 7:21,100.5,46.415,-57.42880952,NaN,1,v5,142.1666667
KHT-XD6N,7/26/19 6:54,139.5,46.415,-96.42880952,NaN,1,v.070919,142.1666667
KHT-XD6N,7/26/19 6:54,139.5,46.415,-96.42880952,NaN,1,v.070919,142.1666667
KHT-XD6N,7/26/19 6:54,139.5,46.415,-96.42880952,NaN,1,v.070919,142.1666667
KHT-XD6N,8/4/19 7:58,NaN,46.415,NaN,NaN,0,nw,142.1666667
KHT-XD6N,9/21/19 8:12,NaN,46.415,NaN,NaN,0,nw,142.1666667
KHT-XE4S,7/1/18 7:40,120.015,74.5,-48.85880952,NaN,1,v1,142.25
KHT-XE4S,7/1/18 7:40,120.3325,74.5,-49.17630952,NaN,1,v1,142.25
KHT-XE4S,7/1/18 7:40,119.6975,74.5,-48.54130952,NaN,1,v1,142.25
KHT-XE4S,7/17/18 8:11,134.7,74.5,-64.795,NaN,1,v2,142.25
KHT-XE4S,7/17/18 8:11,134.8,74.5,-64.895,NaN,1,v2,142.25
KHT-XE4S,7/17/18 8:11,134.8,74.5,-64.895,NaN,1,v2,142.25
KHT-XE4S,7/27/18 8:23,136.6,74.5,-66.695,NaN,1,v2,142.25
KHT-XE4S,7/27/18 8:23,136.6,74.5,-66.695,NaN,1,v2,142.25
KHT-XE4S,7/27/18 8:23,136.5,74.5,-66.595,NaN,1,v2,142.25
KHT-XE4S,8/10/18 8:28,136.5,74.5,-65.6,NaN,1,v3,142.25
KHT-XE4S,8/10/18 8:28,136.2,74.5,-65.3,NaN,1,v3,142.25
KHT-XE4S,8/10/18 8:28,136,74.5,-65.1,NaN,1,v3,142.25
KHT-XE4S,8/10/18 8:28,136,74.5,-65.1,NaN,1,v3,142.25
KHT-XE4S,8/25/18 7:01,141.2,74.5,-70.3,NaN,1,v3,142
KHT-XE4S,8/25/18 7:01,141.4,74.5,-70.5,NaN,1,v3,142
KHT-XE4S,8/25/18 7:01,141,74.5,-70.1,NaN,1,v3,142
KHT-XE4S,9/16/18 9:03,138.5,74.5,-67.6,NaN,1,v3,142.25
KHT-XE4S,10/1/18 8:09,137.8,74.5,-66.9,NaN,1,v3,142.5
KHT-XE4S,10/1/18 8:09,137.8,74.5,-66.9,NaN,1,v3,142.5
KHT-XE4S,10/1/18 8:09,137.8,74.5,-66.9,NaN,1,v3,142.5
KHT-XE4S,10/14/18 8:22,115,74.5,-44.1,NaN,1,v3,142.25
KHT-XE4S,10/14/18 8:22,115,74.5,-44.1,NaN,1,v3,142.25
KHT-XE4S,10/14/18 8:22,114.4,74.5,-43.5,NaN,1,v3,142.25
KHT-XE4S,11/18/18 16:15,98.9,74.5,-28,NaN,1,v3,142.25
KHT-XE4S,11/18/18 16:15,99.2,74.5,-28.3,NaN,1,v3,142.25
KHT-XE4S,11/18/18 16:15,99.4,74.5,-28.5,NaN,1,v3,142.25
KHT-XE4S,6/3/19 11:49,73.5,74.5,1,NaN,1,nm,142.25
KHT-XE4S,6/3/19 11:49,73.5,74.5,1,NaN,1,nm,142.25
KHT-XE4S,6/3/19 11:49,73.5,74.5,1,NaN,1,nm,142.25
KHT-XE4S,6/17/19 8:09,71,74.5,0.156190476,NaN,1,v4,142.25
KHT-XE4S,6/17/19 8:09,71.2,74.5,-0.043809524,NaN,1,v4,142.25
KHT-XE4S,6/17/19 8:09,71.4,74.5,-0.243809524,NaN,1,v4,142.25
KHT-XE4S,7/5/19 7:53,75.6,74.5,-4.443809524,NaN,1,v5,142.25
KHT-XE4S,7/5/19 7:53,76.1,74.5,-4.943809524,NaN,1,v5,142.25
KHT-XE4S,7/5/19 7:53,76,74.5,-4.843809524,NaN,1,v5,142.25
KHT-XE4S,7/26/19 6:36,116.4,74.5,-45.24380952,NaN,1,v.070919,142.25
KHT-XE4S,7/26/19 6:36,116.5,74.5,-45.34380952,NaN,1,v.070919,142.25
KHT-XE4S,7/26/19 6:36,117,74.5,-45.84380952,NaN,1,v.070919,142.25
KHT-XE4S,8/4/19 8:19,127.3,74.5,-55.45,NaN,1,bamboo speaker wire,142.25
KHT-XE4S,8/4/19 8:19,127.8,74.5,-55.95,NaN,1,bamboo speaker wire,142.25
KHT-XE4S,8/4/19 8:19,128,74.5,-56.15,NaN,1,bamboo speaker wire,142.25
KHT-XE4S,8/20/19 6:48,136.5,74.5,-64.99,NaN,1,v6,142.25
KHT-XE4S,8/20/19 6:48,136.6,74.5,-65.09,NaN,1,v6,142.25
KHT-XE4S,8/20/19 6:48,136.6,74.5,-65.09,NaN,1,v6,142.25
KHT-XE4S,9/2/19 8:37,135.7,74.5,-64.19,NaN,1,v6,142.25
KHT-XE4S,9/2/19 8:37,135.7,74.5,-64.19,NaN,1,v6,142.25
KHT-XE4S,9/2/19 8:37,135.7,74.5,-64.19,NaN,1,v6,142.25
KHT-XE4S,9/21/19 8:29,115.5,74.5,-43.99,NaN,1,v6,142.25
KHT-XE4S,9/21/19 8:29,115.4,74.5,-43.89,NaN,1,v6,142.25
KHT-XE4S,9/21/19 8:29,115.4,74.5,-43.89,NaN,1,v6,142.25
KHT-XE4S,10/5/19 8:28,107.8,74.5,-36.29,NaN,1,v6,142.25
KHT-XE4S,10/5/19 8:28,108,74.5,-36.49,NaN,1,v6,142.25
KHT-XE4S,10/5/19 8:28,108.4,74.5,-36.89,NaN,1,v6,142.25
KHT-XE4S,10/20/19 10:53,104.4,74.5,-32.89,0,1,v6,142.25
KHT-XE4S,10/20/19 10:53,104.5,74.5,-32.99,NaN,1,v6,142.25
KHT-XE4S,10/20/19 10:53,104.6,74.5,-33.09,NaN,1,v6,142.25
KHT-XE5S,6/1/18 9:15,61.2775,56.515,-8.106309524,NaN,1,v1,148.8
KHT-XE5S,6/1/18 9:15,61.595,56.515,-8.423809524,NaN,1,v1,148.8
KHT-XE5S,6/1/18 9:15,62.23,56.515,-9.058809524,NaN,1,v1,148.8
KHT-XE5S,6/19/18 8:55,83.82,56.9575,-30.20630952,NaN,1,v1,148.8
KHT-XE5S,6/19/18 8:55,84.1375,56.9575,-30.52380952,NaN,1,v1,148.8
KHT-XE5S,6/19/18 8:55,84.455,56.9575,-30.84130952,NaN,1,v1,148.8
KHT-XE5S,7/1/18 7:30,127,56.9575,-73.38630952,NaN,1,v1,148.8
KHT-XE5S,7/1/18 7:30,127.635,56.9575,-74.02130952,NaN,1,v1,148.8
KHT-XE5S,7/1/18 7:30,127,56.9575,-73.38630952,NaN,1,v1,148.8
KHT-XE5S,7/17/18 8:07,145,57.4,-92.195,NaN,1,v2,148.8
KHT-XE5S,7/17/18 8:07,145.1,57.4,-92.295,NaN,1,v2,148.8
KHT-XE5S,7/17/18 8:07,145,57.4,-92.195,NaN,1,v2,148.8
KHT-XE5S,7/27/18 8:21,144.8,56.9575,-92.4375,1,1,v2,148.8
KHT-XE5S,7/27/18 8:21,145,56.9575,-92.6375,NaN,1,v2,148.8
KHT-XE5S,7/27/18 8:21,145,56.9575,-92.6375,NaN,1,v2,148.8
KHT-XE5S,8/10/18 8:20,144.4,56.9575,-91.0425,NaN,1,v3,148.8
KHT-XE5S,8/10/18 8:20,144.5,56.9575,-91.1425,NaN,1,v3,148.8
KHT-XE5S,8/10/18 8:20,144.5,56.9575,-91.1425,NaN,1,v3,148.8
KHT-XE5S,8/25/18 6:58,146.5,56.9575,-93.1425,NaN,1,v3,148.8
KHT-XE5S,8/25/18 6:58,146.5,56.9575,-93.1425,NaN,1,v3,148.8
KHT-XE5S,8/25/18 6:58,146.7,56.9575,-93.3425,NaN,1,v3,148.8
KHT-XE5S,9/16/18 9:02,141.4,56.9575,-88.0425,NaN,1,v3,148.8
KHT-XE5S,9/16/18 9:02,141.7,56.9575,-88.3425,NaN,1,v3,148.8
KHT-XE5S,9/16/18 9:02,141.8,56.9575,-88.4425,NaN,1,v3,148.8
KHT-XE5S,10/1/18 8:11,140,56.9575,-86.6425,NaN,1,v3,148.8
KHT-XE5S,10/1/18 8:11,140.2,56.9575,-86.8425,NaN,1,v3,148.8
KHT-XE5S,10/1/18 8:11,140.4,56.9575,-87.0425,NaN,1,v3,148.8
KHT-XE5S,10/14/18 8:27,135.5,56.9575,-82.1425,NaN,1,v3,148.8
KHT-XE5S,10/14/18 8:27,135.6,56.9575,-82.2425,NaN,1,v3,148.8
KHT-XE5S,10/14/18 8:27,137,56.9575,-83.6425,NaN,1,v3,148.8
KHT-XE5S,11/18/18 16:12,100.8,56.9575,-47.4425,NaN,1,v3,148.8
KHT-XE5S,11/18/18 16:12,101.4,56.9575,-48.0425,NaN,1,v3,148.8
KHT-XE5S,11/18/18 16:12,101.5,56.9575,-48.1425,NaN,1,v3,148.8
KHT-XE5S,6/3/19 11:43,58.5,56.9575,-1.5425,NaN,1,nm,148.8
KHT-XE5S,6/3/19 11:43,58.5,56.9575,-1.5425,NaN,1,nm,148.8
KHT-XE5S,6/3/19 11:43,58.6,56.9575,-1.6425,NaN,1,nm,148.8
KHT-XE5S,6/17/19 8:06,57,56.9575,-3.386309524,NaN,1,v4,148.8
KHT-XE5S,6/17/19 8:06,56.2,56.9575,-2.586309524,NaN,1,v4,148.8
KHT-XE5S,6/17/19 8:06,56.5,56.9575,-2.886309524,NaN,1,v4,148.8
KHT-XE5S,7/5/19 7:56,70.3,56.9575,-16.68630952,1,1,v5,148.8
KHT-XE5S,7/5/19 7:56,70.7,56.9575,-17.08630952,NaN,1,v5,148.8
KHT-XE5S,7/5/19 7:56,70.9,56.9575,-17.28630952,NaN,1,v5,148.8
KHT-XE5S,7/26/19 15:52,121.6,56.9575,-67.98630952,NaN,1,v.070919,148.8
KHT-XE5S,7/26/19 15:52,121.6,56.9575,-67.98630952,NaN,1,v.070919,148.8
KHT-XE5S,7/26/19 15:52,121.8,56.9575,-68.18630952,NaN,1,v.070919,148.8
KHT-XE5S,9/2/19 12:48,144.8,56.9575,-90.8325,NaN,1,v6,148.8
KHT-XE5S,9/2/19 12:48,145,56.9575,-91.0325,NaN,1,v6,148.8
KHT-XE5S,9/2/19 12:48,144.8,56.9575,-90.8325,NaN,1,v6,148.8
KHT-XE5S,10/20/19 11:00,124.7,56.9575,-70.7325,1,1,v6,148.8
KHT-XE5S,10/20/19 11:00,123.4,56.9575,-69.4325,NaN,1,v6,148.8
KHT-XE5S,10/20/19 11:00,124.2,56.9575,-70.2325,NaN,1,v6,148.8
KHT-XE6S,6/1/18 9:14,43.18,40.64,-5.883809524,NaN,1,v1,143.3
KHT-XE6S,6/1/18 9:14,43.18,40.64,-5.883809524,NaN,1,v1,143.3
KHT-XE6S,6/1/18 9:14,43.18,40.64,-5.883809524,NaN,1,v1,143.3
KHT-XE6S,6/19/18 8:58,62.5475,41.23,-24.66130952,NaN,1,v1,143.3
KHT-XE6S,6/19/18 8:58,62.23,41.23,-24.34380952,NaN,1,v1,143.3
KHT-XE6S,6/19/18 8:58,62.865,41.23,-24.97880952,NaN,1,v1,143.3
KHT-XE6S,7/1/18 7:10,112.395,41.23,-74.50880952,NaN,1,v1,143.3
KHT-XE6S,7/1/18 7:10,112.395,41.23,-74.50880952,NaN,1,v1,143.3
KHT-XE6S,7/1/18 7:10,112.7125,41.23,-74.82630952,NaN,1,v1,143.3
KHT-XE6S,7/17/18 8:03,NaN,43,NaN,NaN,0,v2,143.3
KHT-XE6S,7/27/18 8:18,NaN,41.23,NaN,NaN,0,v2,143.3
KHT-XE6S,8/10/18 7:55,NaN,41.23,NaN,NaN,0,v3,143.3
KHT-XE6S,9/16/18 9:05,NaN,41.23,NaN,NaN,0,nw,143.3
KHT-XE6S,10/1/18 8:15,NaN,41.23,NaN,NaN,0,nw,143.3
KHT-XE6S,10/14/18 8:29,NaN,41.23,NaN,NaN,0,nw,143.3
KHT-XE6S,6/3/19 11:39,39.6,41.23,1.63,NaN,1,nm,143.3
KHT-XE6S,6/3/19 11:39,40,41.23,1.23,NaN,1,nm,143.3
KHT-XE6S,6/3/19 11:39,39.7,41.23,1.53,NaN,1,nm,143.3
KHT-XE6S,6/17/19 8:03,38.3,41.23,-0.413809524,NaN,1,v4,143.3
KHT-XE6S,6/17/19 8:03,38.4,41.23,-0.513809524,NaN,1,v4,143.3
KHT-XE6S,6/17/19 8:03,38.5,41.23,-0.613809524,NaN,1,v4,143.3
KHT-XE6S,7/5/19 7:59,43,41.23,-5.113809524,NaN,1,v5,143.3
KHT-XE6S,7/5/19 7:59,43,41.23,-5.113809524,NaN,1,v5,143.3
KHT-XE6S,7/5/19 7:59,43.5,41.23,-5.613809524,NaN,1,v5,143.3
KHT-XE6S,7/26/19 6:47,104.5,41.23,-66.61380952,NaN,1,v.070919,143.3
KHT-XE6S,7/26/19 6:47,104.7,41.23,-66.81380952,NaN,1,v.070919,143.3
KHT-XE6S,7/26/19 6:47,104.5,41.23,-66.61380952,NaN,1,v.070919,143.3
KHT-XE6S,8/4/19 8:24,127.8,41.23,-89.22,NaN,1,bamboo speaker wire,143.3
KHT-XE6S,8/4/19 8:24,125.5,41.23,-86.92,NaN,1,bamboo speaker wire,143.3
KHT-XE6S,8/4/19 8:24,125,41.23,-86.42,NaN,1,bamboo speaker wire,143.3
KHT-XE6S,8/20/19 6:53,NaN,41.23,NaN,NaN,0,v6,143.3
KHT-XE6S,9/2/19 8:40,NaN,41.23,NaN,NaN,0,v6,143.3
KHT-XE6S,9/21/19 8:32,NaN,41.23,NaN,NaN,0,nw,143.3
KHT-XE6S,10/5/19 8:30,NaN,41.23,NaN,NaN,0,nw,143.3
KRH-XD1S,7/5/19 8:28,105.3,NaN,NaN,NaN,1,v5,NaN
KRH-XD1S,7/5/19 8:28,105.3,NaN,NaN,NaN,1,v5,NaN
KRH-XD1S,7/5/19 8:28,105.2,NaN,NaN,NaN,1,v5,NaN
KRH-XD1S,7/26/19 15:06,117,NaN,NaN,NaN,0,nw,NaN
KRH-XD1S,7/26/19 15:06,117.1,NaN,NaN,NaN,1,v.070919,NaN
KRH-XD1S,7/26/19 15:06,117.4,NaN,NaN,NaN,1,v.070919,NaN
KRH-XD1S,9/2/19 13:12,121.9,NaN,NaN,NaN,1,v6,NaN
KRH-XD1S,9/2/19 13:12,121.9,NaN,NaN,NaN,1,v6,NaN
KRH-XD1S,9/2/19 13:12,121,NaN,NaN,NaN,1,v6,NaN
KRH-XD1S,10/20/19 11:44,119.7,NaN,NaN,0,1,v6,NaN
KRH-XD1S,10/20/19 11:44,119.6,NaN,NaN,NaN,1,v6,NaN
KRH-XD1S,10/20/19 11:44,119.8,NaN,NaN,NaN,1,v6,NaN
KWF-1,7/1/18 8:25,120.65,69.5,-54.49380952,NaN,1,v1,150.5
KWF-1,7/1/18 8:25,121.285,69.5,-55.12880952,NaN,1,v1,150.5
KWF-1,7/1/18 8:25,121.6025,69.5,-55.44630952,NaN,1,v1,150.5
KWF-1,7/17/18 8:46,140.5,69.5,-75.595,NaN,1,v2,150.5
KWF-1,7/17/18 8:46,140.7,69.5,-75.795,NaN,1,v2,150.5
KWF-1,7/17/18 8:46,140.7,69.5,-75.795,NaN,1,v2,150.5
KWF-1,7/27/18 8:51,141.5,69.5,-76.595,1,1,v2,150.5
KWF-1,7/27/18 8:51,141.9,69.5,-76.995,NaN,1,v2,150.5
KWF-1,7/27/18 8:51,142,69.5,-77.095,NaN,1,v2,150.5
KWF-1,8/10/18 8:56,146.5,69.5,-80.6,NaN,1,v3,150.5
KWF-1,8/10/18 8:56,146.5,69.5,-80.6,NaN,1,v3,150.5
KWF-1,8/10/18 8:56,146.5,69.5,-80.6,NaN,1,v3,150.5
KWF-1,8/25/18 8:25,149.4,69.5,-83.5,NaN,1,v3,150.5
KWF-1,8/25/18 8:25,148.7,69.5,-82.8,NaN,1,v3,150.5
KWF-1,8/25/18 8:25,149.7,69.5,-83.8,1,1,v3,150.5
KWF-1,9/16/18 14:00,145.2,69.5,-79.3,NaN,1,v3,150.5
KWF-1,9/16/18 14:00,145.2,69.5,-79.3,NaN,1,v3,150.5
KWF-1,9/16/18 14:00,145.3,69.5,-79.4,NaN,1,v3,150.5
KWF-1,10/1/18 8:48,133.3,69.5,-67.4,1,1,v3,150.5
KWF-1,10/1/18 8:48,133.5,69.5,-67.6,1,1,v3,150.5
KWF-1,10/1/18 8:48,133.7,69.5,-67.8,1,1,v3,150.5
KWF-1,10/14/18 8:58,100.9,69.5,-35,NaN,1,v3,150.5
KWF-1,10/14/18 8:58,101,69.5,-35.1,NaN,1,v3,150.5
KWF-1,10/14/18 8:58,101,69.5,-35.1,NaN,1,v3,150.5
KWF-1,11/18/18 15:30,94.9,69.5,-29,NaN,1,v3,150.5
KWF-1,11/18/18 15:30,95.2,69.5,-29.3,NaN,1,v3,150.5
KWF-1,11/18/18 15:30,94.5,69.5,-28.6,NaN,1,v3,150.5
KWF-1,6/3/19 13:16,66.5,69.5,3,NaN,1,nm,150.5
KWF-1,6/3/19 13:16,67,69.5,2.5,NaN,1,nm,150.5
KWF-1,6/3/19 13:16,65.8,69.5,3.7,NaN,1,nm,150.5
KWF-1,6/17/19 7:02,66,69.5,0.156190476,NaN,1,v4,150.5
KWF-1,6/17/19 7:02,65,69.5,1.156190476,NaN,1,v4,150.5
KWF-1,6/17/19 7:02,66,69.5,0.156190476,NaN,1,v4,150.5
KWF-1,7/5/19 8:39,91,69.5,-24.84380952,1,1,v5,150.5
KWF-1,7/5/19 8:39,91.5,69.5,-25.34380952,NaN,1,v5,150.5
KWF-1,7/5/19 8:39,91.5,69.5,-25.34380952,NaN,1,v5,150.5
KWF-1,7/26/19 5:59,102.2,69.5,-36.04380952,NaN,1,v.070919,150.5
KWF-1,7/26/19 5:59,102.3,69.5,-36.14380952,NaN,1,v.070919,150.5
KWF-1,7/26/19 5:59,102.4,69.5,-36.24380952,NaN,1,v.070919,150.5
KWF-1,8/4/19 8:00,123,69.5,-56.15,NaN,1,bamboo speaker wire,150.5
KWF-1,8/4/19 8:00,122,69.5,-55.15,NaN,1,bamboo speaker wire,150.5
KWF-1,8/4/19 8:00,122.5,69.5,-55.65,NaN,1,bamboo speaker wire,150.5
KWF-1,8/20/19 7:15,136,69.5,-69.49,NaN,1,v6,150.5
KWF-1,8/20/19 7:15,137.3,69.5,-70.79,NaN,1,v6,150.5
KWF-1,8/20/19 7:15,137.5,69.5,-70.99,NaN,1,v6,150.5
KWF-1,9/2/19 8:56,139.8,69.5,-73.29,NaN,1,v6,150.5
KWF-1,9/2/19 8:56,140.2,69.5,-73.69,NaN,1,v6,150.5
KWF-1,9/2/19 8:56,140.3,69.5,-73.79,NaN,1,v6,150.5
KWF-1,9/21/19 8:53,111.4,69.5,-44.89,NaN,1,v6,150.5
KWF-1,9/21/19 8:53,111.6,69.5,-45.09,NaN,1,v6,150.5
KWF-1,9/21/19 8:53,111.6,69.5,-45.09,NaN,1,v6,150.5
KWF-1,10/5/19 8:49,94.9,69.5,-28.39,NaN,1,v6,150.5
KWF-1,10/5/19 8:49,94.6,69.5,-28.09,NaN,1,v6,150.5
KWF-1,10/5/19 8:49,94.6,69.5,-28.09,NaN,1,v6,150.5
KWF-1,10/20/19 12:14,88.3,69.5,-21.79,NaN,1,v6,150.5
KWF-1,10/20/19 12:14,88.1,69.5,-21.59,NaN,1,v6,150.5
KWF-1,10/20/19 12:14,88.5,69.5,-21.99,NaN,1,v6,150.5
KWR-1,7/1/18 8:30,93.98,73.05,-24.27380952,NaN,1,v1,NaN
KWR-1,7/1/18 8:30,93.6625,73.05,-23.95630952,NaN,1,v1,NaN
KWR-1,7/1/18 8:30,93.98,73.05,-24.27380952,NaN,1,v1,NaN
KWR-1,7/17/18 8:51,100,72.6,-31.995,NaN,1,v2,NaN
KWR-1,7/17/18 8:51,100.5,72.6,-32.495,NaN,1,v2,NaN
KWR-1,7/17/18 8:51,100.9,72.6,-32.895,NaN,1,v2,NaN
KWR-1,7/27/18 8:57,102.2,73.05,-33.745,1,1,v2,NaN
KWR-1,7/27/18 8:57,102.5,73.05,-34.045,NaN,1,v2,NaN
KWR-1,7/27/18 8:57,102.5,73.05,-34.045,NaN,1,v2,NaN
KWR-1,8/10/18 8:59,102,73.05,-32.55,NaN,1,v3,NaN
KWR-1,8/10/18 8:59,102.2,73.05,-32.75,NaN,1,v3,NaN
KWR-1,8/10/18 8:59,102.5,73.05,-33.05,NaN,1,v3,NaN
KWR-1,8/25/18 8:20,103.8,73.5,-33.9,1,1,v3,NaN
KWR-1,8/25/18 8:20,103.9,73.5,-34,1,1,v3,NaN
KWR-1,8/25/18 8:20,104.2,73.5,-34.3,1,1,v3,NaN
KWR-1,9/16/18 13:55,105.4,73.05,-35.95,1,1,v3,NaN
KWR-1,9/16/18 13:55,105.7,73.05,-36.25,1,1,v3,NaN
KWR-1,9/16/18 13:55,106.3,73.05,-36.85,1,1,v3,NaN
KWR-1,10/1/18 8:39,101.9,73.05,-32.45,NaN,1,v3,NaN
KWR-1,10/1/18 8:39,102.2,73.05,-32.75,NaN,1,v3,NaN
KWR-1,10/1/18 8:39,102.4,73.05,-32.95,NaN,1,v3,NaN
KWR-1,11/18/18 15:26,106.2,73.05,-36.75,1,1,v3,NaN
KWR-1,11/18/18 15:26,106.2,73.05,-36.75,1,1,v3,NaN
KWR-1,11/18/18 15:26,106.6,73.05,-37.15,1,1,v3,NaN
KWR-1,6/3/19 13:35,64.3,73.05,8.75,NaN,1,nm,NaN
KWR-1,6/3/19 13:35,64.3,73.05,8.75,NaN,1,nm,NaN
KWR-1,6/3/19 13:35,64.4,73.05,8.65,NaN,1,nm,NaN
KWR-1,6/17/19 6:55,65,73.05,8.05,NaN,1,nm,NaN
KWR-1,6/17/19 6:55,65,73.05,8.05,NaN,1,nm,NaN
KWR-1,6/17/19 6:55,65,73.05,8.05,NaN,1,nm,NaN
KWR-1,7/5/19 8:48,74.9,73.05,-5.193809524,NaN,1,v5,NaN
KWR-1,7/5/19 8:48,75,73.05,-5.293809524,NaN,1,v5,NaN
KWR-1,7/5/19 8:48,75.6,73.05,-5.893809524,NaN,1,v5,NaN
KWR-1,7/26/19 5:55,91.7,73.05,-21.99380952,NaN,1,v.070919,NaN
KWR-1,7/26/19 5:55,92,73.05,-22.29380952,NaN,1,v.070919,NaN
KWR-1,7/26/19 5:55,93,73.05,-23.29380952,NaN,1,v.070919,NaN
KWR-1,8/4/19 8:51,94,73.05,-23.6,NaN,1,bamboo speaker wire,NaN
KWR-1,8/4/19 8:51,94.3,73.05,-23.9,NaN,1,bamboo speaker wire,NaN
KWR-1,8/4/19 8:51,94.5,73.05,-24.1,NaN,1,bamboo speaker wire,NaN
KWR-1,8/20/19 7:18,98.5,73.05,-28.44,NaN,1,v6,NaN
KWR-1,8/20/19 7:18,99.4,73.05,-29.34,NaN,1,v6,NaN
KWR-1,8/20/19 7:18,98,73.05,-27.94,NaN,1,v6,NaN
KWR-1,9/2/19 9:00,100,73.05,-29.94,NaN,1,v6,NaN
KWR-1,9/2/19 9:00,100.4,73.05,-30.34,NaN,1,v6,NaN
KWR-1,9/2/19 9:00,100.5,73.05,-30.44,NaN,1,v6,NaN
KWR-1,9/21/19 8:58,99.5,73.05,-29.44,NaN,1,v6,NaN
KWR-1,9/21/19 8:58,99.5,73.05,-29.44,NaN,1,v6,NaN
KWR-1,9/21/19 8:58,99.7,73.05,-29.64,NaN,1,v6,NaN
KWR-1,10/5/19 8:55,99,73.05,-28.94,NaN,1,v6,NaN
KWR-1,10/5/19 8:55,98.9,73.05,-28.84,NaN,1,v6,NaN
KWR-1,10/5/19 8:55,99.1,73.05,-29.04,NaN,1,v6,NaN
KWR-1,10/20/19 12:18,100.1,73.05,-30.04,NaN,1,v6,NaN
KWR-1,10/20/19 12:18,100.2,73.05,-30.14,NaN,1,v6,NaN
KWR-1,10/20/19 12:18,100.3,73.05,-30.24,NaN,1,v6,NaN
KWR-XD1N,9/3/19 9:25,135.5,NaN,NaN,NaN,1,v6,NaN
KWR-XD1N,9/3/19 9:25,135.2,NaN,NaN,NaN,1,v6,NaN
KWR-XD1N,9/3/19 9:25,135.5,NaN,NaN,NaN,1,v6,NaN
KWR-XE1N,7/1/18 8:00,126.6825,85.6,-44.42630952,NaN,1,v1,NaN
KWR-XE1N,7/1/18 8:00,127,85.6,-44.74380952,NaN,1,v1,NaN
KWR-XE1N,7/1/18 8:00,127.3175,85.6,-45.06130952,NaN,1,v1,NaN
KWR-XE1N,7/17/18 8:21,129.8,85.6,-48.795,NaN,1,v2,NaN
KWR-XE1N,7/17/18 8:21,129.6,85.6,-48.595,NaN,1,v2,NaN
KWR-XE1N,7/17/18 8:21,130,85.6,-48.995,NaN,1,v2,NaN
KWR-XE1N,7/27/18 8:30,131.2,85.6,-50.195,NaN,1,v2,NaN
KWR-XE1N,7/27/18 8:30,131.3,85.6,-50.295,NaN,1,v2,NaN
KWR-XE1N,7/27/18 8:30,131.3,85.6,-50.295,NaN,1,v2,NaN
KWR-XE1N,8/10/18 8:37,132,85.6,-50,NaN,1,v3,NaN
KWR-XE1N,8/10/18 8:37,132,85.6,-50,NaN,1,v3,NaN
KWR-XE1N,8/10/18 8:37,131.8,85.6,-49.8,NaN,1,v3,NaN
KWR-XE1N,8/25/18 7:15,133.8,85.6,-51.8,NaN,1,v3,NaN
KWR-XE1N,8/25/18 7:15,133.5,85.6,-51.5,NaN,1,v3,NaN
KWR-XE1N,8/25/18 7:15,133.8,85.6,-51.8,NaN,1,v3,NaN
KWR-XE1N,9/16/18 8:45,134.5,85.6,-52.5,NaN,1,v3,NaN
KWR-XE1N,9/16/18 8:45,134.6,85.6,-52.6,NaN,1,v3,NaN
KWR-XE1N,9/16/18 8:45,134.7,85.6,-52.7,NaN,1,v3,NaN
KWR-XE1N,10/1/18 7:55,135.4,85.6,-53.4,NaN,1,v3,NaN
KWR-XE1N,10/1/18 7:55,135.5,85.6,-53.5,NaN,1,v3,NaN
KWR-XE1N,10/1/18 7:55,135.3,85.6,-53.3,NaN,1,v3,NaN
KWR-XE1N,10/14/18 8:14,135.4,85.6,-53.4,NaN,1,v3,NaN
KWR-XE1N,10/14/18 8:14,135,85.6,-53,NaN,1,v3,NaN
KWR-XE1N,10/14/18 8:14,135,85.6,-53,NaN,1,v3,NaN
KWR-XE1N,11/18/18 16:23,134,85.6,-52,NaN,1,v3,NaN
KWR-XE1N,11/18/18 16:23,133.5,85.6,-51.5,NaN,1,v3,NaN
KWR-XE1N,11/18/18 16:23,133.4,85.6,-51.4,NaN,1,v3,NaN
KWR-XE1N,6/17/19 8:25,82,85.6,0.256190476,NaN,1,v4,NaN
KWR-XE1N,6/17/19 8:25,82,85.6,3.6,NaN,1,nm,NaN
KWR-XE1N,6/17/19 8:25,82,85.6,0.256190476,NaN,1,v4,NaN
KWR-XE1N,7/5/19 7:43,107.5,85.6,-25.24380952,NaN,1,v5,NaN
KWR-XE1N,7/5/19 7:43,108.2,85.6,-25.94380952,NaN,1,v5,NaN
KWR-XE1N,7/5/19 7:43,108.2,85.6,-25.94380952,NaN,1,v5,NaN
KWR-XE1N,7/26/19 6:36,123.5,85.6,-41.24380952,NaN,1,v.070919,NaN
KWR-XE1N,7/26/19 6:36,123.9,85.6,-41.64380952,NaN,1,v.070919,NaN
KWR-XE1N,7/26/19 6:36,124.2,85.6,-41.94380952,NaN,1,v.070919,NaN
KWR-XE1N,8/4/19 8:12,127,85.6,-44.05,NaN,1,bamboo speaker wire,NaN
KWR-XE1N,8/4/19 8:12,127.8,85.6,-44.85,NaN,1,bamboo speaker wire,NaN
KWR-XE1N,8/4/19 8:12,127.5,85.6,-44.55,NaN,1,bamboo speaker wire,NaN
KWR-XE1N,8/20/19 6:31,130.4,85.6,-47.79,NaN,1,v6,NaN
KWR-XE1N,8/20/19 6:31,131,85.6,-48.39,NaN,1,v6,NaN
KWR-XE1N,8/20/19 6:31,130.6,85.6,-47.99,NaN,1,v6,NaN
KWR-XE1N,9/2/19 8:31,131.7,85.6,-49.09,NaN,1,v6,NaN
KWR-XE1N,9/2/19 8:31,132,85.6,-49.39,NaN,1,v6,NaN
KWR-XE1N,9/2/19 8:31,132,85.6,-49.39,NaN,1,v6,NaN
KWR-XE1N,9/21/19 8:21,131.3,85.6,-48.69,NaN,1,v6,NaN
KWR-XE1N,9/21/19 8:21,131.3,85.6,-48.69,NaN,1,v6,NaN
KWR-XE1N,9/21/19 8:21,131.4,85.6,-48.79,NaN,1,v6,NaN
KWR-XE1N,10/5/19 8:18,131.6,NaN,NaN,NaN,1,v6,NaN
KWR-XE1N,10/5/19 8:18,131.5,NaN,NaN,NaN,1,v6,NaN
KWR-XE1N,10/5/19 8:18,131.6,NaN,NaN,NaN,1,v6,NaN
KWR-XE1N,10/20/19 10:44,132.3,85.6,-49.69,0,1,v6,NaN
KWR-XE1N,10/20/19 10:44,132.5,85.6,-49.89,NaN,1,v6,NaN
KWR-XE1N,10/20/19 10:44,132.6,85.6,-49.99,NaN,1,v6,NaN
KWT-1,6/19/18 8:34,112.7125,55.6,-60.45630952,NaN,1,v1,136.7
KWT-1,6/19/18 8:34,113.03,55.6,-60.77380952,NaN,1,v1,136.7
KWT-1,6/19/18 8:34,113.3475,55.6,-61.09130952,NaN,1,v1,136.7
KWT-1,7/1/18 6:52,134.3025,55.6,-82.04630952,NaN,1,v1,136.7
KWT-1,7/1/18 6:52,134.9375,55.6,-82.68130952,NaN,1,v1,136.7
KWT-1,7/1/18 6:52,134.9375,55.6,-82.68130952,NaN,1,v1,136.7
KWT-1,7/17/18 7:55,NaN,55.6,NaN,NaN,0,v2,136.7
KWT-1,7/27/18 8:14,NaN,55.6,NaN,NaN,0,v2,136.7
KWT-1,8/10/18 7:55,NaN,55.6,NaN,NaN,0,v3,136.7
KWT-1,9/16/18 14:32,NaN,55.6,NaN,NaN,0,nw,136.7
KWT-1,10/1/18 8:18,NaN,55.6,NaN,NaN,0,nw,136.7
KWT-1,10/14/18 8:54,NaN,55.6,NaN,NaN,0,nw,136.7
KWT-1,6/3/19 12:10,55.5,55.6,0.1,NaN,1,nm,136.7
KWT-1,6/3/19 12:10,56,55.6,-0.4,NaN,1,nm,136.7
KWT-1,6/3/19 12:10,55.5,55.6,0.1,NaN,1,nm,136.7
KWT-1,6/17/19 7:52,54,55.6,-1.743809524,NaN,1,v4,136.7
KWT-1,6/17/19 7:52,54.4,55.6,-2.143809524,NaN,1,v4,136.7
KWT-1,6/17/19 7:52,54.5,55.6,-2.243809524,NaN,1,v4,136.7
KWT-1,7/5/19 8:09,57.5,55.6,-5.243809524,1,1,v5,136.7
KWT-1,7/5/19 8:09,57.8,55.6,-5.543809524,NaN,1,v5,136.7
KWT-1,7/5/19 8:09,57.9,55.6,-5.643809524,NaN,1,v5,136.7
KWT-1,7/26/19 15:15,97,55.6,-44.74380952,NaN,1,v.070919,136.7
KWT-1,7/26/19 15:15,96.9,55.6,-44.64380952,NaN,1,v.070919,136.7
KWT-1,7/26/19 15:15,96.9,55.6,-44.64380952,NaN,1,v.070919,136.7
KWT-1,8/20/19 17:45,121.8,55.6,-69.19,NaN,1,v6,136.7
KWT-1,8/20/19 17:45,121.9,55.6,-69.29,NaN,1,v6,136.7
KWT-1,8/20/19 17:45,122.1,55.6,-69.49,NaN,1,v6,136.7
KWT-1,9/2/19 12:35,130,55.6,-77.39,NaN,1,v6,136.7
KWT-1,9/2/19 12:35,129.9,55.6,-77.29,NaN,1,v6,136.7
KWT-1,9/2/19 12:35,130,55.6,-77.39,NaN,1,v6,136.7
KWT-1,10/20/19 11:22,61.5,55.6,-8.89,1,1,v6,136.7
KWT-1,10/20/19 11:22,61.8,55.6,-9.19,NaN,1,v6,136.7
KWT-1,10/20/19 11:22,61.9,55.6,-9.29,NaN,1,v6,136.7
LET-1,7/7/19 9:00,64.5,NaN,NaN,NaN,1,v5,NaN
LET-1,7/7/19 9:00,64.6,NaN,NaN,NaN,1,v5,NaN
LET-1,7/7/19 9:00,64.6,NaN,NaN,NaN,1,v5,NaN
LET-1,7/26/19 8:50,86.5,NaN,NaN,NaN,1,v.070919,NaN
LET-1,7/26/19 8:50,86.5,NaN,NaN,NaN,1,v.070919,NaN
LET-1,7/26/19 8:50,86.7,NaN,NaN,NaN,1,v.070919,NaN
LET-1,8/5/19 8:24,99,NaN,NaN,NaN,1,bamboo speaker wire,NaN
LET-1,8/5/19 8:24,98.6,NaN,NaN,NaN,1,bamboo speaker wire,NaN
LET-1,8/5/19 8:24,98.8,NaN,NaN,NaN,1,bamboo speaker wire,NaN
LET-1,8/20/19 8:14,117,NaN,NaN,NaN,1,v6,NaN
LET-1,8/20/19 8:14,110.6,NaN,NaN,NaN,1,v6,NaN
LET-1,8/20/19 8:14,111.1,NaN,NaN,NaN,1,v6,NaN
LET-1,9/3/19 7:53,121.3,NaN,NaN,NaN,1,v6,NaN
LET-1,9/3/19 7:53,121.6,NaN,NaN,NaN,1,v6,NaN
LET-1,9/3/19 7:53,121.7,NaN,NaN,NaN,1,v6,NaN
LET-1,9/21/19 7:29,96.5,NaN,NaN,NaN,1,v6,NaN
LET-1,9/21/19 7:29,96.4,NaN,NaN,NaN,1,v6,NaN
LET-1,9/21/19 7:29,96.3,NaN,NaN,NaN,1,v6,NaN
LET-1,10/5/19 9:39,83.8,NaN,NaN,NaN,1,v6,NaN
LET-1,10/5/19 9:39,84,NaN,NaN,NaN,1,v6,NaN
LET-1,10/5/19 9:39,84,NaN,NaN,NaN,1,v6,NaN
LET-1,10/19/19 10:13,75.6,NaN,NaN,NaN,1,v6,NaN
LET-1,10/19/19 10:13,75.6,NaN,NaN,NaN,1,v6,NaN
LET-1,10/19/19 10:13,76,NaN,NaN,NaN,1,v6,NaN
LHT-1,7/7/19 8:59,82.9,NaN,NaN,NaN,1,v5,NaN
LHT-1,7/7/19 8:59,82,NaN,NaN,NaN,1,v5,NaN
LHT-1,7/7/19 8:59,81.5,NaN,NaN,NaN,1,v5,NaN
LHT-1,7/26/19 6:50,81,NaN,NaN,NaN,1,v.070919,148
LHT-1,7/26/19 6:50,81.2,NaN,NaN,NaN,1,v.070919,148
LHT-1,7/26/19 6:50,81.5,NaN,NaN,NaN,1,v.070919,148
LHT-1,7/26/19 8:58,102.6,NaN,NaN,NaN,1,v.070919,NaN
LHT-1,7/26/19 8:58,103,NaN,NaN,NaN,1,v.070919,NaN
LHT-1,7/26/19 8:58,103.1,NaN,NaN,NaN,1,v.070919,NaN
LHT-1,8/5/19 8:23,115.5,NaN,NaN,NaN,1,bamboo speaker wire,NaN
LHT-1,8/5/19 8:23,115.6,NaN,NaN,NaN,1,bamboo speaker wire,148
LHT-1,8/5/19 8:23,115.2,NaN,NaN,NaN,1,bamboo speaker wire,148
LHT-1,8/20/19 8:11,128.5,NaN,NaN,NaN,1,v6,148
LHT-1,8/20/19 8:11,128.8,NaN,NaN,NaN,1,v6,148
LHT-1,8/20/19 8:11,127,NaN,NaN,NaN,1,v6,148
LHT-1,9/3/19 7:51,132.6,NaN,NaN,NaN,1,v6,148
LHT-1,9/3/19 7:51,132.4,NaN,NaN,NaN,1,v6,148
LHT-1,9/3/19 7:51,132.5,NaN,NaN,NaN,1,v6,148
LHT-1,9/21/19 7:25,148,NaN,NaN,NaN,0,v6,148
LHT-1,10/5/19 8:05,65.9,NaN,NaN,NaN,1,v6,148
LHT-1,10/5/19 8:05,66.3,NaN,NaN,NaN,1,v6,148
LHT-1,10/5/19 8:05,66.1,NaN,NaN,NaN,1,v6,148
LHT-1,10/5/19 9:38,104.9,NaN,NaN,NaN,1,v6,NaN
LHT-1,10/5/19 9:38,104.9,NaN,NaN,NaN,1,v6,NaN
LHT-1,10/5/19 9:38,105,NaN,NaN,NaN,1,v6,NaN
LHT-1,10/19/19 10:16,136,NaN,NaN,NaN,1,v6,NaN
LHT-1,10/19/19 10:16,136.3,NaN,NaN,NaN,1,v6,NaN
LHT-1,10/19/19 10:16,137,NaN,NaN,NaN,1,v6,NaN
LHT-1,10/20/19 7:42,63.8,NaN,NaN,NaN,1,v6,148
LHT-1,10/20/19 7:42,64,NaN,NaN,NaN,1,v6,148
LHT-1,10/20/19 7:42,64.1,NaN,NaN,NaN,1,v6,148
LWT-1,7/7/19 9:02,73.2,NaN,NaN,NaN,1,v5,NaN
LWT-1,7/7/19 9:02,73.4,NaN,NaN,NaN,1,v5,NaN
LWT-1,7/7/19 9:02,73.7,NaN,NaN,NaN,1,v5,NaN
LWT-1,7/26/19 8:52,96.5,NaN,NaN,NaN,1,v.070919,NaN
LWT-1,7/26/19 8:52,96.6,NaN,NaN,NaN,1,v.070919,NaN
LWT-1,7/26/19 8:52,97,NaN,NaN,NaN,1,v.070919,NaN
LWT-1,8/5/19 8:27,107.9,NaN,NaN,NaN,1,bamboo speaker wire,NaN
LWT-1,8/5/19 8:27,107.5,NaN,NaN,NaN,1,bamboo speaker wire,NaN
LWT-1,8/5/19 8:27,107.5,NaN,NaN,NaN,1,bamboo speaker wire,NaN
LWT-1,8/20/19 8:15,117.8,NaN,NaN,NaN,1,v6,NaN
LWT-1,8/20/19 8:15,118.2,NaN,NaN,NaN,1,v6,NaN
LWT-1,8/20/19 8:15,118.2,NaN,NaN,NaN,1,v6,NaN
LWT-1,9/3/19 7:55,123.5,NaN,NaN,NaN,1,v6,NaN
LWT-1,9/3/19 7:55,123.4,NaN,NaN,NaN,1,v6,NaN
LWT-1,9/3/19 7:55,123.4,NaN,NaN,NaN,1,v6,NaN
LWT-1,9/21/19 16:53,100.5,NaN,NaN,NaN,1,v6,NaN
LWT-1,9/21/19 16:53,100.2,NaN,NaN,NaN,1,v6,NaN
LWT-1,9/21/19 16:53,101,NaN,NaN,NaN,1,v6,NaN
LWT-1,10/5/19 9:41,94.1,NaN,NaN,NaN,1,v6,NaN
LWT-1,10/5/19 9:41,94,NaN,NaN,NaN,1,v6,NaN
LWT-1,10/5/19 9:41,94,NaN,NaN,NaN,1,v6,NaN
LWT-1,10/19/19 10:10,91.6,NaN,NaN,NaN,1,v6,NaN
LWT-1,10/19/19 10:10,91.6,NaN,NaN,NaN,1,v6,NaN
LWT-1,10/19/19 10:10,91.2,NaN,NaN,NaN,1,v6,NaN