#,well_id,date,start_depth_cm,stop_depth_cm,soil_texture_code,gravel_amount_percent,field_well_id
1.0,EER-1,5/30/2018,0.0,50.8,C,0.0,EER-1
,EER-1,5/30/2018,50.8,73.66,SC,0.35,EER-1
2.0,EHR-1,5/30/2018,0.0,30.48,C,0.0,EHR-1
,EHR-1,5/30/2018,30.48,61.595,SC,0.0,EHR-1
,EHR-1,5/30/2018,61.595,74.93,SIC,0.0,EHR-1
,EHR-1,5/30/2018,74.93,95.25,CL,0.0,EHR-1
,EHR-1,5/30/2018,95.25,104.14,C,0.35,EHR-1
3.0,EWR-1,5/31/2018,0.0,22.86,C,0.0,EWR-1
,EWR-1,5/31/2018,22.86,27.94,SC,0.35,EWR-1
,EWR-1,5/31/2018,27.94,40.64,C,0.0,EWR-1
4.0,EEF-1,5/31/2018,0.0,10.16,HO,0.0,EEF-1
,EEF-1,5/31/2018,10.16,22.86,C,0.0,EEF-1
,EEF-1,5/31/2018,22.86,40.64,SIC,0.35,EEF-1
,EEF-1,5/31/2018,40.64,55.88,SC,0.6,EEF-1
,EEF-1,5/31/2018,55.88,96.52,CL,0.35,EEF-1
5.0,EET-1,5/31/2018,0.0,10.16,HO,0.0,EET-1
,EET-1,5/31/2018,10.16,25.4,C,0.0,EET-1
,EET-1,5/31/2018,25.4,45.72,SC,0.35,EET-1
,EET-1,5/31/2018,45.72,64.77,SCL,0.6,EET-1
,EET-1,5/31/2018,64.77,88.9,L,0.35,EET-1
,EET-1,5/31/2018,88.9,99.06,SCL,0.0,EET-1
6.0,EWF-1,5/31/2018,0.0,5.08,HO,0.0,EWT-1
,EWF-1,5/31/2018,5.08,10.16,C,0.0,EWT-1
,EWF-1,5/31/2018,10.16,30.48,C,0.35,EWT-1
,EWF-1,5/31/2018,30.48,45.72,CL,0.35,EWT-1
,EWF-1,5/31/2018,45.72,57.785,SC,0.35,EWT-1
,EWF-1,5/31/2018,57.785,69.85,C,0.35,EWT-1
,EWF-1,5/31/2018,69.85,80.01,CL,0.35,EWT-1
,EWF-1,5/31/2018,80.01,91.44,C,0.0,EWT-1
,EWF-1,5/31/2018,91.44,109.0,CL,0.0,EWT-1
,EWF-1,7/15/2021,109.0,151.0,SC,0.0,EWT-1
,EWF-1,7/15/2021,151.0,152.0,GR,0.35,EWT-1
8.0,KER-1,6/18/2018,0.0,5.08,SIC,0.0,KER-1
,KER-1,6/18/2018,5.08,35.56,C,0.0,KER-1
,KER-1,6/18/2018,35.56,63.5,CL,0.0,KER-1
,KER-1,6/18/2018,63.5,71.12,C,0.6,KER-1
,KER-1,6/18/2018,71.12,81.28,SL,0.35,KER-1
,KER-1,6/18/2018,81.28,83.82,GR,0.35,KER-1
9.0,KWF-2,6/20/2018,0.0,12.7,C,0.0,KWT-1
,KWF-2,6/20/2018,12.7,19.05,XST,0.0,KWT-1
,KWF-2,6/20/2018,19.05,30.48,C,0.0,KWT-1
,KWF-2,6/20/2018,30.48,44.45,SIC,0.0,KWT-1
,KWF-2,6/20/2018,44.45,71.12,SCL,0.0,KWT-1
,KWF-2,6/20/2018,71.12,91.44,SCL,0.6,KWT-1
,KWF-2,6/20/2018,91.44,104.14,GR,0.35,KWT-1
11.0,KWR-XE1N,6/20/2018,0.0,5.08,O,0.0,E1N
,KWR-XE1N,6/20/2018,5.08,15.24,SC,0.0,E1N
,KWR-XE1N,6/20/2018,15.24,33.02,SC,0.0,E1N
,KWR-XE1N,6/20/2018,33.02,58.42,SCL,0.6,E1N
,KWR-XE1N,6/20/2018,58.42,60.96,SIC,0.0,E1N
,KWR-XE1N,6/20/2018,60.96,63.5,GR,0.35,E1N
,KWR-XE1N,6/20/2018,63.5,73.66,GR,0.6,E1N
12.0,KWR-1,6/20/2018,0.0,63.5,CL,0.0,KWR-1
,KWR-1,6/20/2018,63.5,81.28,SCL,0.35,KWR-1
,KWR-1,6/20/2018,81.28,83.82,GR,0.35,KWR-1
14.0,KHF-1,6/30/2018,0.0,5.08,O,0.0,KHF-1
,KHF-1,6/30/2018,5.08,15.24,SIC,0.35,KHF-1
,KHF-1,6/30/2018,15.24,35.56,C,0.0,KHF-1
,KHF-1,6/30/2018,35.56,57.15,CL,0.35,KHF-1
,KHF-1,6/30/2018,57.15,71.12,SC,0.35,KHF-1
,KHF-1,6/30/2018,71.12,84.0,SC,0.0,KHF-1
27.0,KHF-1,6/29/2021,84.0,100.0,SC,0.35,KHF-1
,KHF-1,6/29/2021,100.0,140.0,SC,0.6,KHF-1
,KHF-1,6/29/2021,140.0,167.0,C,0.6,KHF-1
,,,,,,0.0,
15.0,KEF-1,6/30/2018,0.0,5.08,O,0.0,KEF-1
,KEF-1,6/30/2018,5.08,38.1,C,0.0,KEF-1
,KEF-1,6/30/2018,38.1,66.04,SC,0.35,KEF-1
,KEF-1,6/30/2018,66.04,81.28,SCL,0.35,KEF-1
16.0,KWF-1,6/30/2018,0.0,20.32,C,0.0,KWF-1
,KWF-1,6/30/2018,20.32,38.1,SC,0.35,KWF-1
,KWF-1,6/30/2018,38.1,67.31,SCL,0.35,KWF-1
,KWF-1,6/30/2018,67.31,83.82,SC,0.35,KWF-1
,KWF-1,6/30/2018,83.82,88.9,SC,0.6,KWF-1
,KWF-1,6/30/2018,88.9,91.44,GR,0.35,KWF-1
17.0,KHR-1,7/4/2019,0.0,4.0,O,0.0,KHR-1
,KHR-1,7/4/2019,4.0,32.0,SIC,0.0,KHR-1
,KHR-1,7/4/2019,32.0,42.0,SC,0.0,KHR-1
,KHR-1,7/4/2019,42.0,50.0,SIC,0.0,KHR-1
,KHR-1,7/4/2019,50.0,95.0,SC,0.0,KHR-1
,KHR-1,7/4/2019,95.0,102.0,SC,0.35,KHR-1
,KHR-1,7/4/2019,102.0,103.0,FGR,0.35,KHR-1
,KHR-1,7/4/2019,103.0,104.0,CGR,0.35,KHR-1
,,,,,,0.0,
18.0,KET-1,7/5/2019,0.0,12.0,O,0.0,KET-1
,KET-1,7/5/2019,12.0,20.0,SIC,0.0,KET-1
,KET-1,7/5/2019,20.0,42.0,SC,0.35,KET-1
,KET-1,7/5/2019,42.0,59.0,SC,0.0,KET-1
,KET-1,7/5/2019,59.0,80.0,SC,0.35,KET-1
,KET-1,7/5/2019,80.0,84.0,GR,0.35,KET-1
,KET-1,7/5/2019,84.0,110.0,SC,0.6,KET-1
19.0,EEF-2,7/5/2019,0.0,4.0,O,0.0,EET-2
,EEF-2,7/5/2019,4.0,10.0,SIC,0.0,EET-2
,EEF-2,7/5/2019,10.0,89.0,SIC,0.35,EET-2
,EEF-2,7/5/2019,89.0,115.0,SIC,0.0,EET-2
30.0,EEF-2,7/15/2021,115.0,128.0,SC,0.0,EET-2
,EEF-2,7/15/2021,128.0,130.0,GR,0.35,EET-2
,EEF-2,7/15/2021,130.0,135.0,SC,0.0,EET-2
,EEF-2,7/15/2021,135.0,136.0,GR,0.35,EET-2
20.0,LHT-1,7/6/2019,0.0,10.0,O,0.0,LHT-1
,LHT-1,7/6/2019,10.0,31.0,SIC,0.0,LHT-1
,LHT-1,7/6/2019,31.0,48.0,C,0.0,LHT-1
,LHT-1,7/6/2019,48.0,54.0,SIC,0.0,LHT-1
,LHT-1,7/6/2019,54.0,76.0,C,0.35,LHT-1
,LHT-1,7/6/2019,76.0,95.0,SC,0.35,LHT-1
,LHT-1,7/6/2019,95.0,109.0,SC,0.0,LHT-1
,LHT-1,7/6/2019,109.0,115.0,SC,0.35,LHT-1
21.0,LET-1,7/6/2019,0.0,7.5,O,0.0,LET-1
,LET-1,7/6/2019,7.5,110.0,SIC,0.0,LET-1
,LET-1,7/6/2019,110.0,120.0,SC,0.0,LET-1
22.0,LWT-1,7/6/2019,0.0,13.0,O,0.0,LWT-1
,LWT-1,7/6/2019,13.0,29.0,C,0.0,LWT-1
,LWT-1,7/6/2019,29.0,55.0,SIC,0.0,LWT-1
,LWT-1,7/6/2019,55.0,82.0,C,0.0,LWT-1
,LWT-1,7/6/2019,82.0,108.0,SC,0.0,LWT-1
23.0,EFR-XB3S,8/12/2019,0.0,6.0,O,0.0,B3S
,EFR-XB3S,8/12/2019,6.0,100.0,C,0.0,B3S
,EFR-XB3S,8/12/2019,100.0,112.0,SC,0.9,B3S
24.0,KWF-XE8S,6/6/2021,0.0,12.0,O,0.0,E8S
,KWF-XE8S,6/6/2021,12.0,25.0,C,0.0,E8S
,KWF-XE8S,6/6/2021,25.0,41.0,C,0.35,E8S
,KWF-XE8S,6/6/2021,41.0,66.0,C,0.6,E8S
,KWF-XE8S,6/6/2021,66.0,80.0,SC,0.9,E8S
,KWF-XE8S,6/6/2021,80.0,90.0,S,0.9,E8S
,KWF-XE8S,6/6/2021,90.0,100.0,SC,0.35,E8S
,KWF-XE8S,6/6/2021,100.0,115.0,SC,0.6,E8S
,KWF-XE8S,6/6/2021,115.0,121.0,S,0.9,E8S
28.0,EHF-XA5S,7/15/2021,0.0,12.0,O,0.0,EHT-XA5S
,EHF-XA5S,7/15/2021,12.0,63.0,SIC,0.0,EHT-XA5S
,EHF-XA5S,7/15/2021,63.0,103.0,SC,0.0,EHT-XA5S
,EHF-XA5S,7/15/2021,103.0,130.0,C,0.0,EHT-XA5S
,EHF-XA5S,7/15/2021,130.0,131.0,GR,0.35,EHT-XA5S
,EWF-1,7/15/2021,109.0,151.0,SC,0.0,EWT-1
,EWF-1,7/15/2021,151.0,152.0,GR,0.35,EWT-1
32.0,EFT-XA2S,7/16/2021,0.0,17.0,O,0.0,A2S
,EFT-XA2S,7/16/2021,17.0,25.0,C,0.6,A2S
,EFT-XA2S,7/16/2021,25.0,45.0,C,0.9,A2S
33.0,KHT-XE6S,7/16/2021,0.0,13.0,O,0.0,E6S
,KHT-XE6S,7/16/2021,13.0,38.0,CL,0.0,E6S
,KHT-XE6S,7/16/2021,38.0,46.0,SIC,0.0,E6S
,KHT-XE6S,7/16/2021,46.0,60.0,SIC,0.35,E6S
,KHT-XE6S,7/16/2021,60.0,80.0,SC,0.6,E6S
,KHT-XE6S,7/16/2021,80.0,91.0,SC,0.0,E6S
,KHT-XE6S,7/16/2021,91.0,116.0,C,0.35,E6S
,KHT-XE6S,7/16/2021,116.0,147.0,C,0.6,E6S
,KHT-XE6S,7/16/2021,147.0,154.0,SC,0.9,E6S
,KHT-XE6S,7/16/2021,154.0,173.0,SC,0.6,E6S
,KHT-XE6S,7/16/2021,173.0,182.0,C,0.9,E6S
,KHT-XE6S,7/16/2021,182.0,183.0,GR,0.35,E6S
35.0,KWF-2,6/11/2025,0.0,7.0,O,0.0,KWF-2
,KWF-2,6/11/2025,7.0,14.0,SIC,0.0,KWF-2
,KWF-2,6/11/2025,14.0,40.0,C,0.0,KWF-2
,KWF-2,6/11/2025,40.0,51.0,C,0.35,KWF-2
,KWF-2,6/11/2025,51.0,63.0,SC,0.0,KWF-2
,KWF-2,6/11/2025,63.0,66.0,VCB,0.0,KWF-2
36.0,KWT-2,6/14/2025,0.0,6.0,O,0.0,KWT-2
,KWT-2,6/14/2025,6.0,10.0,L,0.0,KWT-2
,KWT-2,6/14/2025,10.0,38.0,C,0.0,KWT-2
,KWT-2,6/14/2025,38.0,60.0,SC,0.6,KWT-2
,KWT-2,6/14/2025,60.0,75.0,C,0.6,KWT-2
,KWT-2,6/14/2025,75.0,91.0,C,0.0,KWT-2
,KWT-2,6/14/2025,91.0,92.0,VCB,0.0,KWT-2
,EWT-2,6/12/2025,0.0,16.0,O,0.0,EWT-2
,EWT-2,6/12/2025,16.0,69.0,SC,0.35,EWT-2
,EWT-2,6/12/2025,69.0,80.0,SC,0.6,EWT-2
,EWT-2,6/12/2025,80.0,107.0,SC,0.35,EWT-2
,EWT-2,6/12/2025,107.0,123.0,SC,0.0,EWT-2
38.0,KER-2,6/15/2025,0.0,3.0,O,0.0,KER-2
,KER-2,6/15/2025,3.0,42.0,SC,0.0,KER-2
,KER-2,6/15/2025,42.0,55.0,SIC,0.0,KER-2
,KER-2,6/15/2025,55.0,64.0,SC,0.35,KER-2
,KER-2,6/15/2025,64.0,80.0,MGR,0.35,KER-2
