,Unnamed: 0,DT,baro LEVEL,Date,Time,ms,TEMPERATURE,logger LEVEL,Compensated Level
0,0,2018-07-25 14:40:00,8.2707245816,7/25/2018,02:40:00 pm,0,8.895,8.3182,0.0474754183999994
1,1,2018-07-25 14:50:00,8.2713975968,7/25/2018,02:50:00 pm,0,8.884,8.3177,0.0463024032000003
2,2,2018-07-25 15:00:00,8.270744976,7/25/2018,03:00:00 pm,0,8.876,8.3162,0.0454550240000006
3,3,2018-07-25 15:10:00,8.269980186,7/25/2018,03:10:00 pm,0,8.869,8.3155,0.0455198140000003
4,4,2018-07-25 15:20:00,8.2689808604,7/25/2018,03:20:00 pm,0,8.862,8.3145,0.0455191396000014
5,5,2018-07-25 15:30:00,8.2680325208,7/25/2018,03:30:00 pm,0,8.856,8.3131,0.0450674792
6,6,2018-07-25 15:40:00,8.267175955999999,7/25/2018,03:40:00 pm,0,8.852,8.3121,0.044924044
7,7,2018-07-25 15:50:00,8.266309194,7/25/2018,03:50:00 pm,0,8.849,8.3111,0.0447908059999999
8,8,2018-07-25 16:00:00,8.2660236724,7/25/2018,04:00:00 pm,0,8.845,8.3096,0.0435763276000003
9,9,2018-07-25 16:10:00,8.266156236,7/25/2018,04:10:00 pm,0,8.844,8.3089,0.042743763999999
10,10,2018-07-25 16:20:00,8.266115447199999,7/25/2018,04:20:00 pm,0,8.842,8.3077,0.0415845528000016
11,11,2018-07-25 16:30:00,8.265442431999999,7/25/2018,04:30:00 pm,0,8.839,8.3069,0.041457568000002
12,12,2018-07-25 16:40:00,8.2651161216,7/25/2018,04:40:00 pm,0,8.838,8.306,0.0408838783999989
13,13,2018-07-25 16:50:00,8.2648917832,7/25/2018,04:50:00 pm,0,8.837,8.3051,0.0402082167999999
14,14,2018-07-25 17:00:00,8.2634233864,7/25/2018,05:00:00 pm,0,8.836,8.304,0.0405766136000007
15,15,2018-07-25 17:10:00,8.263617133199999,7/25/2018,05:10:00 pm,0,8.835,8.3027,0.0390828668000011
16,16,2018-07-25 17:20:00,8.2644635008,7/25/2018,05:20:00 pm,0,8.833,8.3029,0.0384364991999994
17,17,2018-07-25 17:30:00,8.2646368532,7/25/2018,05:30:00 pm,0,8.831,8.303,0.0383631468
18,18,2018-07-25 17:40:00,8.2639434436,7/25/2018,05:40:00 pm,0,8.829,8.3026,0.0386565563999994
19,19,2018-07-25 17:50:00,8.2641473876,7/25/2018,05:50:00 pm,0,8.828,8.3022,0.0380526123999995
20,20,2018-07-25 18:00:00,8.2644533036,7/25/2018,06:00:00 pm,0,8.827,8.3016,0.0371466964000006
21,21,2018-07-25 18:10:00,8.264932572,7/25/2018,06:10:00 pm,0,8.826,8.3016,0.0366674280000012
22,22,2018-07-25 18:20:00,8.265095727199999,7/25/2018,06:20:00 pm,0,8.825,8.3012,0.0361042728000011
23,23,2018-07-25 18:30:00,8.2645144868,7/25/2018,06:30:00 pm,0,8.824,8.3007,0.0361855132000012
24,24,2018-07-25 18:40:00,8.265289474,7/25/2018,06:40:00 pm,0,8.823,8.3003,0.0350105260000006
25,25,2018-07-25 18:50:00,8.265697362,7/25/2018,06:50:00 pm,0,8.822,8.3006,0.0349026380000001
26,26,2018-07-25 19:00:00,8.2656157844,7/25/2018,07:00:00 pm,0,8.822,8.3006,0.0349842155999997
27,27,2018-07-25 19:10:00,8.2663397856,7/25/2018,07:10:00 pm,0,8.821,8.3002,0.0338602144000006
28,28,2018-07-25 19:20:00,8.2663805744,7/25/2018,07:20:00 pm,0,8.82,8.3003,0.0339194256000006
29,29,2018-07-25 19:30:00,8.266849645599999,7/25/2018,07:30:00 pm,0,8.82,8.3002,0.0333503544000013
30,30,2018-07-25 19:40:00,8.2675124636,7/25/2018,07:40:00 pm,0,8.819,8.3006,0.0330875364
31,31,2018-07-25 19:50:00,8.268705535999999,7/25/2018,07:50:00 pm,0,8.818,8.301,0.0322944640000013
32,32,2018-07-25 20:00:00,8.269317368,7/25/2018,08:00:00 pm,0,8.818,8.3016,0.0322826320000011
33,33,2018-07-25 20:10:00,8.2698986084,7/25/2018,08:10:00 pm,0,8.817,8.3022,0.032301391599999
34,34,2018-07-25 20:20:00,8.2707245816,7/25/2018,08:20:00 pm,0,8.817,8.3031,0.0323754184000009
35,35,2018-07-25 20:30:00,8.271326216399999,7/25/2018,08:30:00 pm,0,8.816,8.3035,0.0321737836000011
36,36,2018-07-25 20:40:00,8.272152189599998,7/25/2018,08:40:00 pm,0,8.815,8.3038,0.0316478104000026
37,37,2018-07-25 20:50:00,8.2733146704,7/25/2018,08:50:00 pm,0,8.815,8.3049,0.0315853296000003
38,38,2018-07-25 21:00:00,8.2741406436,7/25/2018,09:00:00 pm,0,8.815,8.306,0.0318593564
39,39,2018-07-25 21:10:00,8.274915630799999,7/25/2018,09:10:00 pm,0,8.814,8.3065,0.0315843692000008
40,40,2018-07-25 21:20:00,8.2754458852,7/25/2018,09:20:00 pm,0,8.814,8.3071,0.0316541148000002
41,41,2018-07-25 21:30:00,8.276404421999999,7/25/2018,09:30:00 pm,0,8.813,8.3078,0.0313955780000014
42,42,2018-07-25 21:40:00,8.276791915599999,7/25/2018,09:40:00 pm,0,8.814,8.308,0.0312080844000011
43,43,2018-07-25 21:50:00,8.2773935504,7/25/2018,09:50:00 pm,0,8.813,8.3083,0.0309064495999997
44,44,2018-07-25 22:00:00,8.2775567056,7/25/2018,10:00:00 pm,0,8.813,8.3088,0.0312432943999994
45,45,2018-07-25 22:10:00,8.277893213199999,7/25/2018,10:10:00 pm,0,8.813,8.3091,0.0312067868000021
46,46,2018-07-25 22:20:00,8.277454733599999,7/25/2018,10:20:00 pm,0,8.813,8.3091,0.0316452664000017
47,47,2018-07-25 22:30:00,8.2773119728,7/25/2018,10:30:00 pm,0,8.812,8.3084,0.0310880272000009
48,48,2018-07-25 22:40:00,8.2772405924,7/25/2018,10:40:00 pm,0,8.812,8.3087,0.0314594075999998
49,49,2018-07-25 22:50:00,8.277128423199999,7/25/2018,10:50:00 pm,0,8.811,8.3087,0.0315715768000011
50,50,2018-07-25 23:00:00,8.2776688748,7/25/2018,11:00:00 pm,0,8.811,8.3088,0.0311311251999999
51,51,2018-07-25 23:10:00,8.277526113999999,7/25/2018,11:10:00 pm,0,8.811,8.3084,0.0308738860000019
52,52,2018-07-25 23:20:00,8.2770264512,7/25/2018,11:20:00 pm,0,8.81,8.3085,0.031473548800001
53,53,2018-07-25 23:30:00,8.277444536399999,7/25/2018,11:30:00 pm,0,8.81,8.3084,0.0309554636000015
54,54,2018-07-25 23:40:00,8.277424142,7/25/2018,11:40:00 pm,0,8.81,8.3084,0.0309758580000014
55,55,2018-07-25 23:50:00,8.27681231,7/25/2018,11:50:00 pm,0,8.809,8.3082,0.0313876899999989
56,56,2018-07-26 00:00:00,8.2765879716,7/26/2018,12:00:00 am,0,8.81,8.3084,0.0318120284000009
57,57,2018-07-26 00:10:00,8.275945548,7/26/2018,12:10:00 am,0,8.81,8.3076,0.0316544520000015
58,58,2018-07-26 00:20:00,8.2757518012,7/26/2018,12:20:00 am,0,8.81,8.3076,0.0318481988000005
59,59,2018-07-26 00:30:00,8.275119574799998,7/26/2018,12:30:00 am,0,8.809,8.3074,0.0322804252000015
60,60,2018-07-26 00:40:00,8.2752215468,7/26/2018,12:40:00 am,0,8.809,8.307,0.0317784532000011
61,61,2018-07-26 00:50:00,8.275354110399999,7/26/2018,12:50:00 am,0,8.809,8.3069,0.031545889600002
62,62,2018-07-26 01:00:00,8.2757212096,7/26/2018,01:00:00 am,0,8.808,8.3075,0.0317787903999988
63,63,2018-07-26 01:10:00,8.275894562,7/26/2018,01:10:00 am,0,8.809,8.3073,0.0314054380000001
64,64,2018-07-26 01:20:00,8.274885039199999,7/26/2018,01:20:00 am,0,8.808,8.3066,0.0317149608000004
65,65,2018-07-26 01:30:00,8.2747524756,7/26/2018,01:30:00 am,0,8.809,8.3069,0.0321475244000009
66,66,2018-07-26 01:40:00,8.2740488688,7/26/2018,01:40:00 am,0,8.808,8.3065,0.0324511312000002
67,67,2018-07-26 01:50:00,8.273508417199999,7/26/2018,01:50:00 am,0,8.808,8.3056,0.0320915828000014
68,68,2018-07-26 02:00:00,8.2726518524,7/26/2018,02:00:00 am,0,8.808,8.3056,0.0329481476000008
69,69,2018-07-26 02:10:00,8.2729577684,7/26/2018,02:10:00 am,0,8.808,8.3054,0.032442231600001
70,70,2018-07-26 02:20:00,8.2717952876,7/26/2018,02:20:00 am,0,8.808,8.3048,0.0330047124000003
71,71,2018-07-26 02:30:00,8.2721317952,7/26/2018,02:30:00 am,0,8.808,8.3046,0.0324682048000006
72,72,2018-07-26 02:40:00,8.2713975968,7/26/2018,02:40:00 am,0,8.808,8.3045,0.0331024032000009
73,73,2018-07-26 02:50:00,8.271305822,7/26/2018,02:50:00 am,0,8.808,8.3042,0.0328941779999993
74,74,2018-07-26 03:00:00,8.270846947999999,7/26/2018,03:00:00 am,0,8.808,8.3038,0.0329530520000016
75,75,2018-07-26 03:10:00,8.270245313199998,7/26/2018,03:10:00 am,0,8.808,8.3037,0.0334546868000007
76,76,2018-07-26 03:20:00,8.2703064964,7/26/2018,03:20:00 am,0,8.808,8.3029,0.0325935035999993
77,77,2018-07-26 03:30:00,8.2695315092,7/26/2018,03:30:00 am,0,8.808,8.3031,0.0335684908000004
78,78,2018-07-26 03:40:00,8.2689910576,7/26/2018,03:40:00 am,0,8.808,8.3024,0.0334089424000012
79,79,2018-07-26 03:50:00,8.2690420436,7/26/2018,03:50:00 am,0,8.808,8.3028,0.0337579563999987
80,80,2018-07-26 04:00:00,8.26916441,7/26/2018,04:00:00 am,0,8.808,8.3027,0.0335355899999996
81,81,2018-07-26 04:10:00,8.26865455,7/26/2018,04:10:00 am,0,8.808,8.3026,0.0339454499999991
82,82,2018-07-26 04:20:00,8.26788976,7/26/2018,04:20:00 am,0,8.809,8.3024,0.0345102400000012
83,83,2018-07-26 04:30:00,8.26712497,7/26/2018,04:30:00 am,0,8.808,8.3012,0.0340750300000003
84,84,2018-07-26 04:40:00,8.2669516176,7/26/2018,04:40:00 am,0,8.808,8.3012,0.0342483823999995
85,85,2018-07-26 04:50:00,8.267359505599998,7/26/2018,04:50:00 am,0,8.808,8.3011,0.0337404944000017
86,86,2018-07-26 05:00:00,8.266768068,7/26/2018,05:00:00 am,0,8.808,8.3009,0.034131932000001
87,87,2018-07-26 05:10:00,8.266513138,7/26/2018,05:10:00 am,0,8.808,8.3006,0.0340868619999987
88,88,2018-07-26 05:20:00,8.2670637868,7/26/2018,05:20:00 am,0,8.809,8.301,0.0339362132000005
89,89,2018-07-26 05:30:00,8.26814469,7/26/2018,05:30:00 am,0,8.809,8.3017,0.0335553100000005
90,90,2018-07-26 05:40:00,8.2688890856,7/26/2018,05:40:00 am,0,8.808,8.3023,0.0334109144000009
91,91,2018-07-26 05:50:00,8.2695926924,7/26/2018,05:50:00 am,0,8.808,8.3031,0.0335073076000007
92,92,2018-07-26 06:00:00,8.269541706399998,7/26/2018,06:00:00 am,0,8.808,8.3033,0.0337582936000018
93,93,2018-07-26 06:10:00,8.2691338184,7/26/2018,06:10:00 am,0,8.808,8.3036,0.0344661815999991
94,94,2018-07-26 06:20:00,8.2692051988,7/26/2018,06:20:00 am,0,8.809,8.3035,0.0342948011999997
95,95,2018-07-26 06:30:00,8.2692357904,7/26/2018,06:30:00 am,0,8.808,8.3041,0.0348642096000002
96,96,2018-07-26 06:40:00,8.2691746072,7/26/2018,06:40:00 am,0,8.808,8.3045,0.0353253928000008
97,97,2018-07-26 06:50:00,8.269725256,7/26/2018,06:50:00 am,0,8.809,8.305,0.0352747440000005
98,98,2018-07-26 07:00:00,8.2702555104,7/26/2018,07:00:00 am,0,8.809,8.3058,0.0355444895999994
99,99,2018-07-26 07:10:00,8.2706532012,7/26/2018,07:10:00 am,0,8.809,8.3066,0.0359467987999995
100,100,2018-07-26 07:20:00,8.270204524399999,7/26/2018,07:20:00 am,0,8.81,8.3063,0.0360954756000015
101,101,2018-07-26 07:30:00,8.269969988799998,7/26/2018,07:30:00 am,0,8.81,8.3063,0.0363300112000022
102,102,2018-07-26 07:40:00,8.2692969736,7/26/2018,07:40:00 am,0,8.81,8.3062,0.0369030264000009
103,103,2018-07-26 07:50:00,8.2690012548,7/26/2018,07:50:00 am,0,8.81,8.306,0.0369987452
104,104,2018-07-26 08:00:00,8.2692459876,7/26/2018,08:00:00 am,0,8.81,8.3061,0.0368540124000009
105,105,2018-07-26 08:10:00,8.2692969736,7/26/2018,08:10:00 am,0,8.811,8.306,0.0367030263999996
106,106,2018-07-26 08:20:00,8.2694805232,7/26/2018,08:20:00 am,0,8.811,8.3066,0.0371194767999991
107,107,2018-07-26 08:30:00,8.2695926924,7/26/2018,08:30:00 am,0,8.811,8.3066,0.0370073075999997
108,108,2018-07-26 08:40:00,8.2697456504,7/26/2018,08:40:00 am,0,8.811,8.3066,0.0368543495999986
109,109,2018-07-26 08:50:00,8.269031846399999,7/26/2018,08:50:00 am,0,8.812,8.3064,0.037368153600001
110,110,2018-07-26 09:00:00,8.2690012548,7/26/2018,09:00:00 am,0,8.812,8.3067,0.0376987452000001
111,111,2018-07-26 09:10:00,8.2682160704,7/26/2018,09:10:00 am,0,8.813,8.3064,0.0381839296000006
112,112,2018-07-26 09:20:00,8.268338436799999,7/26/2018,09:20:00 am,0,8.813,8.3061,0.0377615632000019
113,113,2018-07-26 09:30:00,8.2666966876,7/26/2018,09:30:00 am,0,8.813,8.3059,0.0392033123999997
114,114,2018-07-26 09:40:00,8.266135841599999,7/26/2018,09:40:00 am,0,8.814,8.3055,0.0393641584000015
115,115,2018-07-26 09:50:00,8.2669822092,7/26/2018,09:50:00 am,0,8.814,8.3055,0.0385177908000002
116,116,2018-07-26 10:00:00,8.267308519599998,7/26/2018,10:00:00 am,0,8.814,8.3052,0.0378914804000007
117,117,2018-07-26 10:10:00,8.266574321199998,7/26/2018,10:10:00 am,0,8.815,8.3048,0.0382256788000017
118,118,2018-07-26 10:20:00,8.265789136799999,7/26/2018,10:20:00 am,0,8.816,8.3048,0.0390108632000014
119,119,2018-07-26 10:30:00,8.2638720632,7/26/2018,10:30:00 am,0,8.816,8.3042,0.0403279368000006
120,120,2018-07-26 10:40:00,8.2647490224,7/26/2018,10:40:00 am,0,8.817,8.3044,0.0396509775999991
121,121,2018-07-26 10:50:00,8.2651773048,7/26/2018,10:50:00 am,0,8.818,8.3038,0.0386226952000008
122,122,2018-07-26 11:00:00,8.2651467132,7/26/2018,11:00:00 am,0,8.819,8.3038,0.0386532868000006
123,123,2018-07-26 11:10:00,8.2649733608,7/26/2018,11:10:00 am,0,8.82,8.3029,0.0379266392000001
124,124,2018-07-26 11:20:00,8.26457567,7/26/2018,11:20:00 am,0,8.82,8.3024,0.0378243300000011
125,125,2018-07-26 11:30:00,8.2644940924,7/26/2018,11:30:00 am,0,8.822,8.3022,0.0377059075999994
126,126,2018-07-26 11:40:00,8.2644940924,7/26/2018,11:40:00 am,0,8.823,8.3015,0.0370059076000011
127,127,2018-07-26 11:50:00,8.2640556128,7/26/2018,11:50:00 am,0,8.823,8.3014,0.0373443871999992
128,128,2018-07-26 12:00:00,8.2633214144,7/26/2018,12:00:00 pm,0,8.824,8.3009,0.0375785856000003
129,129,2018-07-26 12:10:00,8.2620365672,7/26/2018,12:10:00 pm,0,8.825,8.3,0.0379634328000015
130,130,2018-07-26 12:20:00,8.262056961599999,7/26/2018,12:20:00 pm,0,8.826,8.2995,0.037443038400001
131,131,2018-07-26 12:30:00,8.2605273816,7/26/2018,12:30:00 pm,0,8.827,8.2984,0.0378726184000015
132,132,2018-07-26 12:40:00,8.2602010712,7/26/2018,12:40:00 pm,0,8.828,8.2976,0.0373989288
133,133,2018-07-26 12:50:00,8.258661294,7/26/2018,12:50:00 pm,0,8.828,8.2965,0.0378387060000005
134,134,2018-07-26 13:00:00,8.258039264799999,7/26/2018,01:00:00 pm,0,8.83,8.2958,0.0377607352000008
135,135,2018-07-26 13:10:00,8.2574682216,7/26/2018,01:10:00 pm,0,8.831,8.2952,0.0377317783999995
136,136,2018-07-26 13:20:00,8.256244557599999,7/26/2018,01:20:00 pm,0,8.831,8.2937,0.0374554424000006
137,137,2018-07-26 13:30:00,8.2548475412,7/26/2018,01:30:00 pm,0,8.832,8.2927,0.0378524587999997
138,138,2018-07-26 13:40:00,8.254521230799998,7/26/2018,01:40:00 pm,0,8.833,8.2918,0.037278769200002
139,139,2018-07-26 13:50:00,8.2533281584,7/26/2018,01:50:00 pm,0,8.833,8.2905,0.0371718415999993
140,140,2018-07-26 14:00:00,8.253338355599999,7/26/2018,02:00:00 pm,0,8.834,8.2895,0.0361616444000016
141,141,2018-07-26 14:10:00,8.2513804932,7/26/2018,02:10:00 pm,0,8.835,8.2883,0.0369195068000003
142,142,2018-07-26 14:20:00,8.250452548,7/26/2018,02:20:00 pm,0,8.835,8.2869,0.0364474519999991
143,143,2018-07-26 14:30:00,8.2502384068,7/26/2018,02:30:00 pm,0,8.836,8.2863,0.0360615932000012
144,144,2018-07-26 14:40:00,8.250544322799998,7/26/2018,02:40:00 pm,0,8.835,8.2856,0.0350556772000025
145,145,2018-07-26 14:50:00,8.2496979552,7/26/2018,02:50:00 pm,0,8.835,8.2847,0.0350020448000005
146,146,2018-07-26 15:00:00,8.248922968,7/26/2018,03:00:00 pm,0,8.834,8.2842,0.0352770319999997
147,147,2018-07-26 15:10:00,8.2476381208,7/26/2018,03:10:00 pm,0,8.834,8.2833,0.0356618792000009
148,148,2018-07-26 15:20:00,8.2465062316,7/26/2018,03:20:00 pm,0,8.834,8.2825,0.0359937684000009
149,149,2018-07-26 15:30:00,8.2449766516,7/26/2018,03:30:00 pm,0,8.834,8.2815,0.0365233483999993
150,150,2018-07-26 15:40:00,8.2454865116,7/26/2018,03:40:00 pm,0,8.834,8.2809,0.0354134884000014
151,151,2018-07-26 15:50:00,8.2443240308,7/26/2018,03:50:00 pm,0,8.834,8.2798,0.0354759692000001
152,152,2018-07-26 16:00:00,8.243518451999998,7/26/2018,04:00:00 pm,0,8.835,8.2788,0.0352815480000021
153,153,2018-07-26 16:10:00,8.243712198799999,7/26/2018,04:10:00 pm,0,8.836,8.2779,0.0341878012000016
154,154,2018-07-26 16:20:00,8.244222058799998,7/26/2018,04:20:00 pm,0,8.837,8.2771,0.0328779412000024
155,155,2018-07-26 16:30:00,8.243518451999998,7/26/2018,04:30:00 pm,0,8.837,8.2767,0.0331815480000017
156,156,2018-07-26 16:40:00,8.243049380799999,7/26/2018,04:40:00 pm,0,8.837,8.276,0.032950619200001
157,157,2018-07-26 16:50:00,8.2432737192,7/26/2018,04:50:00 pm,0,8.838,8.2752,0.0319262808000004
158,158,2018-07-26 17:00:00,8.2424375488,7/26/2018,05:00:00 pm,0,8.839,8.2743,0.0318624512000003
159,159,2018-07-26 17:10:00,8.2427230704,7/26/2018,05:10:00 pm,0,8.839,8.2738,0.0310769295999993
160,160,2018-07-26 17:20:00,8.2432533248,7/26/2018,05:20:00 pm,0,8.839,8.2735,0.0302466752000007
161,161,2018-07-26 17:30:00,8.2432227332,7/26/2018,05:30:00 pm,0,8.839,8.2733,0.0300772668000011
162,162,2018-07-26 17:40:00,8.242947408800001,7/26/2018,05:40:00 pm,0,8.838,8.273,0.0300525911999987
163,163,2018-07-26 17:50:00,8.2432227332,7/26/2018,05:50:00 pm,0,8.838,8.2723,0.0290772667999998
164,164,2018-07-26 18:00:00,8.2432941136,7/26/2018,06:00:00 pm,0,8.838,8.272,0.0287058864000009
165,165,2018-07-26 18:10:00,8.2428454368,7/26/2018,06:10:00 pm,0,8.838,8.2715,0.0286545631999999
166,166,2018-07-26 18:20:00,8.2425599152,7/26/2018,06:20:00 pm,0,8.838,8.2708,0.0282400848000001
167,167,2018-07-26 18:30:00,8.2430697752,7/26/2018,06:30:00 pm,0,8.838,8.2704,0.0273302248
168,168,2018-07-26 18:40:00,8.2435286492,7/26/2018,06:40:00 pm,0,8.838,8.2704,0.0268713508000004
169,169,2018-07-26 18:50:00,8.244456594399999,7/26/2018,06:50:00 pm,0,8.838,8.2704,0.0259434056000014
170,170,2018-07-26 19:00:00,8.245190792799999,7/26/2018,07:00:00 pm,0,8.838,8.2705,0.0253092072000011
171,171,2018-07-26 19:10:00,8.245353947999998,7/26/2018,07:10:00 pm,0,8.838,8.2703,0.0249460520000024
172,172,2018-07-26 19:20:00,8.245302962,7/26/2018,07:20:00 pm,0,8.838,8.27,0.0246970379999993
173,173,2018-07-26 19:30:00,8.2462411044,7/26/2018,07:30:00 pm,0,8.838,8.2698,0.0235588956000007
174,174,2018-07-26 19:40:00,8.2471282608,7/26/2018,07:40:00 pm,0,8.837,8.2703,0.0231717392000003
175,175,2018-07-26 19:50:00,8.2472506272,7/26/2018,07:50:00 pm,0,8.838,8.2708,0.0235493727999998
176,176,2018-07-26 20:00:00,8.247597332,7/26/2018,08:00:00 pm,0,8.838,8.2708,0.0232026679999997
177,177,2018-07-26 20:10:00,8.2478624592,7/26/2018,08:10:00 pm,0,8.838,8.2709,0.0230375407999989
178,178,2018-07-26 20:20:00,8.247740092799999,7/26/2018,08:20:00 pm,0,8.837,8.271,0.0232599072000017
179,179,2018-07-26 20:30:00,8.247576937599998,7/26/2018,08:30:00 pm,0,8.837,8.2714,0.0238230624000017
180,180,2018-07-26 20:40:00,8.2480867976,7/26/2018,08:40:00 pm,0,8.837,8.2721,0.0240132024000008
181,181,2018-07-26 20:50:00,8.249412433599998,7/26/2018,08:50:00 pm,0,8.837,8.2729,0.0234875664000018
182,182,2018-07-26 21:00:00,8.249993673999999,7/26/2018,09:00:00 pm,0,8.837,8.2733,0.0233063260000019
183,183,2018-07-26 21:10:00,8.250962408,7/26/2018,09:10:00 pm,0,8.837,8.2744,0.0234375920000005
184,184,2018-07-26 21:20:00,8.2517068036,7/26/2018,09:20:00 pm,0,8.837,8.2757,0.023993196400001
185,185,2018-07-26 21:30:00,8.2528284956,7/26/2018,09:30:00 pm,0,8.836,8.2766,0.0237715044000008
186,186,2018-07-26 21:40:00,8.253766638,7/26/2018,09:40:00 pm,0,8.836,8.2773,0.0235333620000002
187,187,2018-07-26 21:50:00,8.2544702448,7/26/2018,09:50:00 pm,0,8.837,8.2788,0.0243297552000001
188,188,2018-07-26 22:00:00,8.254531428,7/26/2018,10:00:00 pm,0,8.836,8.2788,0.0242685720000004
189,189,2018-07-26 22:10:00,8.2545518224,7/26/2018,10:10:00 pm,0,8.836,8.2787,0.0241481776000007
190,190,2018-07-26 22:20:00,8.2545518224,7/26/2018,10:20:00 pm,0,8.836,8.2792,0.0246481775999996
191,191,2018-07-26 22:30:00,8.254796555199999,7/26/2018,10:30:00 pm,0,8.836,8.2796,0.0248034448000016
192,192,2018-07-26 22:40:00,8.254531428,7/26/2018,10:40:00 pm,0,8.837,8.2796,0.0250685720000003
193,193,2018-07-26 22:50:00,8.2541031456,7/26/2018,10:50:00 pm,0,8.836,8.279,0.0248968543999996
194,194,2018-07-26 23:00:00,8.2531140172,7/26/2018,11:00:00 pm,0,8.836,8.2784,0.0252859827999998
195,195,2018-07-26 23:10:00,8.252889678799999,7/26/2018,11:10:00 pm,0,8.836,8.2783,0.0254103212000007
196,196,2018-07-26 23:20:00,8.2526245516,7/26/2018,11:20:00 pm,0,8.836,8.2784,0.0257754483999992
197,197,2018-07-26 23:30:00,8.251635423199998,7/26/2018,11:30:00 pm,0,8.836,8.2778,0.0261645768000011
198,198,2018-07-26 23:40:00,8.2508706332,7/26/2018,11:40:00 pm,0,8.837,8.2772,0.0263293668000006
199,199,2018-07-26 23:50:00,8.250697280799999,7/26/2018,11:50:00 pm,0,8.837,8.2769,0.0262027192000005
200,200,2018-07-27 00:00:00,8.2511969436,7/27/2018,12:00:00 am,0,8.837,8.2767,0.0255030563999998
201,201,2018-07-27 00:10:00,8.251370296,7/27/2018,12:10:00 am,0,8.836,8.2769,0.0255297040000002
202,202,2018-07-27 00:20:00,8.250911422,7/27/2018,12:20:00 am,0,8.837,8.2766,0.0256885780000004
203,203,2018-07-27 00:30:00,8.2507482668,7/27/2018,12:30:00 am,0,8.836,8.2763,0.0255517332000003
204,204,2018-07-27 00:40:00,8.2504933368,7/27/2018,12:40:00 am,0,8.837,8.2764,0.0259066632000006
205,205,2018-07-27 00:50:00,8.2501568292,7/27/2018,12:50:00 am,0,8.836,8.2761,0.0259431707999997
206,206,2018-07-27 01:00:00,8.250146632,7/27/2018,01:00:00 am,0,8.837,8.2761,0.0259533679999997
207,207,2018-07-27 01:10:00,8.248464094,7/27/2018,01:10:00 am,0,8.837,8.2754,0.0269359060000002
208,208,2018-07-27 01:20:00,8.247811473199999,7/27/2018,01:20:00 am,0,8.837,8.2747,0.0268885268000005
209,209,2018-07-27 01:30:00,8.247036485999999,7/27/2018,01:30:00 am,0,8.836,8.2743,0.0272635140000012
210,210,2018-07-27 01:40:00,8.2466184008,7/27/2018,01:40:00 am,0,8.836,8.274,0.0273815991999999
211,211,2018-07-27 01:50:00,8.246006568799999,7/27/2018,01:50:00 am,0,8.837,8.2736,0.0275934312000014
212,212,2018-07-27 02:00:00,8.2458026248,7/27/2018,02:00:00 am,0,8.837,8.2732,0.0273973751999996
213,213,2018-07-27 02:10:00,8.246047357599998,7/27/2018,02:10:00 am,0,8.837,8.2733,0.0272526424000023
214,214,2018-07-27 02:20:00,8.2458536108,7/27/2018,02:20:00 am,0,8.837,8.273,0.0271463892000003
215,215,2018-07-27 02:30:00,8.24545592,7/27/2018,02:30:00 am,0,8.837,8.2725,0.0270440800000013
216,216,2018-07-27 02:40:00,8.2442526504,7/27/2018,02:40:00 am,0,8.837,8.2722,0.0279473495999997
217,217,2018-07-27 02:50:00,8.244028312,7/27/2018,02:50:00 am,0,8.837,8.2715,0.0274716880000003
218,218,2018-07-27 03:00:00,8.2432941136,7/27/2018,03:00:00 am,0,8.837,8.2715,0.0282058864000003
219,219,2018-07-27 03:10:00,8.242498732,7/27/2018,03:10:00 am,0,8.837,8.2711,0.0286012680000009
220,220,2018-07-27 03:20:00,8.2428454368,7/27/2018,03:20:00 am,0,8.837,8.2707,0.0278545632
221,221,2018-07-27 03:30:00,8.2422132104,7/27/2018,03:30:00 am,0,8.837,8.2703,0.0280867896000014
222,222,2018-07-27 03:40:00,8.2421316328,7/27/2018,03:40:00 am,0,8.837,8.2705,0.0283683672000005
223,223,2018-07-27 03:50:00,8.242264196399999,7/27/2018,03:50:00 am,0,8.837,8.2699,0.0276358036000008
224,224,2018-07-27 04:00:00,8.2422845908,7/27/2018,04:00:00 am,0,8.837,8.2704,0.0281154091999997
225,225,2018-07-27 04:10:00,8.2425089292,7/27/2018,04:10:00 am,0,8.837,8.2701,0.0275910707999997
226,226,2018-07-27 04:20:00,8.242192816,7/27/2018,04:20:00 am,0,8.837,8.2705,0.0283071840000008
227,227,2018-07-27 04:30:00,8.241937886,7/27/2018,04:30:00 am,0,8.837,8.2705,0.0285621139999996
228,228,2018-07-27 04:40:00,8.2417747308,7/27/2018,04:40:00 am,0,8.837,8.2702,0.0284252692000013
229,229,2018-07-27 04:50:00,8.2412852652,7/27/2018,04:50:00 am,0,8.838,8.2697,0.0284147348000001
230,230,2018-07-27 05:00:00,8.2412648708,7/27/2018,05:00:00 am,0,8.838,8.2701,0.028835129199999
231,231,2018-07-27 05:10:00,8.2411323072,7/27/2018,05:10:00 am,0,8.838,8.2703,0.0291676928000015
232,232,2018-07-27 05:20:00,8.2413668428,7/27/2018,05:20:00 am,0,8.838,8.2701,0.0287331571999995
233,233,2018-07-27 05:30:00,8.2418155196,7/27/2018,05:30:00 am,0,8.838,8.2705,0.0286844804000008
234,234,2018-07-27 05:40:00,8.242386562799998,7/27/2018,05:40:00 am,0,8.838,8.2709,0.0285134372000008
235,235,2018-07-27 05:50:00,8.242080646799998,7/27/2018,05:50:00 am,0,8.838,8.2709,0.0288193532000011
236,236,2018-07-27 06:00:00,8.2421010412,7/27/2018,06:00:00 am,0,8.838,8.2712,0.0290989588000005
237,237,2018-07-27 06:10:00,8.241886899999999,7/27/2018,06:10:00 am,0,8.838,8.271,0.0291131000000017
238,238,2018-07-27 06:20:00,8.2421010412,7/27/2018,06:20:00 am,0,8.838,8.2711,0.0289989588000008
239,239,2018-07-27 06:30:00,8.241958280399999,7/27/2018,06:30:00 am,0,8.839,8.2715,0.0295417196000009
240,240,2018-07-27 06:40:00,8.2425191264,7/27/2018,06:40:00 am,0,8.838,8.2722,0.0296808736000002
241,241,2018-07-27 06:50:00,8.2431207612,7/27/2018,06:50:00 am,0,8.839,8.2724,0.0292792387999991
242,242,2018-07-27 07:00:00,8.243212536,7/27/2018,07:00:00 am,0,8.839,8.2729,0.0296874640000002
243,243,2018-07-27 07:10:00,8.243263522,7/27/2018,07:10:00 am,0,8.839,8.273,0.0297364780000002
244,244,2018-07-27 07:20:00,8.242600704,7/27/2018,07:20:00 am,0,8.839,8.2732,0.0305992960000001
245,245,2018-07-27 07:30:00,8.241917491599999,7/27/2018,07:30:00 am,0,8.839,8.2733,0.0313825084000018
246,246,2018-07-27 07:40:00,8.242600704,7/27/2018,07:40:00 am,0,8.84,8.2735,0.0308992960000011
247,247,2018-07-27 07:50:00,8.241856308400001,7/27/2018,07:50:00 am,0,8.84,8.2737,0.0318436915999988
248,248,2018-07-27 08:00:00,8.241835914,7/27/2018,08:00:00 am,0,8.84,8.2733,0.0314640860000015
249,249,2018-07-27 08:10:00,8.2423253796,7/27/2018,08:10:00 am,0,8.84,8.2733,0.0309746204000003
250,250,2018-07-27 08:20:00,8.241907294399999,7/27/2018,08:20:00 am,0,8.841,8.2734,0.0314927056000016
251,251,2018-07-27 08:30:00,8.241326054,7/27/2018,08:30:00 am,0,8.841,8.2735,0.0321739460000003
252,252,2018-07-27 08:40:00,8.241642167199998,7/27/2018,08:40:00 am,0,8.841,8.2736,0.0319578328000016
253,253,2018-07-27 08:50:00,8.2413566456,7/27/2018,08:50:00 am,0,8.842,8.2734,0.0320433544000007
254,254,2018-07-27 09:00:00,8.241948083199999,7/27/2018,09:00:00 am,0,8.842,8.2751,0.0331519168000014
255,255,2018-07-27 09:10:00,8.241509603599999,7/27/2018,09:10:00 am,0,8.841,8.2751,0.033590396400001
256,256,2018-07-27 09:20:00,8.240969152,7/27/2018,09:20:00 am,0,8.841,8.2756,0.0346308480000008
257,257,2018-07-27 09:30:00,8.2413668428,7/27/2018,09:30:00 am,0,8.84,8.2758,0.0344331572000005
258,258,2018-07-27 09:40:00,8.2409589548,7/27/2018,09:40:00 am,0,8.84,8.2761,0.0351410451999996
259,259,2018-07-27 09:50:00,8.2416931532,7/27/2018,09:50:00 am,0,8.84,8.2759,0.0342068468
260,260,2018-07-27 10:00:00,8.2422336048,7/27/2018,10:00:00 am,0,8.841,8.2766,0.034366395200001
261,261,2018-07-27 10:10:00,8.241162898799999,7/27/2018,10:10:00 am,0,8.841,8.2762,0.0350371012000003
262,262,2018-07-27 10:20:00,8.240795799599999,7/27/2018,10:20:00 am,0,8.841,8.2762,0.0354042004000003
263,263,2018-07-27 10:30:00,8.2389705008,7/27/2018,10:30:00 am,0,8.841,8.2763,0.0373294992000001
264,264,2018-07-27 10:40:00,8.2389705008,7/27/2018,10:40:00 am,0,8.843,8.2755,0.0365294991999984
265,265,2018-07-27 10:50:00,8.2383790632,7/27/2018,10:50:00 am,0,8.843,8.2755,0.0371209367999991
266,266,2018-07-27 11:00:00,8.239021486799999,7/27/2018,11:00:00 am,0,8.845,8.2747,0.0356785132000005
267,267,2018-07-27 11:10:00,8.239235628,7/27/2018,11:10:00 am,0,8.846,8.2744,0.0351643720000005
268,268,2018-07-27 11:20:00,8.238409654799998,7/27/2018,11:20:00 am,0,8.847,8.2741,0.0356903452000025
269,269,2018-07-27 11:30:00,8.238409654799998,7/27/2018,11:30:00 am,0,8.849,8.2731,0.0346903452000013
270,270,2018-07-27 11:40:00,8.2392050364,7/27/2018,11:40:00 am,0,8.85,8.2735,0.0342949636000007
271,271,2018-07-27 11:50:00,8.239235628,7/27/2018,11:50:00 am,0,8.851,8.2732,0.0339643719999998
272,272,2018-07-27 12:00:00,8.2384912324,7/27/2018,12:00:00 pm,0,8.852,8.2724,0.0339087675999998
273,273,2018-07-27 12:10:00,8.2393172056,7/27/2018,12:10:00 pm,0,8.853,8.2724,0.0330827943999985
274,274,2018-07-27 12:20:00,8.2387053736,7/27/2018,12:20:00 pm,0,8.855,8.2719,0.0331946264000002
275,275,2018-07-27 12:30:00,8.2381853164,7/27/2018,12:30:00 pm,0,8.857,8.2709,0.0327146836
0,0,2018-08-25 08:40:00,8.1974475024,8/25/2018,08:40:00 am,0,8.537,8.1826,-0.0148475023999985
1,1,2018-08-25 08:50:00,8.197855390399999,8/25/2018,08:50:00 am,0,8.549,8.1785,-0.0193553903999994
2,2,2018-08-25 09:00:00,8.1989464908,8/25/2018,09:00:00 am,0,8.554,8.1757,-0.0232464907999983
3,3,2018-08-25 09:10:00,8.199701083599999,8/25/2018,09:10:00 am,0,8.556,8.1739,-0.0258010835999993
4,4,2018-08-25 09:20:00,8.199792858399999,8/25/2018,09:20:00 am,0,8.557,8.173,-0.0267928583999985
5,5,2018-08-25 09:30:00,8.2011082972,8/25/2018,09:30:00 am,0,8.557,8.1723,-0.0288082971999994
6,6,2018-08-25 09:40:00,8.2022605808,8/25/2018,09:40:00 am,0,8.557,8.1714,-0.0308605808000006
7,7,2018-08-25 09:50:00,8.203035567999999,8/25/2018,09:50:00 am,0,8.556,8.1711,-0.0319355679999997
8,8,2018-08-25 10:00:00,8.2047792892,8/25/2018,10:00:00 am,0,8.556,8.1707,-0.0340792891999992
9,9,2018-08-25 10:10:00,8.207430561199999,8/25/2018,10:10:00 am,0,8.555,8.1713,-0.0361305611999984
10,10,2018-08-25 10:20:00,8.208613436399999,8/25/2018,10:20:00 am,0,8.555,8.1707,-0.0379134363999984
11,11,2018-08-25 10:30:00,8.2098778892,8/25/2018,10:30:00 am,0,8.554,8.1708,-0.0390778891999996
12,12,2018-08-25 10:40:00,8.210071636,8/25/2018,10:40:00 am,0,8.554,8.1707,-0.0393716360000002
13,13,2018-08-25 10:50:00,8.2112647084,8/25/2018,10:50:00 am,0,8.554,8.1705,-0.0407647083999993
14,14,2018-08-25 11:00:00,8.2113360888,8/25/2018,11:00:00 am,0,8.554,8.1704,-0.0409360887999987
15,15,2018-08-25 11:10:00,8.2119887096,8/25/2018,11:10:00 am,0,8.553,8.1702,-0.0417887096000004
16,16,2018-08-25 11:20:00,8.213436712,8/25/2018,11:20:00 am,0,8.554,8.1732,-0.0402367120000004
17,17,2018-08-25 11:30:00,8.213232768,8/25/2018,11:30:00 am,0,8.553,8.1731,-0.0401327679999994
18,18,2018-08-25 11:40:00,8.2131511904,8/25/2018,11:40:00 am,0,8.553,8.1727,-0.0404511903999988
19,19,2018-08-25 11:50:00,8.213324542799999,8/25/2018,11:50:00 am,0,8.553,8.1729,-0.0404245427999985
20,20,2018-08-25 12:00:00,8.2126821192,8/25/2018,12:00:00 pm,0,8.553,8.1718,-0.0408821192000008
21,21,2018-08-25 12:10:00,8.2127534996,8/25/2018,12:10:00 pm,0,8.553,8.1725,-0.0402534996000003
22,22,2018-08-25 12:20:00,8.212518964000001,8/25/2018,12:20:00 pm,0,8.553,8.1732,-0.0393189640000013
23,23,2018-08-25 12:30:00,8.212671922,8/25/2018,12:30:00 pm,0,8.553,8.1885,-0.0241719220000007
24,24,2018-08-25 12:40:00,8.2120906816,8/25/2018,12:40:00 pm,0,8.553,8.1856,-0.0264906815999985
25,25,2018-08-25 12:50:00,8.2113564832,8/25/2018,12:50:00 pm,0,8.553,8.183,-0.0283564831999996
26,26,2018-08-25 13:00:00,8.2112647084,8/25/2018,01:00:00 pm,0,8.553,8.181,-0.0302647084000007
27,27,2018-08-25 13:10:00,8.2099390724,8/25/2018,01:10:00 pm,0,8.552,8.1796,-0.0303390723999985
28,28,2018-08-25 13:20:00,8.210561101599998,8/25/2018,01:20:00 pm,0,8.552,8.1786,-0.0319611015999985
29,29,2018-08-25 13:30:00,8.211101553199999,8/25/2018,01:30:00 pm,0,8.552,8.1778,-0.0333015531999993
30,30,2018-08-25 13:40:00,8.211111750399999,8/25/2018,01:40:00 pm,0,8.551,8.1773,-0.0338117503999981
31,31,2018-08-25 13:50:00,8.2109587924,8/25/2018,01:50:00 pm,0,8.551,8.1765,-0.0344587923999988
32,32,2018-08-25 14:00:00,8.209979861199999,8/25/2018,02:00:00 pm,0,8.551,8.1761,-0.033879861199999
33,33,2018-08-25 14:10:00,8.2096841424,8/25/2018,02:10:00 pm,0,8.551,8.1758,-0.0338841423999998
34,34,2018-08-25 14:20:00,8.2091742824,8/25/2018,02:20:00 pm,0,8.55,8.175,-0.0341742823999986
35,35,2018-08-25 14:30:00,8.2087561972,8/25/2018,02:30:00 pm,0,8.549,8.1745,-0.0342561971999995
36,36,2018-08-25 14:40:00,8.2069207012,8/25/2018,02:40:00 pm,0,8.548,8.174,-0.0329207012000001
37,37,2018-08-25 14:50:00,8.2054930932,8/25/2018,02:50:00 pm,0,8.548,8.1735,-0.0319930931999987
38,38,2018-08-25 15:00:00,8.2047486976,8/25/2018,03:00:00 pm,0,8.547,8.173,-0.0317486975999994
39,39,2018-08-25 15:10:00,8.2038717384,8/25/2018,03:10:00 pm,0,8.546,8.1726,-0.0312717384000009
40,40,2018-08-25 15:20:00,8.204198048799999,8/25/2018,03:20:00 pm,0,8.546,8.1725,-0.0316980487999991
41,41,2018-08-25 15:30:00,8.2028418212,8/25/2018,03:30:00 pm,0,8.545,8.1722,-0.0306418211999996
42,42,2018-08-25 15:40:00,8.2030763568,8/25/2018,03:40:00 pm,0,8.545,8.1718,-0.0312763568000011
43,43,2018-08-25 15:50:00,8.2029641876,8/25/2018,03:50:00 pm,0,8.544,8.1712,-0.0317641875999985
44,44,2018-08-25 16:00:00,8.2020974256,8/25/2018,04:00:00 pm,0,8.543,8.1711,-0.0309974256000007
45,45,2018-08-25 16:10:00,8.201699734799998,8/25/2018,04:10:00 pm,0,8.543,8.1706,-0.0310997347999979
46,46,2018-08-25 16:20:00,8.2011388888,8/25/2018,04:20:00 pm,0,8.543,8.1703,-0.0308388887999999
47,47,2018-08-25 16:30:00,8.202168806,8/25/2018,04:30:00 pm,0,8.542,8.1698,-0.0323688059999991
48,48,2018-08-25 16:40:00,8.2013836216,8/25/2018,04:40:00 pm,0,8.542,8.17,-0.0313836215999998
49,49,2018-08-25 16:50:00,8.2017303264,8/25/2018,04:50:00 pm,0,8.541,8.1702,-0.0315303264000004
50,50,2018-08-25 17:00:00,8.2024951164,8/25/2018,05:00:00 pm,0,8.54,8.1699,-0.0325951163999995
51,51,2018-08-25 17:10:00,8.2020770312,8/25/2018,05:10:00 pm,0,8.54,8.1696,-0.0324770311999991
52,52,2018-08-25 17:20:00,8.201240860799999,8/25/2018,05:20:00 pm,0,8.539,8.1693,-0.0319408607999989
53,53,2018-08-25 17:30:00,8.2017915096,8/25/2018,05:30:00 pm,0,8.539,8.1692,-0.0325915095999995
54,54,2018-08-25 17:40:00,8.2017711152,8/25/2018,05:40:00 pm,0,8.538,8.1684,-0.0333711151999995
55,55,2018-08-25 17:50:00,8.2022299892,8/25/2018,05:50:00 pm,0,8.537,8.1688,-0.0334299892
56,56,2018-08-25 18:00:00,8.2020872284,8/25/2018,06:00:00 pm,0,8.537,8.1687,-0.0333872284000005
57,57,2018-08-25 18:10:00,8.202066834,8/25/2018,06:10:00 pm,0,8.537,8.1687,-0.0333668340000006
58,58,2018-08-25 18:20:00,8.2022299892,8/25/2018,06:20:00 pm,0,8.535,8.1684,-0.0338299891999991
59,59,2018-08-25 18:30:00,8.201658945999998,8/25/2018,06:30:00 pm,0,8.535,8.1682,-0.0334589459999978
60,60,2018-08-25 18:40:00,8.201159283199999,8/25/2018,06:40:00 pm,0,8.535,8.1681,-0.0330592831999982
61,61,2018-08-25 18:50:00,8.2014855936,8/25/2018,06:50:00 pm,0,8.534,8.1677,-0.0337855935999993
62,62,2018-08-25 19:00:00,8.2023829472,8/25/2018,07:00:00 pm,0,8.533,8.1681,-0.0342829471999994
63,63,2018-08-25 19:10:00,8.203341484,8/25/2018,07:10:00 pm,0,8.533,8.171,-0.0323414839999998
64,64,2018-08-25 19:20:00,8.2039737104,8/25/2018,07:20:00 pm,0,8.532,8.1725,-0.0314737104000002
65,65,2018-08-25 19:30:00,8.2046467256,8/25/2018,07:30:00 pm,0,8.531,8.1746,-0.0300467256000001
66,66,2018-08-25 19:40:00,8.2046059368,8/25/2018,07:40:00 pm,0,8.531,8.1908,-0.0138059368000007
67,67,2018-08-25 19:50:00,8.2047996836,8/25/2018,07:50:00 pm,0,8.53,8.189,-0.0157996835999991
68,68,2018-08-25 20:00:00,8.204463175999999,8/25/2018,08:00:00 pm,0,8.53,8.1875,-0.016963175999999
69,69,2018-08-25 20:10:00,8.204534556399999,8/25/2018,08:10:00 pm,0,8.528,8.1864,-0.0181345563999979
70,70,2018-08-25 20:20:00,8.2047079088,8/25/2018,08:20:00 pm,0,8.528,8.185,-0.0197079087999991
71,71,2018-08-25 20:30:00,8.205125994,8/25/2018,08:30:00 pm,0,8.527,8.1845,-0.0206259939999995
72,72,2018-08-25 20:40:00,8.2058194036,8/25/2018,08:40:00 pm,0,8.527,8.184,-0.0218194036000003
73,73,2018-08-25 20:50:00,8.207501941599999,8/25/2018,08:50:00 pm,0,8.526,8.1837,-0.0238019415999986
74,74,2018-08-25 21:00:00,8.208990732799998,8/25/2018,09:00:00 pm,0,8.526,8.1838,-0.0251907327999987
75,75,2018-08-25 21:10:00,8.2090621132,8/25/2018,09:10:00 pm,0,8.525,8.1835,-0.0255621131999994
76,76,2018-08-25 21:20:00,8.208878563599999,8/25/2018,09:20:00 pm,0,8.524,8.1831,-0.0257785635999994
77,77,2018-08-25 21:30:00,8.2098269032,8/25/2018,09:30:00 pm,0,8.523,8.1827,-0.0271269031999992
78,78,2018-08-25 21:40:00,8.2098371004,8/25/2018,09:40:00 pm,0,8.523,8.1827,-0.0271371003999991
79,79,2018-08-25 21:50:00,8.2098269032,8/25/2018,09:50:00 pm,0,8.522,8.1824,-0.0274269032000002
80,80,2018-08-25 22:00:00,8.2098880864,8/25/2018,10:00:00 pm,0,8.522,8.1822,-0.0276880863999995
81,81,2018-08-25 22:10:00,8.2104489324,8/25/2018,10:10:00 pm,0,8.521,8.182,-0.0284489323999999
82,82,2018-08-25 22:20:00,8.2098472976,8/25/2018,10:20:00 pm,0,8.521,8.1817,-0.0281472976000003
83,83,2018-08-25 22:30:00,8.2105509044,8/25/2018,10:30:00 pm,0,8.52,8.1816,-0.0289509044000002
84,84,2018-08-25 22:40:00,8.211244314,8/25/2018,10:40:00 pm,0,8.519,8.1816,-0.0296443140000004
85,85,2018-08-25 22:50:00,8.2121008788,8/25/2018,10:50:00 pm,0,8.518,8.1819,-0.0302008787999987
86,86,2018-08-25 23:00:00,8.212202850799999,8/25/2018,11:00:00 pm,0,8.518,8.1815,-0.0307028507999991
87,87,2018-08-25 23:10:00,8.2117745684,8/25/2018,11:10:00 pm,0,8.517,8.1809,-0.0308745683999998
88,88,2018-08-25 23:20:00,8.2118663432,8/25/2018,11:20:00 pm,0,8.517,8.1811,-0.0307663431999998
89,89,2018-08-25 23:30:00,8.2110301728,8/25/2018,11:30:00 pm,0,8.516,8.1809,-0.0301301727999998
90,90,2018-08-25 23:40:00,8.2110301728,8/25/2018,11:40:00 pm,0,8.516,8.1806,-0.0304301727999991
91,91,2018-08-25 23:50:00,8.2116623992,8/25/2018,11:50:00 pm,0,8.515,8.1809,-0.0307623992000003
92,92,2018-08-26 00:00:00,8.2110505672,8/26/2018,12:00:00 am,0,8.514,8.1803,-0.0307505671999983
93,93,2018-08-26 00:10:00,8.2110505672,8/26/2018,12:10:00 am,0,8.514,8.1802,-0.0308505671999999
94,94,2018-08-26 00:20:00,8.2112851028,8/26/2018,12:20:00 am,0,8.513,8.1801,-0.0311851028000003
95,95,2018-08-26 00:30:00,8.211845948799999,8/26/2018,12:30:00 am,0,8.512,8.1816,-0.0302459487999993
96,96,2018-08-26 00:40:00,8.2128860632,8/26/2018,12:40:00 am,0,8.512,8.1835,-0.0293860631999987
97,97,2018-08-26 00:50:00,8.2124271892,8/26/2018,12:50:00 am,0,8.511,8.183,-0.0294271891999997
98,98,2018-08-26 01:00:00,8.2115400328,8/26/2018,01:00:00 am,0,8.511,8.1823,-0.0292400328000006
99,99,2018-08-26 01:10:00,8.211458455199999,8/26/2018,01:10:00 am,0,8.51,8.1821,-0.0293584551999988
100,100,2018-08-26 01:20:00,8.2116725964,8/26/2018,01:20:00 am,0,8.51,8.1829,-0.0287725963999996
101,101,2018-08-26 01:30:00,8.2116318076,8/26/2018,01:30:00 am,0,8.508,8.1828,-0.0288318075999995
102,102,2018-08-26 01:40:00,8.211142341999999,8/26/2018,01:40:00 am,0,8.508,8.1824,-0.0287423419999992
103,103,2018-08-26 01:50:00,8.2103163688,8/26/2018,01:50:00 am,0,8.507,8.1818,-0.0285163687999983
104,104,2018-08-26 02:00:00,8.209622959199999,8/26/2018,02:00:00 am,0,8.507,8.1817,-0.0279229591999996
105,105,2018-08-26 02:10:00,8.208684816799998,8/26/2018,02:10:00 am,0,8.506,8.1803,-0.0283848167999973
106,106,2018-08-26 02:20:00,8.2090825076,8/26/2018,02:20:00 am,0,8.506,8.1805,-0.0285825075999994
107,107,2018-08-26 02:30:00,8.2094394096,8/26/2018,02:30:00 am,0,8.505,8.1812,-0.0282394095999993
108,108,2018-08-26 02:40:00,8.2092864516,8/26/2018,02:40:00 am,0,8.505,8.1814,-0.0278864516000005
109,109,2018-08-26 02:50:00,8.209735128399998,8/26/2018,02:50:00 am,0,8.504,8.1994,-0.0103351283999977
110,110,2018-08-26 03:00:00,8.2095719732,8/26/2018,03:00:00 am,0,8.503,8.1972,-0.0123719731999987
111,111,2018-08-26 03:10:00,8.2095515788,8/26/2018,03:10:00 am,0,8.503,8.1961,-0.0134515787999998
112,112,2018-08-26 03:20:00,8.20951079,8/26/2018,03:20:00 am,0,8.502,8.195,-0.0145107899999992
113,113,2018-08-26 03:30:00,8.208847972,8/26/2018,03:30:00 am,0,8.502,8.1939,-0.0149479719999998
114,114,2018-08-26 03:40:00,8.2083075204,8/26/2018,03:40:00 am,0,8.501,8.1926,-0.0157075203999994
115,115,2018-08-26 03:50:00,8.2087765916,8/26/2018,03:50:00 am,0,8.5,8.1918,-0.0169765915999988
116,116,2018-08-26 04:00:00,8.20696149,8/26/2018,04:00:00 am,0,8.5,8.1908,-0.01616149
117,117,2018-08-26 04:10:00,8.2073591808,8/26/2018,04:10:00 am,0,8.499,8.1904,-0.0169591807999989
118,118,2018-08-26 04:20:00,8.2070022788,8/26/2018,04:20:00 am,0,8.499,8.1894,-0.0176022788
119,119,2018-08-26 04:30:00,8.2061967,8/26/2018,04:30:00 am,0,8.498,8.1886,-0.0175967000000003
120,120,2018-08-26 04:40:00,8.205217768799999,8/26/2018,04:40:00 am,0,8.497,8.188,-0.0172177687999983
121,121,2018-08-26 04:50:00,8.204473373199999,8/26/2018,04:50:00 am,0,8.497,8.187,-0.0174733731999996
122,122,2018-08-26 05:00:00,8.2043917956,8/26/2018,05:00:00 am,0,8.496,8.1861,-0.0182917955999997
123,123,2018-08-26 05:10:00,8.2036270056,8/26/2018,05:10:00 am,0,8.495,8.1855,-0.0181270056000002
124,124,2018-08-26 05:20:00,8.2027398492,8/26/2018,05:20:00 am,0,8.495,8.1848,-0.0179398492000011
125,125,2018-08-26 05:30:00,8.202484919199998,8/26/2018,05:30:00 am,0,8.494,8.184,-0.0184849191999987
126,126,2018-08-26 05:40:00,8.2033006952,8/26/2018,05:40:00 am,0,8.494,8.1833,-0.0200006952000002
127,127,2018-08-26 05:50:00,8.203106948399999,8/26/2018,05:50:00 am,0,8.493,8.183,-0.0201069483999987
128,128,2018-08-26 06:00:00,8.2026174828,8/26/2018,06:00:00 am,0,8.492,8.1824,-0.0202174827999996
129,129,2018-08-26 06:10:00,8.2023931444,8/26/2018,06:10:00 am,0,8.492,8.1816,-0.0207931444000006
130,130,2018-08-26 06:20:00,8.2032293148,8/26/2018,06:20:00 am,0,8.491,8.1812,-0.0220293147999992
131,131,2018-08-26 06:30:00,8.2037799636,8/26/2018,06:30:00 am,0,8.491,8.1811,-0.0226799635999999
132,132,2018-08-26 06:40:00,8.203361878399999,8/26/2018,06:40:00 am,0,8.49,8.1809,-0.0224618783999996
133,133,2018-08-26 06:50:00,8.2044835704,8/26/2018,06:50:00 am,0,8.489,8.1803,-0.0241835703999999
134,134,2018-08-26 07:00:00,8.2044427816,8/26/2018,07:00:00 am,0,8.488,8.1797,-0.0247427815999987
135,135,2018-08-26 07:10:00,8.2046467256,8/26/2018,07:10:00 am,0,8.489,8.1795,-0.025146725599999
136,136,2018-08-26 07:20:00,8.205024022,8/26/2018,07:20:00 am,0,8.487,8.1793,-0.0257240220000003
137,137,2018-08-26 07:30:00,8.206665771199999,8/26/2018,07:30:00 am,0,8.487,8.1792,-0.0274657711999992
138,138,2018-08-26 07:40:00,8.2057276288,8/26/2018,07:40:00 am,0,8.487,8.179,-0.0267276287999997
139,139,2018-08-26 07:50:00,8.206278277600001,8/26/2018,07:50:00 am,0,8.486,8.1788,-0.0274782776000002
140,140,2018-08-26 08:00:00,8.206023347599999,8/26/2018,08:00:00 am,0,8.486,8.1786,-0.0274233475999992
141,141,2018-08-26 08:10:00,8.2060845308,8/26/2018,08:10:00 am,0,8.485,8.1783,-0.0277845307999999
142,142,2018-08-26 08:20:00,8.2060539392,8/26/2018,08:20:00 am,0,8.484,8.1777,-0.0283539392000005
143,143,2018-08-26 08:30:00,8.2060539392,8/26/2018,08:30:00 am,0,8.484,8.1777,-0.0283539392000005
144,144,2018-08-26 08:40:00,8.2058805868,8/26/2018,08:40:00 am,0,8.483,8.1773,-0.0285805867999986
145,145,2018-08-26 08:50:00,8.2050036276,8/26/2018,08:50:00 am,0,8.483,8.177,-0.0280036276000004
146,146,2018-08-26 09:00:00,8.2057786148,8/26/2018,09:00:00 am,0,8.483,8.1767,-0.0290786147999995
147,147,2018-08-26 09:10:00,8.207828251999999,8/26/2018,09:10:00 am,0,8.482,8.1763,-0.0315282519999993
148,148,2018-08-26 09:20:00,8.2080118016,8/26/2018,09:20:00 am,0,8.482,8.1763,-0.0317118016000002
149,149,2018-08-26 09:30:00,8.2090723104,8/26/2018,09:30:00 am,0,8.481,8.1768,-0.0322723103999997
150,150,2018-08-26 09:40:00,8.209000929999998,8/26/2018,09:40:00 am,0,8.48,8.1759,-0.033100929999998
151,151,2018-08-26 09:50:00,8.2104591296,8/26/2018,09:50:00 am,0,8.48,8.1759,-0.0345591295999998
152,152,2018-08-26 10:00:00,8.2123762032,8/26/2018,10:00:00 am,0,8.479,8.1759,-0.0364762031999994
153,153,2018-08-26 10:10:00,8.2132225708,8/26/2018,10:10:00 am,0,8.478,8.1755,-0.0377225707999997
154,154,2018-08-26 10:20:00,8.2138547972,8/26/2018,10:20:00 am,0,8.478,8.1751,-0.0387547971999993
155,155,2018-08-26 10:30:00,8.2139261776,8/26/2018,10:30:00 am,0,8.478,8.1756,-0.0383261776000001
156,156,2018-08-26 10:40:00,8.214731756399999,8/26/2018,10:40:00 am,0,8.478,8.1755,-0.0392317563999995
157,157,2018-08-26 10:50:00,8.215241616399998,8/26/2018,10:50:00 am,0,8.478,8.1754,-0.0398416163999986
158,158,2018-08-26 11:00:00,8.214711362,8/26/2018,11:00:00 am,0,8.477,8.1749,-0.039811362
159,159,2018-08-26 11:10:00,8.215782068,8/26/2018,11:10:00 am,0,8.477,8.1749,-0.0408820680000001
160,160,2018-08-26 11:20:00,8.2160268008,8/26/2018,11:20:00 am,0,8.477,8.1748,-0.0412268008000005
161,161,2018-08-26 11:30:00,8.2153027996,8/26/2018,11:30:00 am,0,8.477,8.1743,-0.0410027995999993
162,162,2018-08-26 11:40:00,8.2164244916,8/26/2018,11:40:00 am,0,8.476,8.1746,-0.0418244915999999
163,163,2018-08-26 11:50:00,8.2172912536,8/26/2018,11:50:00 am,0,8.477,8.1757,-0.0415912535999982
164,164,2018-08-26 12:00:00,8.216628435599999,8/26/2018,12:00:00 pm,0,8.476,8.1742,-0.0424284355999979
165,165,2018-08-26 12:10:00,8.2167813936,8/26/2018,12:10:00 pm,0,8.476,8.1762,-0.0405813936000001
166,166,2018-08-26 12:20:00,8.216322519599998,8/26/2018,12:20:00 pm,0,8.477,8.1745,-0.0418225195999983
167,167,2018-08-26 12:30:00,8.2139159804,8/26/2018,12:30:00 pm,0,8.476,8.1727,-0.0412159803999987
168,168,2018-08-26 12:40:00,8.213355134399999,8/26/2018,12:40:00 pm,0,8.476,8.1719,-0.0414551343999978
169,169,2018-08-26 12:50:00,8.2135692756,8/26/2018,12:50:00 pm,0,8.476,8.172,-0.0415692755999987
170,170,2018-08-26 13:00:00,8.211101553199999,8/26/2018,01:00:00 pm,0,8.476,8.1712,-0.0399015531999982
171,171,2018-08-26 13:10:00,8.2116725964,8/26/2018,01:10:00 pm,0,8.476,8.1711,-0.0405725964000005
172,172,2018-08-26 13:20:00,8.212590344399999,8/26/2018,01:20:00 pm,0,8.475,8.1729,-0.0396903443999985
173,173,2018-08-26 13:30:00,8.2123864004,8/26/2018,01:30:00 pm,0,8.475,8.1737,-0.0386864003999996
174,174,2018-08-26 13:40:00,8.2109689896,8/26/2018,01:40:00 pm,0,8.475,8.1726,-0.0383689896000003
175,175,2018-08-26 13:50:00,8.2106018904,8/26/2018,01:50:00 pm,0,8.474,8.1725,-0.0381018904000001
176,176,2018-08-26 14:00:00,8.2105101156,8/26/2018,02:00:00 pm,0,8.474,8.1728,-0.0377101155999994
177,177,2018-08-26 14:10:00,8.2102041996,8/26/2018,02:10:00 pm,0,8.473,8.172,-0.0382041995999991
178,178,2018-08-26 14:20:00,8.2087358028,8/26/2018,02:20:00 pm,0,8.473,8.1712,-0.037535802799999
179,179,2018-08-26 14:30:00,8.207573322,8/26/2018,02:30:00 pm,0,8.472,8.1706,-0.0369733219999997
0,0,2018-09-29 15:10:00,8.1273315552,9/29/2018,03:10:00 pm,0,6.97,8.3196,0.1922684447999998
1,1,2018-09-29 15:20:00,8.1262812436,9/29/2018,03:20:00 pm,0,6.957,8.3203,0.1940187564000002
2,2,2018-09-29 15:30:00,8.124466142,9/29/2018,03:30:00 pm,0,6.948,8.3184,0.1939338580000011
3,3,2018-09-29 15:40:00,8.124170423199999,9/29/2018,03:40:00 pm,0,6.941,8.3153,0.1911295768000016
4,4,2018-09-29 15:50:00,8.123568788399998,9/29/2018,03:50:00 pm,0,6.935,8.3135,0.1899312116000011
5,5,2018-09-29 16:00:00,8.1228141956,9/29/2018,04:00:00 pm,0,6.93,8.3122,0.1893858044000005
6,6,2018-09-29 16:10:00,8.12181487,9/29/2018,04:10:00 pm,0,6.927,8.3104,0.1885851299999998
7,7,2018-09-29 16:20:00,8.1199997684,9/29/2018,04:20:00 pm,0,6.923,8.31,0.1900002316000009
8,8,2018-09-29 16:30:00,8.1207747556,9/29/2018,04:30:00 pm,0,6.92,8.308,0.1872252444000004
9,9,2018-09-29 16:40:00,8.120122134799999,9/29/2018,04:40:00 pm,0,6.918,8.3085,0.1883778652000014
10,10,2018-09-29 16:50:00,8.1189494568,9/29/2018,04:50:00 pm,0,6.916,8.306,0.1870505431999998
11,11,2018-09-29 17:00:00,8.117552440399999,9/29/2018,05:00:00 pm,0,6.914,8.3027,0.1851475596000007
12,12,2018-09-29 17:10:00,8.118327427599999,9/29/2018,05:10:00 pm,0,6.913,8.3023,0.1839725724000018
13,13,2018-09-29 17:20:00,8.118551766,9/29/2018,05:20:00 pm,0,6.911,8.3026,0.1840482340000004
14,14,2018-09-29 17:30:00,8.121152052,9/29/2018,05:30:00 pm,0,6.91,8.3006,0.1794479479999999
15,15,2018-09-29 17:40:00,8.1195612888,9/29/2018,05:40:00 pm,0,6.908,8.3025,0.1829387112000002
16,16,2018-09-29 17:50:00,8.1201527264,9/29/2018,05:50:00 pm,0,6.907,8.3011,0.1809472735999993
17,17,2018-09-29 18:00:00,8.1192247812,9/29/2018,06:00:00 pm,0,6.906,8.2996,0.1803752188
18,18,2018-09-29 18:10:00,8.120479036799999,9/29/2018,06:10:00 pm,0,6.905,8.3002,0.1797209632000012
19,19,2018-09-29 18:20:00,8.121029685599998,9/29/2018,06:20:00 pm,0,6.904,8.3008,0.1797703144000024
20,20,2018-09-29 18:30:00,8.121406982,9/29/2018,06:30:00 pm,0,6.903,8.3,0.1785930180000008
21,21,2018-09-29 18:40:00,8.122671434799999,9/29/2018,06:40:00 pm,0,6.903,8.3005,0.1778285652000004
22,22,2018-09-29 18:50:00,8.1218862504,9/29/2018,06:50:00 pm,0,6.901,8.3,0.1781137496000013
23,23,2018-09-29 19:00:00,8.121355996,9/29/2018,07:00:00 pm,0,6.9,8.2995,0.1781440039999999
24,24,2018-09-29 19:10:00,8.121774081199998,9/29/2018,07:10:00 pm,0,6.9,8.2988,0.1770259188000018
25,25,2018-09-29 19:20:00,8.122885576,9/29/2018,07:20:00 pm,0,6.899,8.3003,0.1774144240000001
26,26,2018-09-29 19:30:00,8.123915493199998,9/29/2018,07:30:00 pm,0,6.899,8.2998,0.175884506800001
27,27,2018-09-29 19:40:00,8.123477013599999,9/29/2018,07:40:00 pm,0,6.898,8.3,0.1765229864000019
28,28,2018-09-29 19:50:00,8.123956281999998,9/29/2018,07:50:00 pm,0,6.898,8.2989,0.1749437180000015
29,29,2018-09-29 20:00:00,8.1236299716,9/29/2018,08:00:00 pm,0,6.897,8.2987,0.1750700284000004
30,30,2018-09-29 20:10:00,8.123609577199998,9/29/2018,08:10:00 pm,0,6.897,8.2986,0.1749904228000023
31,31,2018-09-29 20:20:00,8.124313184,9/29/2018,08:20:00 pm,0,6.896,8.2991,0.1747868159999992
32,32,2018-09-29 20:30:00,8.124262197999998,9/29/2018,08:30:00 pm,0,6.896,8.2985,0.1742378020000021
33,33,2018-09-29 20:40:00,8.124313184,9/29/2018,08:40:00 pm,0,6.895,8.2999,0.1755868159999991
34,34,2018-09-29 20:50:00,8.1240684512,9/29/2018,08:50:00 pm,0,6.895,8.2982,0.1741315488000001
35,35,2018-09-29 21:00:00,8.1248434384,9/29/2018,09:00:00 pm,0,6.894,8.2979,0.173056561600001
36,36,2018-09-29 21:10:00,8.123527999599998,9/29/2018,09:10:00 pm,0,6.894,8.2973,0.1737720004000014
37,37,2018-09-29 21:20:00,8.1243845644,9/29/2018,09:20:00 pm,0,6.893,8.2968,0.1724154355999996
38,38,2018-09-29 21:30:00,8.124058254,9/29/2018,09:30:00 pm,0,6.893,8.2969,0.1728417460000013
39,39,2018-09-29 21:40:00,8.122436899199998,9/29/2018,09:40:00 pm,0,6.893,8.2954,0.1729631008000023
40,40,2018-09-29 21:50:00,8.1235789856,9/29/2018,09:50:00 pm,0,6.892,8.2951,0.1715210143999996
41,41,2018-09-29 22:00:00,8.1237319436,9/29/2018,10:00:00 pm,0,6.892,8.2957,0.1719680564000008
42,42,2018-09-29 22:10:00,8.1232016892,9/29/2018,10:10:00 pm,0,6.892,8.2957,0.1724983108
43,43,2018-09-29 22:20:00,8.1236707604,9/29/2018,10:20:00 pm,0,6.891,8.2956,0.1719292396000007
44,44,2018-09-29 22:30:00,8.124578311199999,9/29/2018,10:30:00 pm,0,6.891,8.2961,0.1715216888000004
45,45,2018-09-29 22:40:00,8.1244049588,9/29/2018,10:40:00 pm,0,6.891,8.2956,0.1711950412000007
46,46,2018-09-29 22:50:00,8.1244457476,9/29/2018,10:50:00 pm,0,6.89,8.2954,0.1709542524000014
47,47,2018-09-29 23:00:00,8.1251187628,9/29/2018,11:00:00 pm,0,6.89,8.2957,0.1705812372000004
48,48,2018-09-29 23:10:00,8.1258733556,9/29/2018,11:10:00 pm,0,6.89,8.2953,0.1694266443999996
49,49,2018-09-29 23:20:00,8.1257305948,9/29/2018,11:20:00 pm,0,6.89,8.2958,0.1700694051999995
50,50,2018-09-29 23:30:00,8.126138482799998,9/29/2018,11:30:00 pm,0,6.889,8.2958,0.1696615172000015
51,51,2018-09-29 23:40:00,8.1245579168,9/29/2018,11:40:00 pm,0,6.889,8.2952,0.1706420831999988
52,52,2018-09-29 23:50:00,8.123874704399999,9/29/2018,11:50:00 pm,0,6.888,8.2952,0.1713252956000008
53,53,2018-09-30 00:00:00,8.1243845644,9/30/2018,12:00:00 am,0,6.889,8.2961,0.1717154355999994
54,54,2018-09-30 00:10:00,8.1254960592,9/30/2018,12:10:00 am,0,6.888,8.2964,0.1709039408000006
55,55,2018-09-30 00:20:00,8.127586485199998,9/30/2018,12:20:00 am,0,6.887,8.2974,0.1698135148000013
56,56,2018-09-30 00:30:00,8.1283512752,9/30/2018,12:30:00 am,0,6.887,8.2982,0.1698487247999995
57,57,2018-09-30 00:40:00,8.129513756,9/30/2018,12:40:00 am,0,6.887,8.2993,0.1697862440000008
58,58,2018-09-30 00:50:00,8.130176574,9/30/2018,12:50:00 am,0,6.887,8.3006,0.1704234259999992
59,59,2018-09-30 01:00:00,8.1313798436,9/30/2018,01:00:00 am,0,6.887,8.3017,0.1703201564000007
60,60,2018-09-30 01:10:00,8.132205816799999,9/30/2018,01:10:00 am,0,6.886,8.3016,0.1693941832000014
61,61,2018-09-30 01:20:00,8.132256802799999,9/30/2018,01:20:00 am,0,6.886,8.302,0.1697431972000007
62,62,2018-09-30 01:30:00,8.1334600724,9/30/2018,01:30:00 am,0,6.886,8.303,0.1695399276000007
63,63,2018-09-30 01:40:00,8.133317311599999,9/30/2018,01:40:00 am,0,6.886,8.3028,0.1694826884000004
64,64,2018-09-30 01:50:00,8.132419957999998,9/30/2018,01:50:00 am,0,6.886,8.3036,0.1711800420000013
65,65,2018-09-30 02:00:00,8.134122890399999,9/30/2018,02:00:00 am,0,6.885,8.3038,0.169677109600002
66,66,2018-09-30 02:10:00,8.1332051424,9/30/2018,02:10:00 am,0,6.885,8.3046,0.171394857600001
67,67,2018-09-30 02:20:00,8.1347755112,9/30/2018,02:20:00 am,0,6.885,8.3045,0.1697244888
68,68,2018-09-30 02:30:00,8.1334498752,9/30/2018,02:30:00 am,0,6.884,8.3043,0.1708501247999994
69,69,2018-09-30 02:40:00,8.133307114399999,9/30/2018,02:40:00 am,0,6.885,8.3044,0.1710928856000002
70,70,2018-09-30 02:50:00,8.1343166372,9/30/2018,02:50:00 am,0,6.884,8.3042,0.1698833628000002
71,71,2018-09-30 03:00:00,8.1342962428,9/30/2018,03:00:00 am,0,6.884,8.304,0.1697037572000006
72,72,2018-09-30 03:10:00,8.134357426,9/30/2018,03:10:00 am,0,6.884,8.3045,0.1701425740000015
73,73,2018-09-30 03:20:00,8.133388691999999,9/30/2018,03:20:00 am,0,6.883,8.3043,0.1709113080000008
74,74,2018-09-30 03:30:00,8.132827846,9/30/2018,03:30:00 am,0,6.884,8.3035,0.170672154
75,75,2018-09-30 03:40:00,8.1332051424,9/30/2018,03:40:00 am,0,6.883,8.3033,0.1700948576000005
76,76,2018-09-30 03:50:00,8.1327462684,9/30/2018,03:50:00 am,0,6.883,8.3036,0.1708537315999994
77,77,2018-09-30 04:00:00,8.134439003599999,9/30/2018,04:00:00 am,0,6.883,8.3046,0.1701609964000017
78,78,2018-09-30 04:10:00,8.1338781576,9/30/2018,04:10:00 am,0,6.883,8.3043,0.1704218423999997
79,79,2018-09-30 04:20:00,8.134908074799998,9/30/2018,04:20:00 am,0,6.882,8.3053,0.1703919252000023
80,80,2018-09-30 04:30:00,8.133867960399998,9/30/2018,04:30:00 am,0,6.882,8.3048,0.170932039600002
81,81,2018-09-30 04:40:00,8.132929818,9/30/2018,04:40:00 am,0,6.882,8.3041,0.1711701820000009
82,82,2018-09-30 04:50:00,8.1335722416,9/30/2018,04:50:00 am,0,6.882,8.3044,0.1708277583999997
83,83,2018-09-30 05:00:00,8.133388691999999,9/30/2018,05:00:00 am,0,6.881,8.3047,0.1713113080000017
84,84,2018-09-30 05:10:00,8.1331439592,9/30/2018,05:10:00 am,0,6.881,8.3046,0.1714560408000007
85,85,2018-09-30 05:20:00,8.1336640164,9/30/2018,05:20:00 am,0,6.881,8.3051,0.1714359836000003
86,86,2018-09-30 05:30:00,8.134122890399999,9/30/2018,05:30:00 am,0,6.881,8.3049,0.1707771096000012
87,87,2018-09-30 05:40:00,8.134826497199999,9/30/2018,05:40:00 am,0,6.881,8.3059,0.1710735028000005
88,88,2018-09-30 05:50:00,8.1364070632,9/30/2018,05:50:00 am,0,6.881,8.3069,0.1704929368000005
89,89,2018-09-30 06:00:00,8.1373350084,9/30/2018,06:00:00 am,0,6.88,8.3079,0.1705649916000009
90,90,2018-09-30 06:10:00,8.137396191599999,9/30/2018,06:10:00 am,0,6.88,8.3091,0.171703808400002
91,91,2018-09-30 06:20:00,8.138823799599999,9/30/2018,06:20:00 am,0,6.88,8.3106,0.1717762004000018
92,92,2018-09-30 06:30:00,8.1397823364,9/30/2018,06:30:00 am,0,6.88,8.3118,0.1720176636000001
93,93,2018-09-30 06:40:00,8.141067183599999,9/30/2018,06:40:00 am,0,6.88,8.3131,0.1720328164000015
94,94,2018-09-30 06:50:00,8.141424085599999,9/30/2018,06:50:00 am,0,6.88,8.314,0.1725759144000012
95,95,2018-09-30 07:00:00,8.1419951288,9/30/2018,07:00:00 am,0,6.88,8.3151,0.1731048711999996
96,96,2018-09-30 07:10:00,8.1428312992,9/30/2018,07:10:00 am,0,6.879,8.3159,0.1730687008
97,97,2018-09-30 07:20:00,8.144075357599998,9/30/2018,07:20:00 am,0,6.879,8.3172,0.1731246424000012
98,98,2018-09-30 07:30:00,8.1442283156,9/30/2018,07:30:00 am,0,6.879,8.3181,0.1738716843999999
99,99,2018-09-30 07:40:00,8.1453805992,9/30/2018,07:40:00 am,0,6.879,8.3195,0.1741194008000004
100,100,2018-09-30 07:50:00,8.145870064799999,9/30/2018,07:50:00 am,0,6.879,8.3201,0.1742299352000014
101,101,2018-09-30 08:00:00,8.1460128256,9/30/2018,08:00:00 am,0,6.879,8.321,0.1749871744
102,102,2018-09-30 08:10:00,8.147399644799998,9/30/2018,08:10:00 am,0,6.878,8.3218,0.1744003552000013
103,103,2018-09-30 08:20:00,8.1471447148,9/30/2018,08:20:00 am,0,6.878,8.3225,0.1753552852000002
104,104,2018-09-30 08:30:00,8.147991082399999,9/30/2018,08:30:00 am,0,6.878,8.3232,0.1752089176000009
105,105,2018-09-30 08:40:00,8.148633506,9/30/2018,08:40:00 am,0,6.878,8.3236,0.1749664940000013
106,106,2018-09-30 08:50:00,8.1486742948,9/30/2018,08:50:00 am,0,6.878,8.3246,0.1759257052000009
107,107,2018-09-30 09:00:00,8.1471651092,9/30/2018,09:00:00 am,0,6.878,8.3243,0.1771348907999996
108,108,2018-09-30 09:10:00,8.147674969199999,9/30/2018,09:10:00 am,0,6.877,8.3252,0.1775250308000018
109,109,2018-09-30 09:20:00,8.1482154208,9/30/2018,09:20:00 am,0,6.878,8.3257,0.1774845791999997
110,110,2018-09-30 09:30:00,8.1508564956,9/30/2018,09:30:00 am,0,6.877,8.3269,0.1760435044000008
111,111,2018-09-30 09:40:00,8.151804835199998,9/30/2018,09:40:00 am,0,6.877,8.3273,0.1754951648000009
112,112,2018-09-30 09:50:00,8.150519988,9/30/2018,09:50:00 am,0,6.877,8.3274,0.1768800120000015
113,113,2018-09-30 10:00:00,8.151325566799999,9/30/2018,10:00:00 am,0,6.877,8.3278,0.176474433200001
114,114,2018-09-30 10:10:00,8.150285452399999,9/30/2018,10:10:00 am,0,6.876,8.3274,0.1771145476000022
115,115,2018-09-30 10:20:00,8.1514785248,9/30/2018,10:20:00 am,0,6.877,8.3276,0.1761214752000004
116,116,2018-09-30 10:30:00,8.1519373988,9/30/2018,10:30:00 am,0,6.876,8.3279,0.1759626012000001
117,117,2018-09-30 10:40:00,8.15087689,9/30/2018,10:40:00 am,0,6.876,8.3282,0.1773231100000014
118,118,2018-09-30 10:50:00,8.151080834,9/30/2018,10:50:00 am,0,6.876,8.3277,0.176619166
119,119,2018-09-30 11:00:00,8.1481134488,9/30/2018,11:00:00 am,0,6.876,8.3274,0.1792865512000006
120,120,2018-09-30 11:10:00,8.1494288876,9/30/2018,11:10:00 am,0,6.876,8.3274,0.1779711124000016
121,121,2018-09-30 11:20:00,8.150989059199999,9/30/2018,11:20:00 am,0,6.876,8.3268,0.1758109408000017
122,122,2018-09-30 11:30:00,8.1503976216,9/30/2018,11:30:00 am,0,6.876,8.3266,0.1762023783999993
123,123,2018-09-30 11:40:00,8.149551253999999,9/30/2018,11:40:00 am,0,6.875,8.3274,0.1778487460000022
124,124,2018-09-30 11:50:00,8.147980885199999,9/30/2018,11:50:00 am,0,6.875,8.3266,0.1786191148
125,125,2018-09-30 12:00:00,8.1490006052,9/30/2018,12:00:00 pm,0,6.875,8.3269,0.1778993948000007
126,126,2018-09-30 12:10:00,8.151672271599999,9/30/2018,12:10:00 pm,0,6.875,8.3272,0.1755277284000005
127,127,2018-09-30 12:20:00,8.151417341599998,9/30/2018,12:20:00 pm,0,6.875,8.3269,0.1754826584000017
128,128,2018-09-30 12:30:00,8.147001953999998,9/30/2018,12:30:00 pm,0,6.875,8.3269,0.1798980460000017
129,129,2018-09-30 12:40:00,8.1453500076,9/30/2018,12:40:00 pm,0,6.875,8.3267,0.1813499924000012
130,130,2018-09-30 12:50:00,8.1476953636,9/30/2018,12:50:00 pm,0,6.875,8.3261,0.1784046363999998
131,131,2018-09-30 13:00:00,8.1500203252,9/30/2018,01:00:00 pm,0,6.874,8.3258,0.1757796747999993
132,132,2018-09-30 13:10:00,8.1501019028,9/30/2018,01:10:00 pm,0,6.875,8.3249,0.1747980972
133,133,2018-09-30 13:20:00,8.1488680416,9/30/2018,01:20:00 pm,0,6.874,8.3247,0.1758319583999998
134,134,2018-09-30 13:30:00,8.1480012796,9/30/2018,01:30:00 pm,0,6.874,8.3239,0.1758987203999993
135,135,2018-09-30 13:40:00,8.1457476984,9/30/2018,01:40:00 pm,0,6.874,8.3241,0.1783523016000003
136,136,2018-09-30 13:50:00,8.1481338432,9/30/2018,01:50:00 pm,0,6.874,8.324,0.1758661567999997
137,137,2018-09-30 14:00:00,8.1481950264,9/30/2018,02:00:00 pm,0,6.874,8.3236,0.1754049736000009
138,138,2018-09-30 14:10:00,8.1477769412,9/30/2018,02:10:00 pm,0,6.874,8.3228,0.1750230588000008
139,139,2018-09-30 14:20:00,8.146349333199998,9/30/2018,02:20:00 pm,0,6.874,8.3213,0.1749506668000027
140,140,2018-09-30 14:30:00,8.1475016168,9/30/2018,02:30:00 pm,0,6.873,8.3212,0.1736983831999996
141,141,2018-09-30 14:40:00,8.1452480356,9/30/2018,02:40:00 pm,0,6.873,8.3211,0.1758519643999996
142,142,2018-09-30 14:50:00,8.1423520308,9/30/2018,02:50:00 pm,0,6.873,8.3209,0.1785479692000002
143,143,2018-09-30 15:00:00,8.1438612164,9/30/2018,03:00:00 pm,0,6.873,8.3199,0.176038783600001
144,144,2018-09-30 15:10:00,8.1443710764,9/30/2018,03:10:00 pm,0,6.873,8.3195,0.1751289235999991
145,145,2018-09-30 15:20:00,8.145625332,9/30/2018,03:20:00 pm,0,6.873,8.3191,0.1734746680000007
146,146,2018-09-30 15:30:00,8.144676992399999,9/30/2018,03:30:00 pm,0,6.873,8.319,0.1743230076000017
147,147,2018-09-30 15:40:00,8.1430556376,9/30/2018,03:40:00 pm,0,6.873,8.3182,0.1751443623999993
148,148,2018-09-30 15:50:00,8.1441059492,9/30/2018,03:50:00 pm,0,6.873,8.3183,0.1741940508000006
149,149,2018-09-30 16:00:00,8.1438714136,9/30/2018,04:00:00 pm,0,6.873,8.3192,0.1753285864000009
150,150,2018-09-30 16:10:00,8.1449421196,9/30/2018,04:10:00 pm,0,6.872,8.3193,0.1743578804000005
151,151,2018-09-30 16:20:00,8.1467776156,9/30/2018,04:20:00 pm,0,6.872,8.3191,0.172322384400001
152,152,2018-09-30 16:30:00,8.145431585199999,9/30/2018,04:30:00 pm,0,6.872,8.3189,0.1734684148000003
153,153,2018-09-30 16:40:00,8.1446158092,9/30/2018,04:40:00 pm,0,6.872,8.3175,0.1728841908000014
154,154,2018-09-30 16:50:00,8.144473048399998,9/30/2018,04:50:00 pm,0,6.872,8.3173,0.1728269516000011
155,155,2018-09-30 17:00:00,8.1438510192,9/30/2018,05:00:00 pm,0,6.872,8.317,0.1731489808000006
156,156,2018-09-30 17:10:00,8.143596089199999,9/30/2018,05:10:00 pm,0,6.872,8.3167,0.1731039108000018
157,157,2018-09-30 17:20:00,8.1434023424,9/30/2018,05:20:00 pm,0,6.872,8.3163,0.1728976576000001
158,158,2018-09-30 17:30:00,8.1437490472,9/30/2018,05:30:00 pm,0,6.871,8.3162,0.1724509528000002
159,159,2018-09-30 17:40:00,8.144167132399998,9/30/2018,05:40:00 pm,0,6.872,8.3166,0.1724328676000013
160,160,2018-09-30 17:50:00,8.144473048399998,9/30/2018,05:50:00 pm,0,6.871,8.3172,0.1727269516000014
161,161,2018-09-30 18:00:00,8.1448401476,9/30/2018,06:00:00 pm,0,6.871,8.3169,0.1720598524000003
162,162,2018-09-30 18:10:00,8.145533557199998,9/30/2018,06:10:00 pm,0,6.871,8.3174,0.1718664428000007
163,163,2018-09-30 18:20:00,8.1451868524,9/30/2018,06:20:00 pm,0,6.871,8.3172,0.1720131475999995
164,164,2018-09-30 18:30:00,8.1452990216,9/30/2018,06:30:00 pm,0,6.871,8.317,0.1717009784000005
165,165,2018-09-30 18:40:00,8.1447687672,9/30/2018,06:40:00 pm,0,6.871,8.3168,0.1720312328000002
166,166,2018-09-30 18:50:00,8.1455437544,9/30/2018,06:50:00 pm,0,6.871,8.3169,0.1713562456000001
167,167,2018-09-30 19:00:00,8.1444628512,9/30/2018,07:00:00 pm,0,6.871,8.3159,0.171437148799999
168,168,2018-09-30 19:10:00,8.145044091599999,9/30/2018,07:10:00 pm,0,6.871,8.3161,0.1710559084000014
169,169,2018-09-30 19:20:00,8.1450033028,9/30/2018,07:20:00 pm,0,6.871,8.3159,0.1708966971999999
170,170,2018-09-30 19:30:00,8.145084880399999,9/30/2018,07:30:00 pm,0,6.87,8.3157,0.1706151196000007
171,171,2018-09-30 19:40:00,8.146135192,9/30/2018,07:40:00 pm,0,6.871,8.3162,0.1700648080000011
172,172,2018-09-30 19:50:00,8.147103926,9/30/2018,07:50:00 pm,0,6.87,8.3171,0.1699960740000001
173,173,2018-09-30 20:00:00,8.1464513052,9/30/2018,08:00:00 pm,0,6.87,8.3167,0.1702486948000015
174,174,2018-09-30 20:10:00,8.1453500076,9/30/2018,08:10:00 pm,0,6.87,8.3166,0.1712499923999999
175,175,2018-09-30 20:20:00,8.1452072468,9/30/2018,08:20:00 pm,0,6.87,8.3159,0.1706927531999991
176,176,2018-09-30 20:30:00,8.146216769599999,9/30/2018,08:30:00 pm,0,6.87,8.3171,0.1708832304000012
177,177,2018-09-30 20:40:00,8.1471651092,9/30/2018,08:40:00 pm,0,6.87,8.3166,0.1694348907999998
178,178,2018-09-30 20:50:00,8.146624657599999,9/30/2018,08:50:00 pm,0,6.87,8.3166,0.1699753424000007
179,179,2018-09-30 21:00:00,8.1467062352,9/30/2018,09:00:00 pm,0,6.87,8.3167,0.1699937648000009
180,180,2018-09-30 21:10:00,8.1471447148,9/30/2018,09:10:00 pm,0,6.87,8.3173,0.1701552851999999
181,181,2018-09-30 21:20:00,8.1468184044,9/30/2018,09:20:00 pm,0,6.869,8.3169,0.170081595600001
182,182,2018-09-30 21:30:00,8.146961165199999,9/30/2018,09:30:00 pm,0,6.87,8.3173,0.1703388348000007
183,183,2018-09-30 21:40:00,8.1474200392,9/30/2018,09:40:00 pm,0,6.87,8.3178,0.1703799608
184,184,2018-09-30 21:50:00,8.1474200392,9/30/2018,09:50:00 pm,0,6.869,8.318,0.1705799607999996
185,185,2018-09-30 22:00:00,8.1470937288,9/30/2018,10:00:00 pm,0,6.869,8.3176,0.1705062712000007
186,186,2018-09-30 22:10:00,8.147287475599999,9/30/2018,10:10:00 pm,0,6.869,8.3176,0.1703125244000016
187,187,2018-09-30 22:20:00,8.1485417312,9/30/2018,10:20:00 pm,0,6.869,8.3183,0.1697582688000007
188,188,2018-09-30 22:30:00,8.1489190276,9/30/2018,10:30:00 pm,0,6.869,8.3181,0.1691809723999995
189,189,2018-09-30 22:40:00,8.1501019028,9/30/2018,10:40:00 pm,0,6.869,8.3194,0.1692980972000004
190,190,2018-09-30 22:50:00,8.1510910312,9/30/2018,10:50:00 pm,0,6.869,8.3203,0.1692089687999995
191,191,2018-09-30 23:00:00,8.151539708,9/30/2018,11:00:00 pm,0,6.869,8.3219,0.1703602919999998
192,192,2018-09-30 23:10:00,8.151070636799998,9/30/2018,11:10:00 pm,0,6.869,8.3221,0.1710293632000024
193,193,2018-09-30 23:20:00,8.149490070799999,9/30/2018,11:20:00 pm,0,6.869,8.3214,0.1719099292000017
194,194,2018-09-30 23:30:00,8.150570974,9/30/2018,11:30:00 pm,0,6.869,8.3212,0.1706290259999985
195,195,2018-09-30 23:40:00,8.1504282132,9/30/2018,11:40:00 pm,0,6.868,8.3215,0.1710717868000006
196,196,2018-09-30 23:50:00,8.1504282132,9/30/2018,11:50:00 pm,0,6.869,8.3216,0.1711717868000004
197,197,2018-10-01 00:00:00,8.150407818799998,10/1/2018,12:00:00 am,0,6.868,8.322,0.1715921812000012
198,198,2018-10-01 00:10:00,8.150754523599998,10/1/2018,12:10:00 am,0,6.868,8.323,0.1722454764000023
199,199,2018-10-01 00:20:00,8.1511726088,10/1/2018,12:20:00 am,0,6.868,8.3231,0.1719273912000005
200,200,2018-10-01 00:30:00,8.151325566799999,10/1/2018,12:30:00 am,0,6.868,8.3237,0.1723744332000016
201,201,2018-10-01 00:40:00,8.151029847999999,10/1/2018,12:40:00 am,0,6.868,8.3236,0.1725701520000022
202,202,2018-10-01 00:50:00,8.15113182,10/1/2018,12:50:00 am,0,6.868,8.3239,0.1727681800000002
203,203,2018-10-01 01:00:00,8.149897958799999,10/1/2018,01:00:00 am,0,6.868,8.323,0.1731020412000017
204,204,2018-10-01 01:10:00,8.1507953124,10/1/2018,01:10:00 am,0,6.867,8.3237,0.1729046876000008
205,205,2018-10-01 01:20:00,8.1512439892,10/1/2018,01:20:00 am,0,6.868,8.324,0.1727560108000005
206,206,2018-10-01 01:30:00,8.150989059199999,10/1/2018,01:30:00 am,0,6.868,8.3238,0.1728109408000016
207,207,2018-10-01 01:40:00,8.151029847999999,10/1/2018,01:40:00 am,0,6.868,8.3236,0.1725701520000022
208,208,2018-10-01 01:50:00,8.151682468799999,10/1/2018,01:50:00 am,0,6.867,8.3249,0.1732175312000006
209,209,2018-10-01 02:00:00,8.151539708,10/1/2018,02:00:00 am,0,6.868,8.3257,0.1741602919999998
210,210,2018-10-01 02:10:00,8.150723932,10/1/2018,02:10:00 am,0,6.867,8.3239,0.173176068
211,211,2018-10-01 02:20:00,8.148449956399999,10/1/2018,02:20:00 am,0,6.867,8.3219,0.1734500436000008
212,212,2018-10-01 02:30:00,8.1493065212,10/1/2018,02:30:00 am,0,6.867,8.3226,0.1732934787999998
213,213,2018-10-01 02:40:00,8.148398970399999,10/1/2018,02:40:00 am,0,6.867,8.3221,0.1737010296000019
214,214,2018-10-01 02:50:00,8.148174632,10/1/2018,02:50:00 am,0,6.867,8.3215,0.1733253680000004
215,215,2018-10-01 03:00:00,8.1481338432,10/1/2018,03:00:00 am,0,6.867,8.3224,0.1742661567999999
216,216,2018-10-01 03:10:00,8.148531533999998,10/1/2018,03:10:00 am,0,6.867,8.3223,0.173768466000002
217,217,2018-10-01 03:20:00,8.147216095200001,10/1/2018,03:20:00 am,0,6.867,8.3212,0.1739839047999982
218,218,2018-10-01 03:30:00,8.1458190788,10/1/2018,03:30:00 am,0,6.866,8.32,0.1741809211999996
219,219,2018-10-01 03:40:00,8.1460740088,10/1/2018,03:40:00 am,0,6.867,8.3201,0.1740259912000006
220,220,2018-10-01 03:50:00,8.1466348548,10/1/2018,03:50:00 am,0,6.866,8.3207,0.1740651452000001
221,221,2018-10-01 04:00:00,8.1467164324,10/1/2018,04:00:00 am,0,6.867,8.3209,0.1741835676000001
222,222,2018-10-01 04:10:00,8.145115472,10/1/2018,04:10:00 am,0,6.866,8.32,0.1748845279999997
223,223,2018-10-01 04:20:00,8.145054288799999,10/1/2018,04:20:00 am,0,6.866,8.3199,0.1748457112000014
224,224,2018-10-01 04:30:00,8.1463595304,10/1/2018,04:30:00 am,0,6.866,8.3208,0.1744404696000003
225,225,2018-10-01 04:40:00,8.1452378384,10/1/2018,04:40:00 am,0,6.866,8.3204,0.1751621615999994
226,226,2018-10-01 04:50:00,8.145829275999999,10/1/2018,04:50:00 am,0,6.866,8.3213,0.1754707240000019
227,227,2018-10-01 05:00:00,8.1455437544,10/1/2018,05:00:00 am,0,6.866,8.3218,0.1762562455999994
228,228,2018-10-01 05:10:00,8.1459006564,10/1/2018,05:10:00 am,0,6.866,8.322,0.1760993435999989
229,229,2018-10-01 05:20:00,8.147307869999999,10/1/2018,05:20:00 am,0,6.865,8.3235,0.1761921300000004
230,230,2018-10-01 05:30:00,8.148368378799999,10/1/2018,05:30:00 am,0,6.865,8.3244,0.1760316212000017
231,231,2018-10-01 05:40:00,8.1486131116,10/1/2018,05:40:00 am,0,6.866,8.3244,0.1757868884000011
232,232,2018-10-01 05:50:00,8.1490311968,10/1/2018,05:50:00 am,0,6.866,8.3248,0.1757688032000004
233,233,2018-10-01 06:00:00,8.14807266,10/1/2018,06:00:00 am,0,6.865,8.3249,0.1768273399999991
234,234,2018-10-01 06:10:00,8.1486437032,10/1/2018,06:10:00 am,0,6.866,8.3248,0.1761562968000003
235,235,2018-10-01 06:20:00,8.14909238,10/1/2018,06:20:00 am,0,6.865,8.3258,0.1767076199999984
236,236,2018-10-01 06:30:00,8.1506627488,10/1/2018,06:30:00 am,0,6.865,8.3268,0.1761372512000001
237,237,2018-10-01 06:40:00,8.1510910312,10/1/2018,06:40:00 am,0,6.865,8.3276,0.1765089688000003
238,238,2018-10-01 06:50:00,8.150713734799998,10/1/2018,06:50:00 am,0,6.865,8.3272,0.1764862652000012
239,239,2018-10-01 07:00:00,8.151335763999999,10/1/2018,07:00:00 am,0,6.865,8.328,0.1766642360000005
240,240,2018-10-01 07:10:00,8.152763371999999,10/1/2018,07:10:00 am,0,6.865,8.3292,0.1764366280000011
241,241,2018-10-01 07:20:00,8.153599542399999,10/1/2018,07:20:00 am,0,6.865,8.3298,0.176200457600002
242,242,2018-10-01 07:30:00,8.153946247199999,10/1/2018,07:30:00 am,0,6.865,8.3314,0.1774537528000017
243,243,2018-10-01 07:40:00,8.1538952612,10/1/2018,07:40:00 am,0,6.865,8.3314,0.1775047387999997
244,244,2018-10-01 07:50:00,8.153640331199998,10/1/2018,07:50:00 am,0,6.864,8.3319,0.1782596688000008
245,245,2018-10-01 08:00:00,8.154272557599999,10/1/2018,08:00:00 am,0,6.865,8.3325,0.1782274424000007
246,246,2018-10-01 08:10:00,8.154272557599999,10/1/2018,08:10:00 am,0,6.864,8.3336,0.1793274424000017
247,247,2018-10-01 08:20:00,8.155006755999999,10/1/2018,08:20:00 am,0,6.864,8.3344,0.1793932440000016
248,248,2018-10-01 08:30:00,8.155567602,10/1/2018,08:30:00 am,0,6.864,8.3352,0.1796323980000007
249,249,2018-10-01 08:40:00,8.154965967199999,10/1/2018,08:40:00 am,0,6.864,8.3354,0.1804340328000009
250,250,2018-10-01 08:50:00,8.1551393196,10/1/2018,08:50:00 am,0,6.864,8.3349,0.1797606803999993
251,251,2018-10-01 09:00:00,8.1554554328,10/1/2018,09:00:00 am,0,6.864,8.3356,0.1801445671999992
252,252,2018-10-01 09:10:00,8.1569850128,10/1/2018,09:10:00 am,0,6.864,8.3364,0.1794149871999995
253,253,2018-10-01 09:20:00,8.1565975192,10/1/2018,09:20:00 am,0,6.864,8.337,0.1804024807999997
254,254,2018-10-01 09:30:00,8.155159714,10/1/2018,09:30:00 am,0,6.864,8.3367,0.1815402860000006
255,255,2018-10-01 09:40:00,8.1540482192,10/1/2018,09:40:00 am,0,6.864,8.3354,0.1813517808
256,256,2018-10-01 09:50:00,8.152895935599998,10/1/2018,09:50:00 am,0,6.863,8.3358,0.1829040644000024
257,257,2018-10-01 10:00:00,8.1552005028,10/1/2018,10:00:00 am,0,6.863,8.3365,0.1812994971999995
258,258,2018-10-01 10:10:00,8.1577498028,10/1/2018,10:10:00 am,0,6.863,8.3383,0.1805501972000005
259,259,2018-10-01 10:20:00,8.157902760799999,10/1/2018,10:20:00 am,0,6.863,8.3385,0.1805972392000008
260,260,2018-10-01 10:30:00,8.1583922264,10/1/2018,10:30:00 am,0,6.863,8.3389,0.1805077736000004
261,261,2018-10-01 10:40:00,8.1571277736,10/1/2018,10:40:00 am,0,6.863,8.3374,0.1802722264000014
262,262,2018-10-01 10:50:00,8.1559856872,10/1/2018,10:50:00 am,0,6.863,8.3373,0.1813143128000014
263,263,2018-10-01 11:00:00,8.153579148,10/1/2018,11:00:00 am,0,6.863,8.3354,0.1818208519999995
264,264,2018-10-01 11:10:00,8.1540992052,10/1/2018,11:10:00 am,0,6.863,8.3351,0.1810007948000009
265,265,2018-10-01 11:20:00,8.1564241668,10/1/2018,11:20:00 am,0,6.863,8.3358,0.1793758331999999
266,266,2018-10-01 11:30:00,8.1554860244,10/1/2018,11:30:00 am,0,6.863,8.3348,0.1793139755999995
267,267,2018-10-01 11:40:00,8.153507767599999,10/1/2018,11:40:00 am,0,6.863,8.334,0.1804922324000006
268,268,2018-10-01 11:50:00,8.150285452399999,10/1/2018,11:50:00 am,0,6.863,8.3327,0.1824145476000023
269,269,2018-10-01 12:00:00,8.1509074816,10/1/2018,12:00:00 pm,0,6.863,8.332,0.1810925184000016
270,270,2018-10-01 12:10:00,8.1515601024,10/1/2018,12:10:00 pm,0,6.863,8.3316,0.1800398976000004
271,271,2018-10-01 12:20:00,8.1503976216,10/1/2018,12:20:00 pm,0,6.862,8.3294,0.1790023783999998
272,272,2018-10-01 12:30:00,8.1470223484,10/1/2018,12:30:00 pm,0,6.862,8.3309,0.1838776515999995
273,273,2018-10-01 12:40:00,8.145676318,10/1/2018,12:40:00 pm,0,6.863,8.3288,0.1831236819999997
274,274,2018-10-01 12:50:00,8.148429562,10/1/2018,12:50:00 pm,0,6.862,8.328,0.1795704379999989
275,275,2018-10-01 13:00:00,8.15062196,10/1/2018,01:00:00 pm,0,6.862,8.328,0.1773780399999989
276,276,2018-10-01 13:10:00,8.1511216228,10/1/2018,01:10:00 pm,0,6.862,8.3278,0.1766783772
277,277,2018-10-01 13:20:00,8.148735477999999,10/1/2018,01:20:00 pm,0,6.862,8.3272,0.1784645220000005
278,278,2018-10-01 13:30:00,8.1470733344,10/1/2018,01:30:00 pm,0,6.862,8.3262,0.1791266656000001
279,279,2018-10-01 13:40:00,8.1442079212,10/1/2018,01:40:00 pm,0,6.862,8.3249,0.1806920787999999
280,280,2018-10-01 13:50:00,8.1447687672,10/1/2018,01:50:00 pm,0,6.862,8.3241,0.1793312327999991
281,281,2018-10-01 14:00:00,8.1448911336,10/1/2018,02:00:00 pm,0,6.862,8.1762,0.0313088663999998
