"","meter_id","well_id","day","welltop_to_water","water_binary","welltop_to_ground","total_well_length","ground_elevation","welltop_elevation","date","offset","std_dev","ground_to_water","diff"
"1","bamboo speaker wire","KFR-XE1S",2019-08-05,119.3,1,63.65,150.8,1981.3795,1982.007,"9/2/19",2.65,0.744983221,-58.3,-58.3
"2","bamboo speaker wire","EET-1",2019-08-05,144,1,59.3896875,148.354545454545,NA,NA,"9/2/19",2.65,0.744983221,-87.2603125,-87.2603125
"3","bamboo speaker wire","EWT-1",2019-08-05,147.366666666667,1,56.973,150.36,1935.263,1935.791,"9/2/19",2.65,0.744983221,-93.0436666666667,-93.0436666666667
"4","bamboo speaker wire","EEF-1",2019-08-05,112.533333333333,1,59.383,154.333333333333,NA,NA,"9/2/19",2.65,0.744983221,-55.8003333333333,-55.8003333333333
"5","bamboo speaker wire","EFF-XB7S",2019-08-05,53.5,1,50.65,153.133333333333,NA,NA,"9/2/19",2.65,0.744983221,-5.5,-5.5
"6","bamboo speaker wire","EHR-1",2019-08-05,112.833333333333,1,54.8286263742857,NA,NA,NA,"9/2/19",2.65,0.744983221,-60.6547069590476,-60.6547069590476
"7","bamboo speaker wire","EFF-XA1N",2019-08-05,NA,0,NA,NA,1928.617,NA,"9/2/19",2.65,0.744983221,NA,NA
"8","bamboo speaker wire","EFF-XA2N",2019-08-05,70.5,1,44.5646666666667,NA,1928.717,1929.184,"9/2/19",2.65,0.744983221,-28.5853333333333,-28.5853333333333
"9","bamboo speaker wire","KET-1",2019-08-06,32.5,1,49.625,NA,1986.113,1986.603,"9/2/19",2.65,0.744983221,14.475,14.475
"10","bamboo speaker wire","KFR-XE1S",2019-08-06,118.5,1,63.65,150.8,1981.3795,1982.007,"9/2/19",2.65,0.744983221,-57.5,-57.5
"11","bamboo speaker wire","KFR-XE1S",2019-08-04,119.5,1,63.65,150.8,1981.3795,1982.007,"9/2/19",2.65,0.744983221,-58.5,-58.5
"12","bamboo speaker wire","KER-1",2019-08-04,84.9666666666667,1,74.2,145.966666666667,1977.46433333333,NA,"9/2/19",2.65,0.744983221,-13.4166666666667,-13.4166666666667
"13","bamboo speaker wire","LWT-1",2019-08-05,107.633333333333,1,47.225,NA,NA,NA,"9/2/19",2.65,0.744983221,-63.0583333333333,-63.0583333333333
"14","bamboo speaker wire","KWR-1",2019-08-04,94.2666666666667,1,73.05,150.4,NA,NA,"9/2/19",2.65,0.744983221,-23.8666666666667,-23.8666666666667
"15","bamboo speaker wire","LET-1",2019-08-05,98.8,1,37.375,NA,NA,NA,"9/2/19",2.65,0.744983221,-64.075,-64.075
"16","bamboo speaker wire","KFR-XE2S",2019-08-04,64.8666666666667,1,60.6975,NA,1981.538,1982.229,"9/2/19",2.65,0.744983221,-6.81916666666666,-6.81916666666666
"17","bamboo speaker wire","KET-1",2019-08-04,32.5,1,49.625,NA,1986.113,1986.603,"9/2/19",2.65,0.744983221,14.475,14.475
"18","bamboo speaker wire","LHT-1",2019-08-05,115.433333333333,1,47.225,148,NA,NA,"9/2/19",2.65,0.744983221,-70.8583333333333,-70.8583333333333
"19","bamboo speaker wire","KWF-1",2019-08-04,122.5,1,69.5,153.45,NA,NA,"9/2/19",2.65,0.744983221,-55.65,-55.65
"20","bamboo speaker wire","KWR-XE1N",2019-08-04,127.433333333333,1,90.1,NA,1981.129,NA,"9/2/19",2.65,0.744983221,-39.9833333333333,-39.9833333333333
"21","bamboo speaker wire","KHT-XE4S",2019-08-04,127.7,1,76.68,142.125,1982.325,1983.104,"9/2/19",2.65,0.744983221,-53.67,-53.67
"22","bamboo speaker wire","KET-1",2019-08-05,32.4,1,49.625,NA,1986.113,1986.603,"9/2/19",2.65,0.744983221,14.575,14.575
"23","bamboo speaker wire","KHT-XE6S",2019-08-04,126.1,1,41.6233333333333,143.766666666667,1985.726,1986.149,"9/2/19",2.65,0.744983221,-87.1266666666667,-87.1266666666667
"24","bamboo speaker wire","EWF-XA2S",2019-08-05,NA,0,95.0645,148.86,1930.0815,1931.084,"9/2/19",2.65,0.744983221,-53.7955,NA
"25","bamboo speaker wire","EHF-XA3S",2019-08-05,126.366666666667,1,65.6558974366667,132.8,1930.9295,1931.584,"9/2/19",2.65,0.744983221,-63.36076923,-63.36076923
"26","bamboo speaker wire","EWR-1",2019-08-05,107.666666666667,1,90.4248,131.5,NA,NA,"9/2/19",2.65,0.744983221,-19.8918666666667,-19.8918666666667
"27","bamboo speaker wire","EER-1",2019-08-05,114.5,1,78.3053133333333,154.7,NA,NA,"9/2/19",2.65,0.744983221,-38.8446866666667,-38.8446866666667
"28","nm","KHT-XE4S",2019-06-03,73.5,1,76.68,142.125,1982.325,1983.104,"10/8/20",0,NA,3.17999999999999,3.17999999999999
"29","nm","KER-XE3S",2018-09-16,-6.33333333333333,1,0,0,NA,NA,"10/8/20",0,NA,6.33333333333333,6.33333333333333
"30","nm","EER-1",2019-06-02,81.0666666666667,1,78.3053133333333,154.7,NA,NA,"10/8/20",0,NA,-2.76135333333333,-2.76135333333333
"31","nm","KWR-1",2019-06-17,65,1,73.05,150.4,NA,NA,"10/8/20",0,NA,8.05,8.05
"32","nm","KER-XE3S",2018-08-25,-7.5,1,0,0,NA,NA,"10/8/20",0,NA,7.5,7.5
"33","nm","KER-XE3S",2019-07-05,-3.16666666666667,1,0,0,NA,NA,"10/8/20",0,NA,3.16666666666667,3.16666666666667
"34","nm","KER-XE3S",2018-07-27,-6,1,0,0,NA,NA,"10/8/20",0,NA,6,6
"35","nm","EHT-XA5S",2019-06-02,33.1666666666667,1,38.337545454,146.2095238,1934.4755,NA,"10/8/20",0,NA,5.17087878733334,5.17087878733334
"36","nm","KER-XE3S",2018-11-18,-6.33333333333333,1,0,0,NA,NA,"10/8/20",0,NA,6.33333333333333,6.33333333333333
"37","nm","KER-XE3S",2018-10-01,-8,1,0,0,NA,NA,"10/8/20",0,NA,8,8
"38","nm","KER-1",2019-06-03,NA,1,74.2,145.966666666667,1977.46433333333,NA,"10/8/20",0,NA,NA,NA
"39","nm","KFF-XD6S",2019-06-03,56.1666666666667,1,50.4666666666667,147.9,NA,NA,"10/8/20",0,NA,-5.7,-5.7
"40","nm","EWR-1",2019-06-02,72.8333333333333,1,90.4248,131.5,NA,NA,"10/8/20",0,NA,17.5914666666667,17.5914666666667
"41","nm","EET-1",2019-06-02,57.5,1,59.3896875,148.354545454545,NA,NA,"10/8/20",0,NA,1.8896875,1.8896875
"42","nm","KER-XE3S",2019-06-17,-5.26666666666667,1,0,0,NA,NA,"10/8/20",0,NA,5.26666666666667,5.26666666666667
"43","nm","KER-XE3S",2019-07-26,-3.33333333333333,1,0,0,NA,NA,"10/8/20",0,NA,3.33333333333333,3.33333333333333
"44","nm","KHT-XD6N",2019-06-03,44.9,1,46.8783333333333,142.24666668,1977.10675,NA,"10/8/20",0,NA,1.97833333333333,1.97833333333333
"45","nm","KER-XE3S",2018-07-17,-5.5,1,0,0,NA,NA,"10/8/20",0,NA,5.5,5.5
"46","nm","KHF-1",2019-06-03,68.8,1,68.05,149.022222233333,NA,NA,"10/8/20",0,NA,-0.75,-0.75
"47","nm","KER-XE3S",2019-06-03,-6.66666666666667,1,0,0,NA,NA,"10/8/20",0,NA,6.66666666666667,6.66666666666667
"48","nm","EWT-1",2019-06-02,21.5666666666667,1,56.973,150.36,1935.263,1935.791,"10/8/20",0,NA,35.4063333333333,35.4063333333333
"49","nm","KWR-1",2019-06-03,64.3333333333333,1,73.05,150.4,NA,NA,"10/8/20",0,NA,8.71666666666667,8.71666666666667
"50","nm","KER-XE3S",2019-08-20,-4.33333333333333,1,0,0,NA,NA,"10/8/20",0,NA,4.33333333333333,4.33333333333333
"51","nm","KHR-XE2N",2018-11-18,105.266666666667,1,47.21,NA,NA,NA,"10/8/20",0,NA,-58.0566666666667,-58.0566666666667
"52","nm","KHR-XD1N",2019-06-17,65,1,74.9,136.866666666667,1976.154,NA,"10/8/20",0,NA,9.90000000000001,9.90000000000001
"53","nm","KER-XE3S",2019-08-04,-3.83333333333333,1,0,0,NA,NA,"10/8/20",0,NA,3.83333333333333,3.83333333333333
"54","nm","EWR-1",2019-06-18,79.7666666666667,1,90.4248,131.5,NA,NA,"10/8/20",0,NA,10.6581333333333,10.6581333333333
"55","nm","KHT-XE6S",2019-06-03,39.7666666666667,1,41.6233333333333,143.766666666667,1985.726,1986.149,"10/8/20",0,NA,1.85666666666667,1.85666666666667
"56","nm","EEF-1",2019-06-18,61.0333333333333,1,59.383,154.333333333333,NA,NA,"10/8/20",0,NA,-1.65033333333333,-1.65033333333333
"57","nm","KWT-1",2019-06-03,55.6666666666667,1,55.6,136.7,1989.11,NA,"10/8/20",0,NA,-0.0666666666666629,-0.0666666666666629
"58","nm","KER-XE3S",2018-08-10,-9,1,0,0,NA,NA,"10/8/20",0,NA,9,9
"59","nm","KHF-XD4S",2019-06-03,81.0666666666667,1,66.625,148.59,NA,NA,"10/8/20",0,NA,-14.4416666666667,-14.4416666666667
"60","nm","KHT-XE5S",2019-06-03,58.5333333333333,1,56.9575,151.3,1984.3855,1984.973,"10/8/20",0,NA,-1.57583333333333,-1.57583333333333
"61","nm","KER-XE3S",2019-09-02,-5.66666666666667,1,0,0,NA,NA,"10/8/20",0,NA,5.66666666666667,5.66666666666667
"62","nm","KER-XE3S",2018-10-14,-6.66666666666667,1,0,0,NA,NA,"10/8/20",0,NA,6.66666666666667,6.66666666666667
"63","nm","EHT-XB5S",2019-06-02,NA,1,25.06525,153.345454545455,NA,NA,"10/8/20",0,NA,NA,NA
"64","nm","KER-XD5N",2019-06-03,34.4,1,35.825,NA,1976.42725,NA,"10/8/20",0,NA,1.425,1.425
"65","nm","KER-XE3S",2019-10-20,-5.4,1,0,0,NA,NA,"10/8/20",0,NA,5.4,5.4
"66","nm","KER-XE3S",2019-10-05,-10.1666666666667,1,0,0,NA,NA,"10/8/20",0,NA,10.1666666666667,10.1666666666667
"67","nm","KWR-XE1N",2019-06-17,82,1,90.1,NA,1981.129,NA,"10/8/20",0,NA,8.09999999999999,8.09999999999999
"68","nm","KWF-1",2019-06-03,66.4333333333333,1,69.5,153.45,NA,NA,"10/8/20",0,NA,3.06666666666666,3.06666666666666
"69","nm","EHR-1",2019-06-02,59.1666666666667,1,54.8286263742857,NA,NA,NA,"10/8/20",0,NA,-4.33804029238095,-4.33804029238095
"70","nm","EHF-XA3S",2019-06-02,65.5666666666667,1,65.6558974366667,132.8,1930.9295,1931.584,"10/8/20",0,NA,0.0892307700000003,0.0892307700000003
"71","nm","KEF-1",2019-06-03,51.1333333333333,1,50.8,154.8,NA,NA,"10/8/20",0,NA,-0.333333333333336,-0.333333333333336
"72","nm","KHR-XD1N",2019-06-03,NA,1,74.9,136.866666666667,1976.154,NA,"10/8/20",0,NA,NA,NA
"73","nw","EHT-XA5S",2019-09-03,NA,0,38.337545454,146.2095238,1934.4755,NA,"10/13/20",0,NA,-107.871978346,NA
"74","nw","EHT-XA5S",2019-09-03,NA,0,38.337545454,146.2095238,1934.4755,NA,"10/13/20",0,NA,-107.871978346,NA
"75","nw","EFR-XB2S",2019-08-20,NA,0,97.1,116.49,NA,NA,"10/13/20",0,NA,-19.39,NA
"76","nw","EFR-XB2S",2019-08-20,NA,0,97.1,116.49,NA,NA,"10/13/20",0,NA,-19.39,NA
"77","nw","EWF-XA2S",2019-06-02,NA,0,95.0645,148.86,1930.0815,1931.084,"10/13/20",0,NA,-53.7955,NA
"78","nw","EWF-XA2S",2019-06-02,NA,0,95.0645,148.86,1930.0815,1931.084,"10/13/20",0,NA,-53.7955,NA
"79","nw","KHF-1",2018-07-27,NA,0,68.05,149.022222233333,NA,NA,"10/13/20",0,NA,-80.9722222333333,NA
"80","nw","KHF-1",2018-07-27,NA,0,68.05,149.022222233333,NA,NA,"10/13/20",0,NA,-80.9722222333333,NA
"81","nw","KER-1",2018-11-18,NA,0,74.2,145.966666666667,1977.46433333333,NA,"10/13/20",0,NA,-71.7666666666667,NA
"82","nw","KER-1",2018-11-18,NA,0,74.2,145.966666666667,1977.46433333333,NA,"10/13/20",0,NA,-71.7666666666667,NA
"83","nw","KHT-XD3S",2018-10-01,NA,0,68.58,150,1976.782,NA,"10/13/20",0,NA,-81.42,NA
"84","nw","KHT-XD3S",2018-10-01,NA,0,68.58,150,1976.782,NA,"10/13/20",0,NA,-81.42,NA
"85","nw","EFR-XB2S",2019-07-26,NA,0,97.1,116.49,NA,NA,"10/13/20",0,NA,-19.39,NA
"86","nw","EFR-XB2S",2019-07-26,NA,0,97.1,116.49,NA,NA,"10/13/20",0,NA,-19.39,NA
"87","nw","EHT-XA5S",2018-08-10,NA,0,38.337545454,146.2095238,1934.4755,NA,"10/13/20",0,NA,-107.871978346,NA
"88","nw","EHT-XA5S",2018-08-10,NA,0,38.337545454,146.2095238,1934.4755,NA,"10/13/20",0,NA,-107.871978346,NA
"89","nw","KFF-XD6S",2019-08-04,NA,0,50.4666666666667,147.9,NA,NA,"10/13/20",0,NA,-97.4333333333333,NA
"90","nw","KFF-XD6S",2019-08-04,NA,0,50.4666666666667,147.9,NA,NA,"10/13/20",0,NA,-97.4333333333333,NA
"91","nw","KHF-XD4S",2018-10-01,NA,0,66.625,148.59,NA,NA,"10/13/20",0,NA,-81.965,NA
"92","nw","KHF-XD4S",2018-10-01,NA,0,66.625,148.59,NA,NA,"10/13/20",0,NA,-81.965,NA
"93","nw","EET-1",2019-09-21,NA,0,59.3896875,148.354545454545,NA,NA,"10/13/20",0,NA,-88.9648579545454,NA
"94","nw","EET-1",2019-09-21,NA,0,59.3896875,148.354545454545,NA,NA,"10/13/20",0,NA,-88.9648579545454,NA
"95","nw","EET-1",2018-09-29,NA,0,59.3896875,148.354545454545,NA,NA,"10/13/20",0,NA,-88.9648579545454,NA
"96","nw","EET-1",2018-09-29,NA,0,59.3896875,148.354545454545,NA,NA,"10/13/20",0,NA,-88.9648579545454,NA
"97","nw","EWF-XA2S",2018-08-10,NA,0,95.0645,148.86,1930.0815,1931.084,"10/13/20",0,NA,-53.7955,NA
"98","nw","EWF-XA2S",2018-08-10,NA,0,95.0645,148.86,1930.0815,1931.084,"10/13/20",0,NA,-53.7955,NA
"99","nw","EET-1",2018-08-24,NA,0,59.3896875,148.354545454545,NA,NA,"10/13/20",0,NA,-88.9648579545454,NA
"100","nw","EET-1",2018-08-24,NA,0,59.3896875,148.354545454545,NA,NA,"10/13/20",0,NA,-88.9648579545454,NA
"101","nw","EHT-XA5S",2018-09-29,NA,0,38.337545454,146.2095238,1934.4755,NA,"10/13/20",0,NA,-107.871978346,NA
"102","nw","EHT-XA5S",2018-09-29,NA,0,38.337545454,146.2095238,1934.4755,NA,"10/13/20",0,NA,-107.871978346,NA
"103","nw","EEF-1",2019-06-02,NA,0,59.383,154.333333333333,NA,NA,"10/13/20",0,NA,-94.9503333333333,NA
"104","nw","EEF-1",2019-06-02,NA,0,59.383,154.333333333333,NA,NA,"10/13/20",0,NA,-94.9503333333333,NA
"105","nw","KHF-XD4S",2019-08-04,NA,0,66.625,148.59,NA,NA,"10/13/20",0,NA,-81.965,NA
"106","nw","KHF-XD4S",2019-08-04,NA,0,66.625,148.59,NA,NA,"10/13/20",0,NA,-81.965,NA
"107","nw","EHT-XC6S",2018-06-01,NA,0,33.9725,152.0825,NA,NA,"10/13/20",0,NA,-118.11,NA
"108","nw","EHT-XC6S",2018-06-01,NA,0,33.9725,152.0825,NA,NA,"10/13/20",0,NA,-118.11,NA
"109","nw","KER-1",2018-08-25,NA,0,74.2,145.966666666667,1977.46433333333,NA,"10/13/20",0,NA,-71.7666666666667,NA
"110","nw","KER-1",2018-08-25,NA,0,74.2,145.966666666667,1977.46433333333,NA,"10/13/20",0,NA,-71.7666666666667,NA
"111","nw","EHT-XA5S",2018-07-25,NA,0,38.337545454,146.2095238,1934.4755,NA,"10/13/20",0,NA,-107.871978346,NA
"112","nw","EHT-XA5S",2018-07-25,NA,0,38.337545454,146.2095238,1934.4755,NA,"10/13/20",0,NA,-107.871978346,NA
"113","nw","KER-1",2018-10-14,NA,0,74.2,145.966666666667,1977.46433333333,NA,"10/13/20",0,NA,-71.7666666666667,NA
"114","nw","KER-1",2018-10-14,NA,0,74.2,145.966666666667,1977.46433333333,NA,"10/13/20",0,NA,-71.7666666666667,NA
"115","nw","EWF-XA2S",2019-09-21,NA,0,95.0645,148.86,1930.0815,1931.084,"10/13/20",0,NA,-53.7955,NA
"116","nw","EWF-XA2S",2019-09-21,NA,0,95.0645,148.86,1930.0815,1931.084,"10/13/20",0,NA,-53.7955,NA
"117","nw","EWT-1",2019-08-20,NA,0,56.973,150.36,1935.263,1935.791,"10/13/20",0,NA,-93.387,NA
"118","nw","EWT-1",2019-08-20,NA,0,56.973,150.36,1935.263,1935.791,"10/13/20",0,NA,-93.387,NA
"119","nw","EET-1",2018-09-16,NA,0,59.3896875,148.354545454545,NA,NA,"10/13/20",0,NA,-88.9648579545454,NA
"120","nw","EET-1",2018-09-16,NA,0,59.3896875,148.354545454545,NA,NA,"10/13/20",0,NA,-88.9648579545454,NA
"121","nw","EWT-1",2018-09-16,NA,0,56.973,150.36,1935.263,1935.791,"10/13/20",0,NA,-93.387,NA
"122","nw","EWT-1",2018-09-16,NA,0,56.973,150.36,1935.263,1935.791,"10/13/20",0,NA,-93.387,NA
"123","nw","EHT-XB5S",2018-09-29,NA,0,25.06525,153.345454545455,NA,NA,"10/13/20",0,NA,-128.280204545455,NA
"124","nw","EHT-XB5S",2018-09-29,NA,0,25.06525,153.345454545455,NA,NA,"10/13/20",0,NA,-128.280204545455,NA
"125","nw","KHT-XE6S",2019-09-21,NA,0,41.6233333333333,143.766666666667,1985.726,1986.149,"10/13/20",0,NA,-102.143333333333,NA
"126","nw","KHT-XE6S",2019-09-21,NA,0,41.6233333333333,143.766666666667,1985.726,1986.149,"10/13/20",0,NA,-102.143333333333,NA
"127","nw","KHT-XD6N",2018-08-25,NA,0,46.8783333333333,142.24666668,1977.10675,NA,"10/13/20",0,NA,-95.3683333466667,NA
"128","nw","KHT-XD6N",2018-08-25,NA,0,46.8783333333333,142.24666668,1977.10675,NA,"10/13/20",0,NA,-95.3683333466667,NA
"129","nw","KHT-XD6N",2018-08-10,NA,0,46.8783333333333,142.24666668,1977.10675,NA,"10/13/20",0,NA,-95.3683333466667,NA
"130","nw","KHT-XD6N",2018-08-10,NA,0,46.8783333333333,142.24666668,1977.10675,NA,"10/13/20",0,NA,-95.3683333466667,NA
"131","nw","KHF-XD4S",2018-08-10,NA,0,66.625,148.59,NA,NA,"10/13/20",0,NA,-81.965,NA
"132","nw","KHF-XD4S",2018-08-10,NA,0,66.625,148.59,NA,NA,"10/13/20",0,NA,-81.965,NA
"133","nw","KHT-XD3S",2018-11-18,NA,0,68.58,150,1976.782,NA,"10/13/20",0,NA,-81.42,NA
"134","nw","KHT-XD3S",2018-11-18,NA,0,68.58,150,1976.782,NA,"10/13/20",0,NA,-81.42,NA
"135","nw","KHT-XD6N",2018-11-18,NA,0,46.8783333333333,142.24666668,1977.10675,NA,"10/13/20",0,NA,-95.3683333466667,NA
"136","nw","KHT-XD6N",2018-11-18,NA,0,46.8783333333333,142.24666668,1977.10675,NA,"10/13/20",0,NA,-95.3683333466667,NA
"137","nw","KFF-XE8S",2018-08-10,NA,0,97.2154166666667,147.6,1989.893,NA,"10/13/20",0,NA,-50.3845833333333,NA
"138","nw","KFF-XE8S",2018-08-10,NA,0,97.2154166666667,147.6,1989.893,NA,"10/13/20",0,NA,-50.3845833333333,NA
"139","nw","EWF-XA2S",2018-09-29,NA,0,95.0645,148.86,1930.0815,1931.084,"10/13/20",0,NA,-53.7955,NA
"140","nw","EWF-XA2S",2018-09-29,NA,0,95.0645,148.86,1930.0815,1931.084,"10/13/20",0,NA,-53.7955,NA
"141","nw","KEF-1",2018-11-18,NA,0,50.8,154.8,NA,NA,"10/13/20",0,NA,-104,NA
"142","nw","KEF-1",2018-11-18,NA,0,50.8,154.8,NA,NA,"10/13/20",0,NA,-104,NA
"143","nw","EHT-XA5S",2018-08-24,NA,0,38.337545454,146.2095238,1934.4755,NA,"10/13/20",0,NA,-107.871978346,NA
"144","nw","EHT-XA5S",2018-08-24,NA,0,38.337545454,146.2095238,1934.4755,NA,"10/13/20",0,NA,-107.871978346,NA
"145","nw","KHT-XE6S",2019-09-02,NA,0,41.6233333333333,143.766666666667,1985.726,1986.149,"10/13/20",0,NA,-102.143333333333,NA
"146","nw","KHT-XE6S",2019-09-02,NA,0,41.6233333333333,143.766666666667,1985.726,1986.149,"10/13/20",0,NA,-102.143333333333,NA
"147","nw","KHT-XD6N",2019-09-21,NA,0,46.8783333333333,142.24666668,1977.10675,NA,"10/13/20",0,NA,-95.3683333466667,NA
"148","nw","KHT-XD6N",2019-09-21,NA,0,46.8783333333333,142.24666668,1977.10675,NA,"10/13/20",0,NA,-95.3683333466667,NA
"149","nw","EET-1",2019-08-20,NA,0,59.3896875,148.354545454545,NA,NA,"10/13/20",0,NA,-88.9648579545454,NA
"150","nw","EET-1",2019-08-20,NA,0,59.3896875,148.354545454545,NA,NA,"10/13/20",0,NA,-88.9648579545454,NA
"151","nw","KFF-XE8S",2018-07-27,NA,0,97.2154166666667,147.6,1989.893,NA,"10/13/20",0,NA,-50.3845833333333,NA
"152","nw","KFF-XE8S",2018-07-27,NA,0,97.2154166666667,147.6,1989.893,NA,"10/13/20",0,NA,-50.3845833333333,NA
"153","nw","KHT-XE6S",2018-08-10,NA,0,41.6233333333333,143.766666666667,1985.726,1986.149,"10/13/20",0,NA,-102.143333333333,NA
"154","nw","KHT-XE6S",2018-08-10,NA,0,41.6233333333333,143.766666666667,1985.726,1986.149,"10/13/20",0,NA,-102.143333333333,NA
"155","nw","EFR-XB3S",2018-07-16,NA,0,86.35,151.375,NA,NA,"10/13/20",0,NA,-65.025,NA
"156","nw","EFR-XB3S",2018-07-16,NA,0,86.35,151.375,NA,NA,"10/13/20",0,NA,-65.025,NA
"157","nw","EFR-XB2S",2018-07-16,NA,0,97.1,116.49,NA,NA,"10/13/20",0,NA,-19.39,NA
"158","nw","EFR-XB2S",2018-07-16,NA,0,97.1,116.49,NA,NA,"10/13/20",0,NA,-19.39,NA
"159","nw","KHT-XE6S",2018-10-14,NA,0,41.6233333333333,143.766666666667,1985.726,1986.149,"10/13/20",0,NA,-102.143333333333,NA
"160","nw","KHT-XE6S",2018-10-14,NA,0,41.6233333333333,143.766666666667,1985.726,1986.149,"10/13/20",0,NA,-102.143333333333,NA
"161","nw","KFF-XE8S",2019-09-21,NA,0,97.2154166666667,147.6,1989.893,NA,"10/13/20",0,NA,-50.3845833333333,NA
"162","nw","KFF-XE8S",2019-09-21,NA,0,97.2154166666667,147.6,1989.893,NA,"10/13/20",0,NA,-50.3845833333333,NA
"163","nw","EHF-XA3S",2018-09-16,NA,0,65.6558974366667,132.8,1930.9295,1931.584,"10/13/20",0,NA,-67.1441025633333,NA
"164","nw","EHF-XA3S",2018-09-16,NA,0,65.6558974366667,132.8,1930.9295,1931.584,"10/13/20",0,NA,-67.1441025633333,NA
"165","nw","KHT-XE5S",2019-09-21,NA,0,56.9575,151.3,1984.3855,1984.973,"10/13/20",0,NA,-94.3425,NA
"166","nw","KHT-XE5S",2019-09-21,NA,0,56.9575,151.3,1984.3855,1984.973,"10/13/20",0,NA,-94.3425,NA
"167","nw","KER-1",2018-10-01,NA,0,74.2,145.966666666667,1977.46433333333,NA,"10/13/20",0,NA,-71.7666666666667,NA
"168","nw","KER-1",2018-10-01,NA,0,74.2,145.966666666667,1977.46433333333,NA,"10/13/20",0,NA,-71.7666666666667,NA
"169","nw","EHF-XA3S",2018-08-10,NA,0,65.6558974366667,132.8,1930.9295,1931.584,"10/13/20",0,NA,-67.1441025633333,NA
"170","nw","EHF-XA3S",2018-08-10,NA,0,65.6558974366667,132.8,1930.9295,1931.584,"10/13/20",0,NA,-67.1441025633333,NA
"171","nw","EHF-XA3S",2019-08-20,NA,0,65.6558974366667,132.8,1930.9295,1931.584,"10/13/20",0,NA,-67.1441025633333,NA
"172","nw","EHF-XA3S",2019-08-20,NA,0,65.6558974366667,132.8,1930.9295,1931.584,"10/13/20",0,NA,-67.1441025633333,NA
"173","nw","EWF-XA2S",2018-08-24,NA,0,95.0645,148.86,1930.0815,1931.084,"10/13/20",0,NA,-53.7955,NA
"174","nw","EWF-XA2S",2018-08-24,NA,0,95.0645,148.86,1930.0815,1931.084,"10/13/20",0,NA,-53.7955,NA
"175","nw","KHF-1",2018-08-10,NA,0,68.05,149.022222233333,NA,NA,"10/13/20",0,NA,-80.9722222333333,NA
"176","nw","KHF-1",2018-08-10,NA,0,68.05,149.022222233333,NA,NA,"10/13/20",0,NA,-80.9722222333333,NA
"177","nw","KHT-XE6S",2018-07-27,NA,0,41.6233333333333,143.766666666667,1985.726,1986.149,"10/13/20",0,NA,-102.143333333333,NA
"178","nw","KHT-XE6S",2018-07-27,NA,0,41.6233333333333,143.766666666667,1985.726,1986.149,"10/13/20",0,NA,-102.143333333333,NA
"179","nw","EHT-XA5S",2018-09-16,NA,0,38.337545454,146.2095238,1934.4755,NA,"10/13/20",0,NA,-107.871978346,NA
"180","nw","EHT-XA5S",2018-09-16,NA,0,38.337545454,146.2095238,1934.4755,NA,"10/13/20",0,NA,-107.871978346,NA
"181","nw","EWT-1",2019-06-18,NA,0,56.973,150.36,1935.263,1935.791,"10/13/20",0,NA,-93.387,NA
"182","nw","EWT-1",2019-06-18,NA,0,56.973,150.36,1935.263,1935.791,"10/13/20",0,NA,-93.387,NA
"183","nw","KRH-XD1S",2019-07-26,117,0,73.25,147.066666666667,NA,NA,"10/13/20",0,NA,-43.75,-43.75
"184","nw","KRH-XD1S",2019-07-26,117,0,73.25,147.066666666667,NA,NA,"10/13/20",0,NA,-43.75,-43.75
"185","nw","EWT-1",2018-09-29,NA,0,56.973,150.36,1935.263,1935.791,"10/13/20",0,NA,-93.387,NA
"186","nw","EWT-1",2018-09-29,NA,0,56.973,150.36,1935.263,1935.791,"10/13/20",0,NA,-93.387,NA
"187","nw","EHT-XC6S",2018-06-18,NA,0,33.9725,152.0825,NA,NA,"10/13/20",0,NA,-118.11,NA
"188","nw","EHT-XC6S",2018-06-18,NA,0,33.9725,152.0825,NA,NA,"10/13/20",0,NA,-118.11,NA
"189","nw","KHT-XD3S",2019-06-03,NA,0,68.58,150,1976.782,NA,"10/13/20",0,NA,-81.42,NA
"190","nw","KHT-XD3S",2019-06-03,NA,0,68.58,150,1976.782,NA,"10/13/20",0,NA,-81.42,NA
"191","nw","EET-1",2018-07-25,NA,0,59.3896875,148.354545454545,NA,NA,"10/13/20",0,NA,-88.9648579545454,NA
"192","nw","EET-1",2018-07-25,NA,0,59.3896875,148.354545454545,NA,NA,"10/13/20",0,NA,-88.9648579545454,NA
"193","nw","EWF-XA2S",2018-09-16,NA,0,95.0645,148.86,1930.0815,1931.084,"10/13/20",0,NA,-53.7955,NA
"194","nw","EWF-XA2S",2018-09-16,NA,0,95.0645,148.86,1930.0815,1931.084,"10/13/20",0,NA,-53.7955,NA
"195","nw","KHF-XD4S",2019-07-26,NA,0,66.625,148.59,NA,NA,"10/13/20",0,NA,-81.965,NA
"196","nw","KHF-XD4S",2019-07-26,NA,0,66.625,148.59,NA,NA,"10/13/20",0,NA,-81.965,NA
"197","nw","KHT-XE6S",2019-08-20,NA,0,41.6233333333333,143.766666666667,1985.726,1986.149,"10/13/20",0,NA,-102.143333333333,NA
"198","nw","KHT-XE6S",2019-08-20,NA,0,41.6233333333333,143.766666666667,1985.726,1986.149,"10/13/20",0,NA,-102.143333333333,NA
"199","nw","KFF-XD6S",2018-07-17,NA,0,50.4666666666667,147.9,NA,NA,"10/13/20",0,NA,-97.4333333333333,NA
"200","nw","KFF-XD6S",2018-07-17,NA,0,50.4666666666667,147.9,NA,NA,"10/13/20",0,NA,-97.4333333333333,NA
"201","nw","EHT-XB5S",2018-08-24,NA,0,25.06525,153.345454545455,NA,NA,"10/13/20",0,NA,-128.280204545455,NA
"202","nw","EHT-XB5S",2018-08-24,NA,0,25.06525,153.345454545455,NA,NA,"10/13/20",0,NA,-128.280204545455,NA
"203","nw","KHT-XE6S",2019-10-05,NA,0,41.6233333333333,143.766666666667,1985.726,1986.149,"10/13/20",0,NA,-102.143333333333,NA
"204","nw","KHT-XE6S",2019-10-05,NA,0,41.6233333333333,143.766666666667,1985.726,1986.149,"10/13/20",0,NA,-102.143333333333,NA
"205","nw","EHT-XA5S",2019-10-05,NA,0,38.337545454,146.2095238,1934.4755,NA,"10/13/20",0,NA,-107.871978346,NA
"206","nw","EHT-XA5S",2019-10-05,NA,0,38.337545454,146.2095238,1934.4755,NA,"10/13/20",0,NA,-107.871978346,NA
"207","nw","EHT-XB4S",2019-07-26,NA,0,102.3,146.5,NA,NA,"10/13/20",0,NA,-44.2,NA
"208","nw","EHT-XB4S",2019-07-26,NA,0,102.3,146.5,NA,NA,"10/13/20",0,NA,-44.2,NA
"209","nw","KHT-XE6S",2018-09-16,NA,0,41.6233333333333,143.766666666667,1985.726,1986.149,"10/13/20",0,NA,-102.143333333333,NA
"210","nw","KHT-XE6S",2018-09-16,NA,0,41.6233333333333,143.766666666667,1985.726,1986.149,"10/13/20",0,NA,-102.143333333333,NA
"211","nw","EHT-XB4S",2019-08-20,NA,0,102.3,146.5,NA,NA,"10/13/20",0,NA,-44.2,NA
"212","nw","EHT-XB4S",2019-08-20,NA,0,102.3,146.5,NA,NA,"10/13/20",0,NA,-44.2,NA
"213","nw","KWT-1",2018-10-14,NA,0,55.6,136.7,1989.11,NA,"10/13/20",0,NA,-81.1,NA
"214","nw","KWT-1",2018-10-14,NA,0,55.6,136.7,1989.11,NA,"10/13/20",0,NA,-81.1,NA
"215","nw","KHT-XD6N",2018-10-01,NA,0,46.8783333333333,142.24666668,1977.10675,NA,"10/13/20",0,NA,-95.3683333466667,NA
"216","nw","KHT-XD6N",2018-10-01,NA,0,46.8783333333333,142.24666668,1977.10675,NA,"10/13/20",0,NA,-95.3683333466667,NA
"217","nw","KHF-XD4S",2018-07-27,NA,0,66.625,148.59,NA,NA,"10/13/20",0,NA,-81.965,NA
"218","nw","KHF-XD4S",2018-07-27,NA,0,66.625,148.59,NA,NA,"10/13/20",0,NA,-81.965,NA
"219","nw","EFR-XB2S",2019-10-20,NA,0,97.1,116.49,NA,NA,"10/13/20",0,NA,-19.39,NA
"220","nw","EFR-XB2S",2019-10-20,NA,0,97.1,116.49,NA,NA,"10/13/20",0,NA,-19.39,NA
"221","nw","KER-1",2018-09-16,NA,0,74.2,145.966666666667,1977.46433333333,NA,"10/13/20",0,NA,-71.7666666666667,NA
"222","nw","KER-1",2018-09-16,NA,0,74.2,145.966666666667,1977.46433333333,NA,"10/13/20",0,NA,-71.7666666666667,NA
"223","nw","EWT-1",2018-08-24,NA,0,56.973,150.36,1935.263,1935.791,"10/13/20",0,NA,-93.387,NA
"224","nw","EWT-1",2018-08-24,NA,0,56.973,150.36,1935.263,1935.791,"10/13/20",0,NA,-93.387,NA
"225","nw","KHT-XD6N",2019-08-04,NA,0,46.8783333333333,142.24666668,1977.10675,NA,"10/13/20",0,NA,-95.3683333466667,NA
"226","nw","KHT-XD6N",2019-08-04,NA,0,46.8783333333333,142.24666668,1977.10675,NA,"10/13/20",0,NA,-95.3683333466667,NA
"227","nw","EHF-XA3S",2018-08-24,NA,0,65.6558974366667,132.8,1930.9295,1931.584,"10/13/20",0,NA,-67.1441025633333,NA
"228","nw","EHF-XA3S",2018-08-24,NA,0,65.6558974366667,132.8,1930.9295,1931.584,"10/13/20",0,NA,-67.1441025633333,NA
"229","nw","KFF-XE8S",2018-07-17,NA,0,97.2154166666667,147.6,1989.893,NA,"10/13/20",0,NA,-50.3845833333333,NA
"230","nw","KFF-XE8S",2018-07-17,NA,0,97.2154166666667,147.6,1989.893,NA,"10/13/20",0,NA,-50.3845833333333,NA
"231","nw","EHT-XB5S",2018-09-16,NA,0,25.06525,153.345454545455,NA,NA,"10/13/20",0,NA,-128.280204545455,NA
"232","nw","EHT-XB5S",2018-09-16,NA,0,25.06525,153.345454545455,NA,NA,"10/13/20",0,NA,-128.280204545455,NA
"233","nw","KHR-XD2N",2019-06-03,NA,0,73.1825,NA,1976.3925,NA,"10/13/20",0,NA,NA,NA
"234","nw","KHR-XD2N",2019-06-03,NA,0,73.1825,NA,1976.3925,NA,"10/13/20",0,NA,NA,NA
"235","nw","KHF-XD4S",2018-07-01,NA,0,66.625,148.59,NA,NA,"10/13/20",0,NA,-81.965,NA
"236","nw","KHF-XD4S",2018-07-01,NA,0,66.625,148.59,NA,NA,"10/13/20",0,NA,-81.965,NA
"237","nw","KHT-XE6S",2018-07-17,NA,0,41.6233333333333,143.766666666667,1985.726,1986.149,"10/13/20",0,NA,-102.143333333333,NA
"238","nw","KHT-XE6S",2018-07-17,NA,0,41.6233333333333,143.766666666667,1985.726,1986.149,"10/13/20",0,NA,-102.143333333333,NA
"239","nw","KHT-XD6N",2018-09-16,NA,0,46.8783333333333,142.24666668,1977.10675,NA,"10/13/20",0,NA,-95.3683333466667,NA
"240","nw","KHT-XD6N",2018-09-16,NA,0,46.8783333333333,142.24666668,1977.10675,NA,"10/13/20",0,NA,-95.3683333466667,NA
"241","nw","KFF-XE8S",2019-08-04,NA,0,97.2154166666667,147.6,1989.893,NA,"10/13/20",0,NA,-50.3845833333333,NA
"242","nw","KFF-XE8S",2019-08-04,NA,0,97.2154166666667,147.6,1989.893,NA,"10/13/20",0,NA,-50.3845833333333,NA
"243","nw","KHT-XD6N",2018-07-17,NA,0,46.8783333333333,142.24666668,1977.10675,NA,"10/13/20",0,NA,-95.3683333466667,NA
"244","nw","KHT-XD6N",2018-07-17,NA,0,46.8783333333333,142.24666668,1977.10675,NA,"10/13/20",0,NA,-95.3683333466667,NA
"245","nw","KHF-1",2018-08-25,NA,0,68.05,149.022222233333,NA,NA,"10/13/20",0,NA,-80.9722222333333,NA
"246","nw","KHF-1",2018-08-25,NA,0,68.05,149.022222233333,NA,NA,"10/13/20",0,NA,-80.9722222333333,NA
"247","nw","KFF-XD6S",2018-07-27,NA,0,50.4666666666667,147.9,NA,NA,"10/13/20",0,NA,-97.4333333333333,NA
"248","nw","KFF-XD6S",2018-07-27,NA,0,50.4666666666667,147.9,NA,NA,"10/13/20",0,NA,-97.4333333333333,NA
"249","nw","EWF-XA2S",2018-07-25,NA,0,95.0645,148.86,1930.0815,1931.084,"10/13/20",0,NA,-53.7955,NA
"250","nw","EWF-XA2S",2018-07-25,NA,0,95.0645,148.86,1930.0815,1931.084,"10/13/20",0,NA,-53.7955,NA
"251","nw","KHT-XD3S",2019-08-05,NA,0,68.58,150,1976.782,NA,"10/13/20",0,NA,-81.42,NA
"252","nw","KHT-XD3S",2019-08-05,NA,0,68.58,150,1976.782,NA,"10/13/20",0,NA,-81.42,NA
"253","nw","LHT-1",2019-09-21,148,0,47.225,148,NA,NA,"10/13/20",0,NA,-100.775,-100.775
"254","nw","LHT-1",2019-09-21,148,0,47.225,148,NA,NA,"10/13/20",0,NA,-100.775,-100.775
"255","nw","EFR-XB2S",2019-07-06,NA,0,97.1,116.49,NA,NA,"10/13/20",0,NA,-19.39,NA
"256","nw","EFR-XB2S",2019-07-06,NA,0,97.1,116.49,NA,NA,"10/13/20",0,NA,-19.39,NA
"257","nw","KFF-XD6S",2018-08-10,NA,0,50.4666666666667,147.9,NA,NA,"10/13/20",0,NA,-97.4333333333333,NA
"258","nw","KFF-XD6S",2018-08-10,NA,0,50.4666666666667,147.9,NA,NA,"10/13/20",0,NA,-97.4333333333333,NA
"259","nw","KHT-XE6S",2018-10-01,NA,0,41.6233333333333,143.766666666667,1985.726,1986.149,"10/13/20",0,NA,-102.143333333333,NA
"260","nw","KHT-XE6S",2018-10-01,NA,0,41.6233333333333,143.766666666667,1985.726,1986.149,"10/13/20",0,NA,-102.143333333333,NA
"261","nw","KHT-XD6N",2018-07-27,NA,0,46.8783333333333,142.24666668,1977.10675,NA,"10/13/20",0,NA,-95.3683333466667,NA
"262","nw","KHT-XD6N",2018-07-27,NA,0,46.8783333333333,142.24666668,1977.10675,NA,"10/13/20",0,NA,-95.3683333466667,NA
"263","nw","EHT-XB5S",2018-08-10,NA,0,25.06525,153.345454545455,NA,NA,"10/13/20",0,NA,-128.280204545455,NA
"264","nw","EHT-XB5S",2018-08-10,NA,0,25.06525,153.345454545455,NA,NA,"10/13/20",0,NA,-128.280204545455,NA
"265","nw","KWT-1",2018-07-17,NA,0,55.6,136.7,1989.11,NA,"10/13/20",0,NA,-81.1,NA
"266","nw","KWT-1",2018-07-17,NA,0,55.6,136.7,1989.11,NA,"10/13/20",0,NA,-81.1,NA
"267","nw","KHT-XD3S",2019-07-26,NA,0,68.58,150,1976.782,NA,"10/13/20",0,NA,-81.42,NA
"268","nw","KHT-XD3S",2019-07-26,NA,0,68.58,150,1976.782,NA,"10/13/20",0,NA,-81.42,NA
"269","nw","EHF-XA3S",2018-09-29,NA,0,65.6558974366667,132.8,1930.9295,1931.584,"10/13/20",0,NA,-67.1441025633333,NA
"270","nw","EHF-XA3S",2018-09-29,NA,0,65.6558974366667,132.8,1930.9295,1931.584,"10/13/20",0,NA,-67.1441025633333,NA
"271","nw","KWT-1",2018-09-16,NA,0,55.6,136.7,1989.11,NA,"10/13/20",0,NA,-81.1,NA
"272","nw","KWT-1",2018-09-16,NA,0,55.6,136.7,1989.11,NA,"10/13/20",0,NA,-81.1,NA
"273","nw","KWT-1",2018-10-01,NA,0,55.6,136.7,1989.11,NA,"10/13/20",0,NA,-81.1,NA
"274","nw","KWT-1",2018-10-01,NA,0,55.6,136.7,1989.11,NA,"10/13/20",0,NA,-81.1,NA
"275","nw","EHT-XA5S",2019-09-21,NA,0,38.337545454,146.2095238,1934.4755,NA,"10/13/20",0,NA,-107.871978346,NA
"276","nw","EHT-XA5S",2019-09-21,NA,0,38.337545454,146.2095238,1934.4755,NA,"10/13/20",0,NA,-107.871978346,NA
"277","nw","KWT-1",2018-08-10,NA,0,55.6,136.7,1989.11,NA,"10/13/20",0,NA,-81.1,NA
"278","nw","KWT-1",2018-08-10,NA,0,55.6,136.7,1989.11,NA,"10/13/20",0,NA,-81.1,NA
"279","nw","KFF-XD6S",2019-08-20,NA,0,50.4666666666667,147.9,NA,NA,"10/13/20",0,NA,-97.4333333333333,NA
"280","nw","KFF-XD6S",2019-08-20,NA,0,50.4666666666667,147.9,NA,NA,"10/13/20",0,NA,-97.4333333333333,NA
"281","nw","KFF-XD6S",2018-10-01,NA,0,50.4666666666667,147.9,NA,NA,"10/13/20",0,NA,-97.4333333333333,NA
"282","nw","KFF-XD6S",2018-10-01,NA,0,50.4666666666667,147.9,NA,NA,"10/13/20",0,NA,-97.4333333333333,NA
"283","nw","KWT-1",2018-07-27,NA,0,55.6,136.7,1989.11,NA,"10/13/20",0,NA,-81.1,NA
"284","nw","KWT-1",2018-07-27,NA,0,55.6,136.7,1989.11,NA,"10/13/20",0,NA,-81.1,NA
"285","v.070919","EHR-XB1N",2019-07-26,131.1,1,74.65,155.166666666667,1931.9991,NA,"10/17/20",3.04,0.466535285,-59.49,-59.49
"286","v.070919","LET-1",2019-07-26,86.5666666666667,1,37.375,NA,NA,NA,"10/17/20",3.04,0.466535285,-52.2316666666667,-52.2316666666667
"287","v.070919","EEF-1",2019-07-26,105.4,1,59.383,154.333333333333,NA,NA,"10/17/20",3.04,0.466535285,-49.057,-49.057
"288","v.070919","LHT-1",2019-07-26,92.0666666666667,1,47.225,148,NA,NA,"10/17/20",3.04,0.466535285,-47.8816666666667,-47.8816666666667
"289","v.070919","KWT-1",2019-07-26,96.9333333333333,1,55.6,136.7,1989.11,NA,"10/17/20",3.04,0.466535285,-44.3733333333333,-44.3733333333333
"290","v.070919","KHF-1",2019-07-26,129.7,1,68.05,149.022222233333,NA,NA,"10/17/20",3.04,0.466535285,-64.69,-64.69
"291","v.070919","EET-1",2019-07-26,144,1,59.3896875,148.354545454545,NA,NA,"10/17/20",3.04,0.466535285,-87.6503125,-87.6503125
"292","v.070919","KHT-XE4S",2019-07-26,116.633333333333,1,76.68,142.125,1982.325,1983.104,"10/17/20",3.04,0.466535285,-42.9933333333333,-42.9933333333333
"293","v.070919","KHT-XE6S",2019-07-26,104.566666666667,1,41.6233333333333,143.766666666667,1985.726,1986.149,"10/17/20",3.04,0.466535285,-65.9833333333333,-65.9833333333333
"294","v.070919","KRH-XD1S",2019-07-26,117.25,1,73.25,147.066666666667,NA,NA,"10/17/20",3.04,0.466535285,-47.04,-47.04
"295","v.070919","EFF-XA1N",2019-07-26,141.7,1,NA,NA,1928.617,NA,"10/17/20",3.04,0.466535285,NA,NA
"296","v.070919","EHR-1",2019-07-26,105.866666666667,1,54.8286263742857,NA,NA,NA,"10/17/20",3.04,0.466535285,-54.0780402923809,-54.0780402923809
"297","v.070919","EHF-XA3S",2019-07-26,102.7,1,65.6558974366667,132.8,1930.9295,1931.584,"10/17/20",3.04,0.466535285,-40.0841025633333,-40.0841025633333
"298","v.070919","KER-1",2019-07-26,83.8333333333333,1,74.2,145.966666666667,1977.46433333333,NA,"10/17/20",3.04,0.466535285,-12.6733333333333,-12.6733333333333
"299","v.070919","EET-2",2019-07-26,123.1,1,NA,147.833333333333,1934.203,1934.669,"10/17/20",3.04,0.466535285,NA,NA
"300","v.070919","EFR-XB1S",2019-07-26,128.9,1,90.896,153.1,1931.7671,NA,"10/17/20",3.04,0.466535285,-41.044,-41.044
"301","v.070919","KET-1",2019-07-26,27.5,1,49.625,NA,1986.113,1986.603,"10/17/20",3.04,0.466535285,19.085,19.085
"302","v.070919","EWT-1",2019-07-26,147.5,1,56.973,150.36,1935.263,1935.791,"10/17/20",3.04,0.466535285,-93.567,-93.567
"303","v.070919","KWF-1",2019-07-26,102.3,1,69.5,153.45,NA,NA,"10/17/20",3.04,0.466535285,-35.84,-35.84
"304","v.070919","EFF-XB7S",2019-07-26,51.2,1,50.65,153.133333333333,NA,NA,"10/17/20",3.04,0.466535285,-3.59,-3.59
"305","v.070919","EWR-1",2019-07-26,105.1,1,90.4248,131.5,NA,NA,"10/17/20",3.04,0.466535285,-17.7152,-17.7152
"306","v.070919","EFF-XA2N",2019-07-26,67.2,1,44.5646666666667,NA,1928.717,1929.184,"10/17/20",3.04,0.466535285,-25.6753333333333,-25.6753333333333
"307","v.070919","KFF-XE8S",2019-07-26,138.866666666667,1,97.2154166666667,147.6,1989.893,NA,"10/17/20",3.04,0.466535285,-44.69125,-44.69125
"308","v.070919","KFR-XE2S",2019-07-26,62.4333333333333,1,60.6975,NA,1981.538,1982.229,"10/17/20",3.04,0.466535285,-4.77583333333333,-4.77583333333333
"309","v.070919","EWF-XA2S",2019-07-26,138.8,1,95.0645,148.86,1930.0815,1931.084,"10/17/20",3.04,0.466535285,-46.7755,-46.7755
"310","v.070919","KWR-1",2019-07-26,92.2333333333333,1,73.05,150.4,NA,NA,"10/17/20",3.04,0.466535285,-22.2233333333333,-22.2233333333333
"311","v.070919","EFR-XB3S",2019-07-26,138.633333333333,1,86.35,151.375,NA,NA,"10/17/20",3.04,0.466535285,-55.3233333333333,-55.3233333333333
"312","v.070919","EFR-XB3N",2019-07-26,80.0333333333333,1,49.9,154.9,1932.6121,NA,"10/17/20",3.04,0.466535285,-33.1733333333333,-33.1733333333333
"313","v.070919","LWT-1",2019-07-26,96.7,1,47.225,NA,NA,NA,"10/17/20",3.04,0.466535285,-52.515,-52.515
"314","v.070919","EHT-XA5S",2019-07-26,126.766666666667,1,38.337545454,146.2095238,1934.4755,NA,"10/17/20",3.04,0.466535285,-91.4691212126667,-91.4691212126667
"315","v.070919","KFF-XD6S",2019-07-26,129.6,1,50.4666666666667,147.9,NA,NA,"10/17/20",3.04,0.466535285,-82.1733333333333,-82.1733333333333
"316","v.070919","KEF-1",2019-07-26,55.5,1,50.8,154.8,NA,NA,"10/17/20",3.04,0.466535285,-7.74,-7.74
"317","v.070919","KHR-XD1N",2019-07-26,113.6,1,74.9,136.866666666667,1976.154,NA,"10/17/20",3.04,0.466535285,-41.74,-41.74
"318","v.070919","KER-XD5N",2019-07-26,57,1,35.825,NA,1976.42725,NA,"10/17/20",3.04,0.466535285,-24.215,-24.215
"319","v.070919","EER-1",2019-07-26,113.366666666667,1,78.3053133333333,154.7,NA,NA,"10/17/20",3.04,0.466535285,-38.1013533333333,-38.1013533333333
"320","v.070919","KHT-XE5S",2019-07-26,121.666666666667,1,56.9575,151.3,1984.3855,1984.973,"10/17/20",3.04,0.466535285,-67.7491666666667,-67.7491666666667
"321","v.070919","EWR-XB4N",2019-07-26,77.3666666666667,1,43.6,154.8,1932.6131,NA,"10/17/20",3.04,0.466535285,-36.8066666666667,-36.8066666666667
"322","v.070919","KFR-XE1S",2019-07-26,116.733333333333,1,63.65,150.8,1981.3795,1982.007,"10/17/20",3.04,0.466535285,-56.1233333333333,-56.1233333333333
"323","v.070919","EFR-XB2N",2019-07-26,55.8666666666667,1,34.25,156.166666666667,1932.4431,NA,"10/17/20",3.04,0.466535285,-24.6566666666667,-24.6566666666667
"324","v.070919","KHT-XD6N",2019-07-26,139.5,1,46.8783333333333,142.24666668,1977.10675,NA,"10/17/20",3.04,0.466535285,-95.6616666666667,-95.6616666666667
"325","v.070919","KWR-XE1N",2019-07-26,123.866666666667,1,90.1,NA,1981.129,NA,"10/17/20",3.04,0.466535285,-36.8066666666667,-36.8066666666667
"326","v1","EEF-1",2018-06-01,61.1716666666667,1,59.383,154.333333333333,NA,NA,"6/1/18",3.45875,NA,-5.24741666666666,-5.24741666666666
"327","v1","KHT-XE6S",2018-07-01,112.500833333333,1,41.6233333333333,143.766666666667,1985.726,1986.149,"6/1/18",3.45875,NA,-74.33625,-74.33625
"328","v1","EHR-1",2018-06-18,96.0966666666667,1,54.8286263742857,NA,NA,NA,"6/1/18",3.45875,NA,-44.7267902923809,-44.7267902923809
"329","v1","EHR-1",2018-06-30,110.913333333333,1,54.8286263742857,NA,NA,NA,"6/1/18",3.45875,NA,-59.5434569590476,-59.5434569590476
"330","v1","EWR-1",2018-06-30,105.7275,1,90.4248,131.5,NA,NA,"6/1/18",3.45875,NA,-18.76145,-18.76145
"331","v1","KHT-XE4S",2018-07-01,120.015,1,76.68,142.125,1982.325,1983.104,"6/1/18",3.45875,NA,-46.79375,-46.79375
"332","v1","EHR-1",2018-05-31,81.28,1,54.8286263742857,NA,NA,NA,"6/1/18",3.45875,NA,-29.9101236257143,-29.9101236257143
"333","v1","EHF-XA3S",2018-06-01,66.04,1,65.6558974366667,132.8,1930.9295,1931.584,"6/1/18",3.45875,NA,-3.84285256333334,-3.84285256333334
"334","v1","EHF-XA3S",2018-06-18,67.5216666666667,1,65.6558974366667,132.8,1930.9295,1931.584,"6/1/18",3.45875,NA,-5.32451923,-5.32451923
"335","v1","EEF-1",2018-06-18,57.5733333333333,1,59.383,154.333333333333,NA,NA,"6/1/18",3.45875,NA,-1.64908333333333,-1.64908333333333
"336","v1","EEF-1",2018-06-30,60.96,1,59.383,154.333333333333,NA,NA,"6/1/18",3.45875,NA,-5.03575,-5.03575
"337","v1","EWT-1",2018-06-18,128.5875,1,56.973,150.36,1935.263,1935.791,"6/1/18",3.45875,NA,-75.07325,-75.07325
"338","v1","EWT-1",2018-06-30,145.0975,1,56.973,150.36,1935.263,1935.791,"6/1/18",3.45875,NA,-91.58325,-91.58325
"339","v1","EHT-XA5S",2018-06-18,71.0141666666667,1,38.337545454,146.2095238,1934.4755,NA,"6/1/18",3.45875,NA,-36.1353712126667,-36.1353712126667
"340","v1","EWT-1",2018-06-01,89.5138333333333,1,56.973,150.36,1935.263,1935.791,"6/1/18",3.45875,NA,-35.9995833333333,-35.9995833333333
"341","v1","KHT-XD6N",2018-06-19,113.241666666667,1,46.8783333333333,142.24666668,1977.10675,NA,"6/1/18",3.45875,NA,-69.8220833333333,-69.8220833333333
"342","v1","EWR-1",2018-06-01,92.3925,1,90.4248,131.5,NA,NA,"6/1/18",3.45875,NA,-5.42644999999999,-5.42644999999999
"343","v1","KHT-XD6N",2018-07-01,140.229166666667,1,46.8783333333333,142.24666668,1977.10675,NA,"6/1/18",3.45875,NA,-96.8095833333334,-96.8095833333334
"344","v1","EWF-XA2S",2018-06-30,131.868333333333,1,95.0645,148.86,1930.0815,1931.084,"6/1/18",3.45875,NA,-40.2625833333333,-40.2625833333333
"345","v1","KWR-XE1N",2018-07-01,127,1,90.1,NA,1981.129,NA,"6/1/18",3.45875,NA,-40.35875,-40.35875
"346","v1","EER-1",2018-05-31,92.71,1,78.3053133333333,154.7,NA,NA,"6/1/18",3.45875,NA,-17.8634366666667,-17.8634366666667
"347","v1","EER-1",2018-06-18,104.775,1,78.3053133333333,154.7,NA,NA,"6/1/18",3.45875,NA,-29.9284366666667,-29.9284366666667
"348","v1","EER-1",2018-06-30,113.770833333333,1,78.3053133333333,154.7,NA,NA,"6/1/18",3.45875,NA,-38.92427,-38.92427
"349","v1","KFR-XE2S",2018-07-01,61.8066666666667,1,60.6975,NA,1981.538,1982.229,"6/1/18",3.45875,NA,-4.56791666666667,-4.56791666666667
"350","v1","KHT-XE5S",2018-06-01,61.7008333333333,1,56.9575,151.3,1984.3855,1984.973,"6/1/18",3.45875,NA,-8.20208333333333,-8.20208333333333
"351","v1","KHF-XD4S",2018-06-01,97.0491666666667,1,66.625,148.59,NA,NA,"6/1/18",3.45875,NA,-33.8829166666667,-33.8829166666667
"352","v1","EWR-1",2018-06-18,98.2133333333333,1,90.4248,131.5,NA,NA,"6/1/18",3.45875,NA,-11.2472833333333,-11.2472833333333
"353","v1","KHT-XD6N",2018-06-01,70.9083333333333,1,46.8783333333333,142.24666668,1977.10675,NA,"6/1/18",3.45875,NA,-27.48875,-27.48875
"354","v1","EHT-XB5S",2018-06-30,109.643333333333,1,25.06525,153.345454545455,NA,NA,"6/1/18",3.45875,NA,-88.0368333333333,-88.0368333333333
"355","v1","KWR-1",2018-07-01,93.8741666666667,1,73.05,150.4,NA,NA,"6/1/18",3.45875,NA,-24.2829166666667,-24.2829166666667
"356","v1","EFF-XA2N",2018-05-31,50.0591666666667,1,44.5646666666667,NA,1928.717,1929.184,"6/1/18",3.45875,NA,-8.95325,-8.95325
"357","v1","EFF-XA2N",2018-06-18,57.3616666666667,1,44.5646666666667,NA,1928.717,1929.184,"6/1/18",3.45875,NA,-16.25575,-16.25575
"358","v1","KER-1",2018-06-19,90.3816666666667,1,74.2,145.966666666667,1977.46433333333,NA,"6/1/18",3.45875,NA,-19.6404166666667,-19.6404166666667
"359","v1","KHR-XD2N",2018-06-19,110.913333333333,1,73.1825,NA,1976.3925,NA,"6/1/18",3.45875,NA,-41.1895833333333,-41.1895833333333
"360","v1","KHR-XD2N",2018-07-01,124.989166666667,1,73.1825,NA,1976.3925,NA,"6/1/18",3.45875,NA,-55.2654166666667,-55.2654166666667
"361","v1","EHT-XB5S",2018-06-01,38.9466666666667,1,25.06525,153.345454545455,NA,NA,"6/1/18",3.45875,NA,-17.3401666666667,-17.3401666666667
"362","v1","EHT-XB5S",2018-06-18,84.1375,1,25.06525,153.345454545455,NA,NA,"6/1/18",3.45875,NA,-62.531,-62.531
"363","v1","EET-1",2018-06-30,142.345833333333,1,59.3896875,148.354545454545,NA,NA,"6/1/18",3.45875,NA,-86.4148958333333,-86.4148958333333
"364","v1","KFF-XE8S",2018-06-01,91.9691666666667,1,97.2154166666667,147.6,1989.893,NA,"6/1/18",3.45875,NA,1.7875,1.7875
"365","v1","KHT-XE6S",2018-06-01,43.18,1,41.6233333333333,143.766666666667,1985.726,1986.149,"6/1/18",3.45875,NA,-5.01541666666667,-5.01541666666667
"366","v1","EET-1",2018-06-01,65.2991666666667,1,59.3896875,148.354545454545,NA,NA,"6/1/18",3.45875,NA,-9.36822916666666,-9.36822916666666
"367","v1","KHT-XD3S",2018-06-01,104.563333333333,1,68.58,150,1976.782,NA,"6/1/18",3.45875,NA,-39.4420833333333,-39.4420833333333
"368","v1","KFR-XE1S",2018-06-01,104.245833333333,1,63.65,150.8,1981.3795,1982.007,"6/1/18",3.45875,NA,-44.0545833333333,-44.0545833333333
"369","v1","KFR-XE2S",2018-06-19,63.0766666666667,1,60.6975,NA,1981.538,1982.229,"6/1/18",3.45875,NA,-5.83791666666667,-5.83791666666667
"370","v1","KHT-XE6S",2018-06-19,62.5475,1,41.6233333333333,143.766666666667,1985.726,1986.149,"6/1/18",3.45875,NA,-24.3829166666667,-24.3829166666667
"371","v1","EET-1",2018-06-18,104.669166666667,1,59.3896875,148.354545454545,NA,NA,"6/1/18",3.45875,NA,-48.7382291666667,-48.7382291666667
"372","v1","EFF-XA2N",2018-06-30,65.9341666666667,1,44.5646666666667,NA,1928.717,1929.184,"6/1/18",3.45875,NA,-24.82825,-24.82825
"373","v1","KFR-XE1S",2018-07-01,115.8875,1,63.65,150.8,1981.3795,1982.007,"6/1/18",3.45875,NA,-55.69625,-55.69625
"374","v1","EWF-XA2S",2018-06-01,102.235,1,95.0645,148.86,1930.0815,1931.084,"6/1/18",3.45875,NA,-10.62925,-10.62925
"375","v1","KFF-XD6S",2018-07-01,133.35,1,50.4666666666667,147.9,NA,NA,"6/1/18",3.45875,NA,-86.3420833333333,-86.3420833333333
"376","v1","EFR-XB1S",2018-06-01,122.343333333333,1,90.896,153.1,1931.7671,NA,"6/1/18",3.45875,NA,-34.9060833333333,-34.9060833333333
"377","v1","KHR-XD2N",2018-06-01,97.79,1,73.1825,NA,1976.3925,NA,"6/1/18",3.45875,NA,-28.06625,-28.06625
"378","v1","EHT-XA5S",2018-06-01,34.1841666666667,1,38.337545454,146.2095238,1934.4755,NA,"6/1/18",3.45875,NA,0.694628787333338,0.694628787333338
"379","v1","EFR-XB1S",2018-06-30,131.339166666667,1,90.896,153.1,1931.7671,NA,"6/1/18",3.45875,NA,-43.9019166666667,-43.9019166666667
"380","v1","KWT-1",2018-07-01,134.725833333333,1,55.6,136.7,1989.11,NA,"6/1/18",3.45875,NA,-82.5845833333333,-82.5845833333333
"381","v1","KFF-XE8S",2018-07-01,122.660833333333,1,97.2154166666667,147.6,1989.893,NA,"6/1/18",3.45875,NA,-28.9041666666667,-28.9041666666667
"382","v1","KEF-1",2018-07-01,55.0333333333333,1,50.8,154.8,NA,NA,"6/1/18",3.45875,NA,-7.69208333333333,-7.69208333333333
"383","v1","KHR-XE2N",2018-07-01,106.68,1,47.21,NA,NA,NA,"6/1/18",3.45875,NA,-62.92875,-62.92875
"384","v1","EHT-XA5S",2018-06-30,102.5525,1,38.337545454,146.2095238,1934.4755,NA,"6/1/18",3.45875,NA,-67.673704546,-67.673704546
"385","v1","KWT-1",2018-06-19,113.03,1,55.6,136.7,1989.11,NA,"6/1/18",3.45875,NA,-60.88875,-60.88875
"386","v1","EFR-XB1S",2018-06-18,128.058333333333,1,90.896,153.1,1931.7671,NA,"6/1/18",3.45875,NA,-40.6210833333333,-40.6210833333333
"387","v1","KHT-XE5S",2018-06-19,84.1375,1,56.9575,151.3,1984.3855,1984.973,"6/1/18",3.45875,NA,-30.63875,-30.63875
"388","v1","KFF-XE8S",2018-06-19,100.118333333333,1,97.2154166666667,147.6,1989.893,NA,"6/1/18",3.45875,NA,-6.36166666666666,-6.36166666666666
"389","v1","KFF-XD6S",2018-06-19,84.455,1,50.4666666666667,147.9,NA,NA,"6/1/18",3.45875,NA,-37.4470833333333,-37.4470833333333
"390","v1","EWF-XA2S",2018-06-18,111.76,1,95.0645,148.86,1930.0815,1931.084,"6/1/18",3.45875,NA,-20.15425,-20.15425
"391","v1","KHT-XE5S",2018-07-01,127.211666666667,1,56.9575,151.3,1984.3855,1984.973,"6/1/18",3.45875,NA,-73.7129166666667,-73.7129166666667
"392","v1","KHF-1",2018-07-01,128.799166666667,1,68.05,149.022222233333,NA,NA,"6/1/18",3.45875,NA,-64.2079166666667,-64.2079166666667
"393","v1","KFF-XD6S",2018-06-01,66.1458333333333,1,50.4666666666667,147.9,NA,NA,"6/1/18",3.45875,NA,-19.1379166666667,-19.1379166666667
"394","v1","KHR-XE2N",2018-06-19,104.245833333333,1,47.21,NA,NA,NA,"6/1/18",3.45875,NA,-60.4945833333333,-60.4945833333333
"395","v1","KWF-1",2018-07-01,121.179166666667,1,69.5,153.45,NA,NA,"6/1/18",3.45875,NA,-55.1379166666667,-55.1379166666667
"396","v1","KFR-XE2S",2018-06-01,60.6425,1,60.6975,NA,1981.538,1982.229,"6/1/18",3.45875,NA,-3.40375,-3.40375
"397","v1","KHR-XE2N",2018-06-01,98.9541666666667,1,47.21,NA,NA,NA,"6/1/18",3.45875,NA,-55.2029166666667,-55.2029166666667
"398","v1","KFR-XE1S",2018-06-19,112.924166666667,1,63.65,150.8,1981.3795,1982.007,"6/1/18",3.45875,NA,-52.7329166666667,-52.7329166666667
"399","v1","KER-1",2018-07-01,109.22,1,74.2,145.966666666667,1977.46433333333,NA,"6/1/18",3.45875,NA,-38.47875,-38.47875
"400","v1","EHF-XA3S",2018-06-30,83.6083333333333,1,65.6558974366667,132.8,1930.9295,1931.584,"6/1/18",3.45875,NA,-21.4111858966667,-21.4111858966667
"401","v2","KWR-XE1N",2018-07-17,129.8,1,90.1,NA,1981.129,NA,"7/15/18",4.595,0.211448638,-44.295,-44.295
"402","v2","KHR-XE2N",2018-07-17,108.9,1,47.21,NA,NA,NA,"7/15/18",4.595,0.211448638,-66.285,-66.285
"403","v2","EHF-XA3S",2018-07-25,140.233333333333,1,65.6558974366667,132.8,1930.9295,1931.584,"7/15/18",4.595,0.211448638,-79.1724358966667,-79.1724358966667
"404","v2","EHT-XB5S",2018-07-16,129.5,1,25.06525,153.345454545455,NA,NA,"7/15/18",4.595,0.211448638,-109.02975,-109.02975
"405","v2","EHT-XA5S",2018-07-16,140.433333333333,1,38.337545454,146.2095238,1934.4755,NA,"7/15/18",4.595,0.211448638,-106.690787879333,-106.690787879333
"406","v2","EEF-1",2018-07-25,79.9333333333333,1,59.383,154.333333333333,NA,NA,"7/15/18",4.595,0.211448638,-25.1453333333333,-25.1453333333333
"407","v2","KHF-1",2018-07-17,147.7,1,68.05,149.022222233333,NA,NA,"7/15/18",4.595,0.211448638,-84.245,-84.245
"408","v2","EWT-1",2018-07-25,148,1,56.973,150.36,1935.263,1935.791,"7/15/18",4.595,0.211448638,-95.622,-95.622
"409","v2","KFR-XE2S",2018-07-17,63.5,1,60.6975,NA,1981.538,1982.229,"7/15/18",4.595,0.211448638,-7.3975,-7.3975
"410","v2","EFR-XB2N",2018-07-16,57,1,34.25,156.166666666667,1932.4431,NA,"7/15/18",4.595,0.211448638,-27.345,-27.345
"411","v2","KFR-XE1S",2018-07-17,119.533333333333,1,63.65,150.8,1981.3795,1982.007,"7/15/18",4.595,0.211448638,-60.4783333333333,-60.4783333333333
"412","v2","KFR-XE1S",2018-07-27,120.5,1,63.65,150.8,1981.3795,1982.007,"7/15/18",4.595,0.211448638,-61.445,-61.445
"413","v2","KHR-XD2N",2018-07-17,129.6,1,73.1825,NA,1976.3925,NA,"7/15/18",4.595,0.211448638,-61.0125,-61.0125
"414","v2","KWR-XE1N",2018-07-27,131.266666666667,1,90.1,NA,1981.129,NA,"7/15/18",4.595,0.211448638,-45.7616666666667,-45.7616666666667
"415","v2","EWR-XB4N",2018-07-25,77.1,1,43.6,154.8,1932.6131,NA,"7/15/18",4.595,0.211448638,-38.095,-38.095
"416","v2","KHR-XD2N",2018-07-27,128.233333333333,1,73.1825,NA,1976.3925,NA,"7/15/18",4.595,0.211448638,-59.6458333333333,-59.6458333333333
"417","v2","KFR-XE2S",2018-07-27,64.4,1,60.6975,NA,1981.538,1982.229,"7/15/18",4.595,0.211448638,-8.29750000000001,-8.29750000000001
"418","v2","EFR-XB3N",2018-07-25,83.5666666666667,1,49.9,154.9,1932.6121,NA,"7/15/18",4.595,0.211448638,-38.2616666666667,-38.2616666666667
"419","v2","EWR-1",2018-07-25,108.333333333333,1,90.4248,131.5,NA,NA,"7/15/18",4.595,0.211448638,-22.5035333333333,-22.5035333333333
"420","v2","EHF-XA3S",2018-07-16,114.433333333333,1,65.6558974366667,132.8,1930.9295,1931.584,"7/15/18",4.595,0.211448638,-53.3724358966667,-53.3724358966667
"421","v2","EFR-XB1S",2018-07-25,131.933333333333,1,90.896,153.1,1931.7671,NA,"7/15/18",4.595,0.211448638,-45.6323333333333,-45.6323333333333
"422","v2","EER-1",2018-07-25,116.833333333333,1,78.3053133333333,154.7,NA,NA,"7/15/18",4.595,0.211448638,-43.12302,-43.12302
"423","v2","EHR-XB1N",2018-07-25,135.933333333333,1,74.65,155.166666666667,1931.9991,NA,"7/15/18",4.595,0.211448638,-65.8783333333333,-65.8783333333333
"424","v2","EWT-1",2018-07-16,147.833333333333,1,56.973,150.36,1935.263,1935.791,"7/15/18",4.595,0.211448638,-95.4553333333333,-95.4553333333333
"425","v2","KWF-1",2018-07-27,141.8,1,69.5,153.45,NA,NA,"7/15/18",4.595,0.211448638,-76.895,-76.895
"426","v2","EER-1",2018-07-16,117.7,1,78.3053133333333,154.7,NA,NA,"7/15/18",4.595,0.211448638,-43.9896866666667,-43.9896866666667
"427","v2","KWF-1",2018-07-17,140.633333333333,1,69.5,153.45,NA,NA,"7/15/18",4.595,0.211448638,-75.7283333333333,-75.7283333333333
"428","v2","KHR-XE2N",2018-07-27,109.266666666667,1,47.21,NA,NA,NA,"7/15/18",4.595,0.211448638,-66.6516666666667,-66.6516666666667
"429","v2","EWR-1",2018-07-16,106.833333333333,1,90.4248,131.5,NA,NA,"7/15/18",4.595,0.211448638,-21.0035333333333,-21.0035333333333
"430","v2","KHT-XE4S",2018-07-17,134.766666666667,1,76.68,142.125,1982.325,1983.104,"7/15/18",4.595,0.211448638,-62.6816666666667,-62.6816666666667
"431","v2","KHT-XE5S",2018-07-27,144.933333333333,1,56.9575,151.3,1984.3855,1984.973,"7/15/18",4.595,0.211448638,-92.5708333333333,-92.5708333333333
"432","v2","EFR-XB2N",2018-07-25,56.4,1,34.25,156.166666666667,1932.4431,NA,"7/15/18",4.595,0.211448638,-26.745,-26.745
"433","v2","KEF-1",2018-07-17,55.6333333333333,1,50.8,154.8,NA,NA,"7/15/18",4.595,0.211448638,-9.42833333333333,-9.42833333333333
"434","v2","EHT-XB4S",2018-07-16,138.5,1,102.3,146.5,NA,NA,"7/15/18",4.595,0.211448638,-40.795,-40.795
"435","v2","EHR-XB1N",2018-07-16,137.5,1,74.65,155.166666666667,1931.9991,NA,"7/15/18",4.595,0.211448638,-67.445,-67.445
"436","v2","KER-1",2018-07-17,136.3,1,74.2,145.966666666667,1977.46433333333,NA,"7/15/18",4.595,0.211448638,-66.695,-66.695
"437","v2","KER-1",2018-07-27,142.3,1,74.2,145.966666666667,1977.46433333333,NA,"7/15/18",4.595,0.211448638,-72.695,-72.695
"438","v2","EWR-XB4N",2018-07-16,76.6333333333333,1,43.6,154.8,1932.6131,NA,"7/15/18",4.595,0.211448638,-37.6283333333333,-37.6283333333333
"439","v2","EHT-XB5S",2018-07-25,144.4,1,25.06525,153.345454545455,NA,NA,"7/15/18",4.595,0.211448638,-123.92975,-123.92975
"440","v2","EET-1",2018-07-16,144.933333333333,1,59.3896875,148.354545454545,NA,NA,"7/15/18",4.595,0.211448638,-90.1386458333333,-90.1386458333333
"441","v2","EFF-XA2N",2018-07-16,71.2,1,44.5646666666667,NA,1928.717,1929.184,"7/15/18",4.595,0.211448638,-31.2303333333333,-31.2303333333333
"442","v2","EFR-XB1S",2018-07-16,133.433333333333,1,90.896,153.1,1931.7671,NA,"7/15/18",4.595,0.211448638,-47.1323333333333,-47.1323333333333
"443","v2","KWR-1",2018-07-27,102.4,1,73.05,150.4,NA,NA,"7/15/18",4.595,0.211448638,-33.945,-33.945
"444","v2","EHR-1",2018-07-16,118.133333333333,1,54.8286263742857,NA,NA,NA,"7/15/18",4.595,0.211448638,-67.8997069590476,-67.8997069590476
"445","v2","KHT-XE4S",2018-07-27,136.566666666667,1,76.68,142.125,1982.325,1983.104,"7/15/18",4.595,0.211448638,-64.4816666666667,-64.4816666666667
"446","v2","EFF-XA2N",2018-07-25,71.4666666666667,1,44.5646666666667,NA,1928.717,1929.184,"7/15/18",4.595,0.211448638,-31.497,-31.497
"447","v2","KEF-1",2018-07-27,54.3666666666667,1,50.8,154.8,NA,NA,"7/15/18",4.595,0.211448638,-8.16166666666667,-8.16166666666667
"448","v2","KHT-XE5S",2018-07-17,145.033333333333,1,56.9575,151.3,1984.3855,1984.973,"7/15/18",4.595,0.211448638,-92.6708333333333,-92.6708333333333
"449","v2","EEF-1",2018-07-16,72.5,1,59.383,154.333333333333,NA,NA,"7/15/18",4.595,0.211448638,-17.712,-17.712
"450","v2","KWR-1",2018-07-17,100.466666666667,1,73.05,150.4,NA,NA,"7/15/18",4.595,0.211448638,-32.0116666666667,-32.0116666666667
"451","v2","EWF-XA2S",2018-07-16,143.866666666667,1,95.0645,148.86,1930.0815,1931.084,"7/15/18",4.595,0.211448638,-53.3971666666667,-53.3971666666667
"452","v2","EFR-XB3N",2018-07-16,84.7,1,49.9,154.9,1932.6121,NA,"7/15/18",4.595,0.211448638,-39.395,-39.395
"453","v2","EHR-1",2018-07-25,117.8,1,54.8286263742857,NA,NA,NA,"7/15/18",4.595,0.211448638,-67.5663736257143,-67.5663736257143
"454","v3","EHR-1",2018-08-24,117.866666666667,1,54.8286263742857,NA,NA,NA,"8/24/18",3.6,0.322748612,-66.6380402923809,-66.6380402923809
"455","v3","KWR-1",2018-11-18,106.333333333333,1,73.05,150.4,NA,NA,"8/24/18",3.6,0.322748612,-36.8833333333333,-36.8833333333333
"456","v3","EHR-1",2018-11-18,93.1333333333333,1,54.8286263742857,NA,NA,NA,"8/24/18",3.6,0.322748612,-41.9047069590476,-41.9047069590476
"457","v3","KFR-XE1S",2018-11-18,117.5,1,63.65,150.8,1981.3795,1982.007,"8/24/18",3.6,0.322748612,-57.45,-57.45
"458","v3","EHT-XA5S",2018-11-18,57.7,1,38.337545454,146.2095238,1934.4755,NA,"8/24/18",3.6,0.322748612,-22.962454546,-22.962454546
"459","v3","EFR-XB1S",2018-11-18,132.833333333333,1,90.896,153.1,1931.7671,NA,"8/24/18",3.6,0.322748612,-45.5373333333333,-45.5373333333333
"460","v3","EWF-XA2S",2018-11-18,124.033333333333,1,95.0645,148.86,1930.0815,1931.084,"8/24/18",3.6,0.322748612,-32.5688333333333,-32.5688333333333
"461","v3","KHR-XE2N",2018-10-14,107.8,1,47.21,NA,NA,NA,"8/24/18",3.6,0.322748612,-64.19,-64.19
"462","v3","EFF-XA2N",2018-09-29,64.0666666666667,1,44.5646666666667,NA,1928.717,1929.184,"8/24/18",3.6,0.322748612,-23.102,-23.102
"463","v3","EFR-XB1S",2018-08-10,133.533333333333,1,90.896,153.1,1931.7671,NA,"8/24/18",3.6,0.322748612,-46.2373333333333,-46.2373333333333
"464","v3","EFR-XB1S",2018-09-16,134.533333333333,1,90.896,153.1,1931.7671,NA,"8/24/18",3.6,0.322748612,-47.2373333333333,-47.2373333333333
"465","v3","KEF-1",2018-09-16,56.7666666666667,1,50.8,154.8,NA,NA,"8/24/18",3.6,0.322748612,-9.56666666666667,-9.56666666666667
"466","v3","KER-1",2018-08-10,145,1,74.2,145.966666666667,1977.46433333333,NA,"8/24/18",3.6,0.322748612,-74.4,-74.4
"467","v3","KHT-XE4S",2018-08-25,141.2,1,76.68,142.125,1982.325,1983.104,"8/24/18",3.6,0.322748612,-68.12,-68.12
"468","v3","KEF-1",2018-08-25,52.4,1,50.8,154.8,NA,NA,"8/24/18",3.6,0.322748612,-5.2,-5.2
"469","v3","EFR-XB1S",2018-08-24,133.4,1,90.896,153.1,1931.7671,NA,"8/24/18",3.6,0.322748612,-46.104,-46.104
"470","v3","EHR-1",2018-09-29,109.2,1,54.8286263742857,NA,NA,NA,"8/24/18",3.6,0.322748612,-57.9713736257143,-57.9713736257143
"471","v3","EET-1",2018-11-18,127.9,1,59.3896875,148.354545454545,NA,NA,"8/24/18",3.6,0.322748612,-72.1103125,-72.1103125
"472","v3","EHR-1",2018-08-10,121.233333333333,1,54.8286263742857,NA,NA,NA,"8/24/18",3.6,0.322748612,-70.0047069590476,-70.0047069590476
"473","v3","KHT-XE4S",2018-09-16,138.5,1,76.68,142.125,1982.325,1983.104,"8/24/18",3.6,0.322748612,-65.42,-65.42
"474","v3","EET-1",2019-06-18,83.8666666666667,1,59.3896875,148.354545454545,NA,NA,"8/24/18",3.6,0.322748612,-28.0769791666667,-28.0769791666667
"475","v3","EFF-XA2N",2018-08-24,73.6333333333333,1,44.5646666666667,NA,1928.717,1929.184,"8/24/18",3.6,0.322748612,-32.6686666666667,-32.6686666666667
"476","v3","EFF-XA2N",2018-08-10,77.3333333333333,1,44.5646666666667,NA,1928.717,1929.184,"8/24/18",3.6,0.322748612,-36.3686666666667,-36.3686666666667
"477","v3","KHF-1",2018-11-18,94.5333333333333,1,68.05,149.022222233333,NA,NA,"8/24/18",3.6,0.322748612,-30.0833333333333,-30.0833333333333
"478","v3","EHR-1",2018-09-16,109.8,1,54.8286263742857,NA,NA,NA,"8/24/18",3.6,0.322748612,-58.5713736257143,-58.5713736257143
"479","v3","KHR-XE2N",2018-10-01,109.5,1,47.21,NA,NA,NA,"8/24/18",3.6,0.322748612,-65.89,-65.89
"480","v3","EWT-1",2018-11-18,102.366666666667,1,56.973,150.36,1935.263,1935.791,"8/24/18",3.6,0.322748612,-48.9936666666667,-48.9936666666667
"481","v3","KFF-XD6S",2018-11-18,65.1666666666667,1,50.4666666666667,147.9,NA,NA,"8/24/18",3.6,0.322748612,-18.3,-18.3
"482","v3","KHR-XE2N",2018-09-16,109.366666666667,1,47.21,NA,NA,NA,"8/24/18",3.6,0.322748612,-65.7566666666667,-65.7566666666667
"483","v3","KWR-1",2018-09-16,105.8,1,73.05,150.4,NA,NA,"8/24/18",3.6,0.322748612,-36.35,-36.35
"484","v3","EFF-XA2N",2018-09-16,71.5666666666667,1,44.5646666666667,NA,1928.717,1929.184,"8/24/18",3.6,0.322748612,-30.602,-30.602
"485","v3","EER-1",2018-09-29,107.866666666667,1,78.3053133333333,154.7,NA,NA,"8/24/18",3.6,0.322748612,-33.1613533333333,-33.1613533333333
"486","v3","KFR-XE2S",2018-11-18,66.5666666666667,1,60.6975,NA,1981.538,1982.229,"8/24/18",3.6,0.322748612,-9.46916666666666,-9.46916666666666
"487","v3","KWF-1",2018-08-10,146.5,1,69.5,153.45,NA,NA,"8/24/18",3.6,0.322748612,-80.6,-80.6
"488","v3","KWR-1",2018-10-01,102.166666666667,1,73.05,150.4,NA,NA,"8/24/18",3.6,0.322748612,-32.7166666666667,-32.7166666666667
"489","v3","EWF-XA2S",2019-06-18,109,1,95.0645,148.86,1930.0815,1931.084,"8/24/18",3.6,0.322748612,-17.5355,-17.5355
"490","v3","KFF-XE8S",2018-11-18,121.5,1,97.2154166666667,147.6,1989.893,NA,"8/24/18",3.6,0.322748612,-27.8845833333333,-27.8845833333333
"491","v3","EEF-1",2018-11-18,56.4,1,59.383,154.333333333333,NA,NA,"8/24/18",3.6,0.322748612,-0.616999999999996,-0.616999999999996
"492","v3","KWF-1",2018-11-18,94.8666666666667,1,69.5,153.45,NA,NA,"8/24/18",3.6,0.322748612,-28.9666666666667,-28.9666666666667
"493","v3","EEF-1",2018-09-29,57,1,59.383,154.333333333333,NA,NA,"8/24/18",3.6,0.322748612,-1.217,-1.217
"494","v3","KHT-XE4S",2018-10-01,137.8,1,76.68,142.125,1982.325,1983.104,"8/24/18",3.6,0.322748612,-64.72,-64.72
"495","v3","KHR-XD2N",2018-08-10,129.166666666667,1,73.1825,NA,1976.3925,NA,"8/24/18",3.6,0.322748612,-59.5841666666667,-59.5841666666667
"496","v3","EWR-1",2018-09-29,107,1,90.4248,131.5,NA,NA,"8/24/18",3.6,0.322748612,-20.1752,-20.1752
"497","v3","KEF-1",2018-10-01,53.3666666666667,1,50.8,154.8,NA,NA,"8/24/18",3.6,0.322748612,-6.16666666666667,-6.16666666666667
"498","v3","KHR-XE2N",2018-08-25,110.1,1,47.21,NA,NA,NA,"8/24/18",3.6,0.322748612,-66.49,-66.49
"499","v3","KHR-XD2N",2018-10-01,125.3,1,73.1825,NA,1976.3925,NA,"8/24/18",3.6,0.322748612,-55.7175,-55.7175
"500","v3","EHT-XA5S",2019-06-18,35.9666666666667,1,38.337545454,146.2095238,1934.4755,NA,"8/24/18",3.6,0.322748612,-1.22912121266667,-1.22912121266667
"501","v3","EEF-1",2018-09-16,58.7,1,59.383,154.333333333333,NA,NA,"8/24/18",3.6,0.322748612,-2.917,-2.917
"502","v3","EWR-1",2018-09-16,109.433333333333,1,90.4248,131.5,NA,NA,"8/24/18",3.6,0.322748612,-22.6085333333333,-22.6085333333333
"503","v3","KFR-XE1S",2018-10-01,125.066666666667,1,63.65,150.8,1981.3795,1982.007,"8/24/18",3.6,0.322748612,-65.0166666666667,-65.0166666666667
"504","v3","KHT-XE5S",2018-11-18,101.233333333333,1,56.9575,151.3,1984.3855,1984.973,"8/24/18",3.6,0.322748612,-47.8758333333333,-47.8758333333333
"505","v3","EEF-1",2018-08-24,58.2,1,59.383,154.333333333333,NA,NA,"8/24/18",3.6,0.322748612,-2.417,-2.417
"506","v3","KHF-1",2018-10-14,119.566666666667,1,68.05,149.022222233333,NA,NA,"8/24/18",3.6,0.322748612,-55.1166666666667,-55.1166666666667
"507","v3","KHT-XE5S",2018-10-01,140.2,1,56.9575,151.3,1984.3855,1984.973,"8/24/18",3.6,0.322748612,-86.8425,-86.8425
"508","v3","EER-1",2018-09-16,111.333333333333,1,78.3053133333333,154.7,NA,NA,"8/24/18",3.6,0.322748612,-36.62802,-36.62802
"509","v3","EER-1",2018-11-18,100.433333333333,1,78.3053133333333,154.7,NA,NA,"8/24/18",3.6,0.322748612,-25.72802,-25.72802
"510","v3","EHF-XA3S",2019-06-18,66.8,1,65.6558974366667,132.8,1930.9295,1931.584,"8/24/18",3.6,0.322748612,-4.74410256333333,-4.74410256333333
"511","v3","KFR-XE2S",2018-10-14,67,1,60.6975,NA,1981.538,1982.229,"8/24/18",3.6,0.322748612,-9.9025,-9.9025
"512","v3","KWF-1",2018-09-16,145.233333333333,1,69.5,153.45,NA,NA,"8/24/18",3.6,0.322748612,-79.3333333333333,-79.3333333333333
"513","v3","KFR-XE2S",2018-10-01,66.5,1,60.6975,NA,1981.538,1982.229,"8/24/18",3.6,0.322748612,-9.4025,-9.4025
"514","v3","KHT-XE5S",2018-09-16,141.633333333333,1,56.9575,151.3,1984.3855,1984.973,"8/24/18",3.6,0.322748612,-88.2758333333333,-88.2758333333333
"515","v3","KHR-XD2N",2018-11-18,116.833333333333,1,73.1825,NA,1976.3925,NA,"8/24/18",3.6,0.322748612,-47.2508333333333,-47.2508333333333
"516","v3","EWR-1",2018-11-18,102.433333333333,1,90.4248,131.5,NA,NA,"8/24/18",3.6,0.322748612,-15.6085333333333,-15.6085333333333
"517","v3","KHF-1",2018-09-16,141.833333333333,1,68.05,149.022222233333,NA,NA,"8/24/18",3.6,0.322748612,-77.3833333333333,-77.3833333333333
"518","v3","KHF-1",2018-10-01,133.833333333333,1,68.05,149.022222233333,NA,NA,"8/24/18",3.6,0.322748612,-69.3833333333333,-69.3833333333333
"519","v3","EHT-XB5S",2018-11-18,63.5666666666667,1,25.06525,153.345454545455,NA,NA,"8/24/18",3.6,0.322748612,-42.1014166666667,-42.1014166666667
"520","v3","KFR-XE1S",2018-08-25,121.5,1,63.65,150.8,1981.3795,1982.007,"8/24/18",3.6,0.322748612,-61.45,-61.45
"521","v3","KWR-XE1N",2018-08-10,131.933333333333,1,90.1,NA,1981.129,NA,"8/24/18",3.6,0.322748612,-45.4333333333333,-45.4333333333333
"522","v3","KEF-1",2018-08-10,52.1666666666667,1,50.8,154.8,NA,NA,"8/24/18",3.6,0.322748612,-4.96666666666667,-4.96666666666667
"523","v3","KHR-XE2N",2018-08-10,109.266666666667,1,47.21,NA,NA,NA,"8/24/18",3.6,0.322748612,-65.6566666666667,-65.6566666666667
"524","v3","KHT-XE4S",2018-11-18,99.1666666666667,1,76.68,142.125,1982.325,1983.104,"8/24/18",3.6,0.322748612,-26.0866666666667,-26.0866666666667
"525","v3","KHR-XD2N",2018-09-16,127.166666666667,1,73.1825,NA,1976.3925,NA,"8/24/18",3.6,0.322748612,-57.5841666666667,-57.5841666666667
"526","v3","KHT-XE5S",2018-08-10,144.466666666667,1,56.9575,151.3,1984.3855,1984.973,"8/24/18",3.6,0.322748612,-91.1091666666667,-91.1091666666667
"527","v3","EEF-1",2018-08-10,63.4666666666667,1,59.383,154.333333333333,NA,NA,"8/24/18",3.6,0.322748612,-7.68366666666667,-7.68366666666667
"528","v3","KWF-1",2018-10-01,133.5,1,69.5,153.45,NA,NA,"8/24/18",3.6,0.322748612,-67.6,-67.6
"529","v3","KFR-XE1S",2018-09-16,121.433333333333,1,63.65,150.8,1981.3795,1982.007,"8/24/18",3.6,0.322748612,-61.3833333333333,-61.3833333333333
"530","v3","KHT-XE5S",2018-10-14,136.033333333333,1,56.9575,151.3,1984.3855,1984.973,"8/24/18",3.6,0.322748612,-82.6758333333333,-82.6758333333333
"531","v3","KWR-1",2018-08-10,102.233333333333,1,73.05,150.4,NA,NA,"8/24/18",3.6,0.322748612,-32.7833333333333,-32.7833333333333
"532","v3","KFR-XE2S",2018-08-10,64.1,1,60.6975,NA,1981.538,1982.229,"8/24/18",3.6,0.322748612,-7.0025,-7.0025
"533","v3","KWF-1",2018-10-14,100.966666666667,1,69.5,153.45,NA,NA,"8/24/18",3.6,0.322748612,-35.0666666666667,-35.0666666666667
"534","v3","KHT-XE4S",2018-08-10,136.175,1,76.68,142.125,1982.325,1983.104,"8/24/18",3.6,0.322748612,-63.095,-63.095
"535","v3","KHT-XE4S",2018-10-14,114.8,1,76.68,142.125,1982.325,1983.104,"8/24/18",3.6,0.322748612,-41.72,-41.72
"536","v3","KHR-XD2N",2018-08-25,130.466666666667,1,73.1825,NA,1976.3925,NA,"8/24/18",3.6,0.322748612,-60.8841666666667,-60.8841666666667
"537","v3","EER-1",2018-08-24,116.533333333333,1,78.3053133333333,154.7,NA,NA,"8/24/18",3.6,0.322748612,-41.82802,-41.82802
"538","v3","EER-1",2018-08-10,118,1,78.3053133333333,154.7,NA,NA,"8/24/18",3.6,0.322748612,-43.2946866666667,-43.2946866666667
"539","v3","KFR-XE2S",2018-09-16,67.1333333333333,1,60.6975,NA,1981.538,1982.229,"8/24/18",3.6,0.322748612,-10.0358333333333,-10.0358333333333
"540","v3","KHT-XE5S",2018-08-25,146.566666666667,1,56.9575,151.3,1984.3855,1984.973,"8/24/18",3.6,0.322748612,-93.2091666666666,-93.2091666666666
"541","v3","KWR-XE1N",2018-10-01,135.4,1,90.1,NA,1981.129,NA,"8/24/18",3.6,0.322748612,-48.9,-48.9
"542","v3","EWR-1",2018-08-24,110.5,1,90.4248,131.5,NA,NA,"8/24/18",3.6,0.322748612,-23.6752,-23.6752
"543","v3","KEF-1",2018-10-14,53.1666666666667,1,50.8,154.8,NA,NA,"8/24/18",3.6,0.322748612,-5.96666666666667,-5.96666666666667
"544","v3","KWR-XE1N",2018-11-18,133.633333333333,1,90.1,NA,1981.129,NA,"8/24/18",3.6,0.322748612,-47.1333333333333,-47.1333333333333
"545","v3","KWF-1",2018-08-25,149.266666666667,1,69.5,153.45,NA,NA,"8/24/18",3.6,0.322748612,-83.3666666666666,-83.3666666666666
"546","v3","EFF-XA2N",2018-11-18,49,1,44.5646666666667,NA,1928.717,1929.184,"8/24/18",3.6,0.322748612,-8.03533333333333,-8.03533333333333
"547","v3","KFR-XE1S",2018-10-14,118.866666666667,1,63.65,150.8,1981.3795,1982.007,"8/24/18",3.6,0.322748612,-58.8166666666667,-58.8166666666667
"548","v3","KWR-1",2018-08-25,103.966666666667,1,73.05,150.4,NA,NA,"8/24/18",3.6,0.322748612,-34.5166666666667,-34.5166666666667
"549","v3","KHR-XD2N",2018-10-14,123.533333333333,1,73.1825,NA,1976.3925,NA,"8/24/18",3.6,0.322748612,-53.9508333333333,-53.9508333333333
"550","v3","KFR-XE2S",2018-08-25,66,1,60.6975,NA,1981.538,1982.229,"8/24/18",3.6,0.322748612,-8.9025,-8.9025
"551","v3","KFR-XE1S",2018-08-10,120.433333333333,1,63.65,150.8,1981.3795,1982.007,"8/24/18",3.6,0.322748612,-60.3833333333333,-60.3833333333333
"552","v3","KWR-XE1N",2018-08-25,133.7,1,90.1,NA,1981.129,NA,"8/24/18",3.6,0.322748612,-47.2,-47.2
"553","v3","KWR-XE1N",2018-10-14,135.133333333333,1,90.1,NA,1981.129,NA,"8/24/18",3.6,0.322748612,-48.6333333333333,-48.6333333333333
"554","v3","EHF-XA3S",2018-11-18,78.4333333333333,1,65.6558974366667,132.8,1930.9295,1931.584,"8/24/18",3.6,0.322748612,-16.3774358966667,-16.3774358966667
"555","v3","EET-1",2018-08-10,145.333333333333,1,59.3896875,148.354545454545,NA,NA,"8/24/18",3.6,0.322748612,-89.5436458333333,-89.5436458333333
"556","v3","EWT-1",2018-08-10,148.466666666667,1,56.973,150.36,1935.263,1935.791,"8/24/18",3.6,0.322748612,-95.0936666666667,-95.0936666666667
"557","v3","EWR-1",2018-08-10,111.833333333333,1,90.4248,131.5,NA,NA,"8/24/18",3.6,0.322748612,-25.0085333333333,-25.0085333333333
"558","v3","EFR-XB1S",2018-09-29,134.3,1,90.896,153.1,1931.7671,NA,"8/24/18",3.6,0.322748612,-47.004,-47.004
"559","v3","KWR-XE1N",2018-09-16,134.6,1,90.1,NA,1981.129,NA,"8/24/18",3.6,0.322748612,-48.1,-48.1
"560","v4","KHT-XE6S",2019-06-17,38.4,1,41.6233333333333,143.766666666667,1985.726,1986.149,"6/18/19",3.45875,NA,-0.235416666666664,-0.235416666666664
"561","v4","KWR-XE1N",2019-06-17,82,1,90.1,NA,1981.129,NA,"6/18/19",3.45875,NA,4.64124999999999,4.64124999999999
"562","v4","KHT-XE4S",2019-06-17,71.2,1,76.68,142.125,1982.325,1983.104,"6/18/19",3.45875,NA,2.02124999999999,2.02124999999999
"563","v4","KHF-1",2019-06-17,48,1,68.05,149.022222233333,NA,NA,"6/18/19",3.45875,NA,16.59125,16.59125
"564","v4","KFF-XD6S",2019-06-17,54.3333333333333,1,50.4666666666667,147.9,NA,NA,"6/18/19",3.45875,NA,-7.32541666666667,-7.32541666666667
"565","v4","KWT-1",2019-06-17,54.3,1,55.6,136.7,1989.11,NA,"6/18/19",3.45875,NA,-2.15875,-2.15875
"566","v4","EFF-XA1N",2019-06-18,117.166666666667,1,NA,NA,1928.617,NA,"6/18/19",3.45875,NA,NA,NA
"567","v4","EFF-XA2N",2019-06-18,46.3333333333333,1,44.5646666666667,NA,1928.717,1929.184,"6/18/19",3.45875,NA,-5.22741666666667,-5.22741666666667
"568","v4","KHT-XE5S",2019-06-17,56.5666666666667,1,56.9575,151.3,1984.3855,1984.973,"6/18/19",3.45875,NA,-3.06791666666667,-3.06791666666667
"569","v4","KER-XD5N",2019-06-17,31.2333333333333,1,35.825,NA,1976.42725,NA,"6/18/19",3.45875,NA,1.13291666666667,1.13291666666667
"570","v4","KFR-XE1S",2019-06-17,79,1,63.65,150.8,1981.3795,1982.007,"6/18/19",3.45875,NA,-18.80875,-18.80875
"571","v4","EER-1",2019-06-18,89.4666666666667,1,78.3053133333333,154.7,NA,NA,"6/18/19",3.45875,NA,-14.6201033333333,-14.6201033333333
"572","v4","EHF-XA3S",2019-06-18,66,1,65.6558974366667,132.8,1930.9295,1931.584,"6/18/19",3.45875,NA,-3.80285256333334,-3.80285256333334
"573","v4","KFR-XE2S",2019-06-17,55.3333333333333,1,60.6975,NA,1981.538,1982.229,"6/18/19",3.45875,NA,1.90541666666666,1.90541666666666
"574","v4","KHF-XD4S",2019-06-17,78.3333333333333,1,66.625,148.59,NA,NA,"6/18/19",3.45875,NA,-15.1670833333333,-15.1670833333333
"575","v4","KWF-1",2019-06-17,65.6666666666667,1,69.5,153.45,NA,NA,"6/18/19",3.45875,NA,0.374583333333328,0.374583333333328
"576","v4","KFF-XE8S",2019-06-17,95.5666666666667,1,97.2154166666667,147.6,1989.893,NA,"6/18/19",3.45875,NA,-1.80999999999999,-1.80999999999999
"577","v4","KER-1",2019-06-17,72.2,1,74.2,145.966666666667,1977.46433333333,NA,"6/18/19",3.45875,NA,-1.45875,-1.45875
"578","v4","EHR-1",2019-06-18,60.5333333333333,1,54.8286263742857,NA,NA,NA,"6/18/19",3.45875,NA,-9.16345695904761,-9.16345695904761
"579","v4","KHT-XD3S",2019-06-17,85.1,1,68.58,150,1976.782,NA,"6/18/19",3.45875,NA,-19.97875,-19.97875
"580","v4","KEF-1",2019-06-17,55,1,50.8,154.8,NA,NA,"6/18/19",3.45875,NA,-7.65875,-7.65875
"581","v4","KHT-XD6N",2019-06-17,51.8333333333333,1,46.8783333333333,142.24666668,1977.10675,NA,"6/18/19",3.45875,NA,-8.41375000000001,-8.41375000000001
"582","v5","KWT-1",2019-07-05,57.7333333333333,1,55.6,136.7,1989.11,NA,"7/6/19",3.45875,NA,-5.59208333333333,-5.59208333333333
"583","v5","LET-1",2019-07-07,64.5666666666667,1,37.375,NA,NA,NA,"7/6/19",3.45875,NA,-30.6504166666667,-30.6504166666667
"584","v5","EHR-1",2019-07-06,88.1333333333333,1,54.8286263742857,NA,NA,NA,"7/6/19",3.45875,NA,-36.7634569590476,-36.7634569590476
"585","v5","KFF-XD6S",2019-07-05,70.2333333333333,1,50.4666666666667,147.9,NA,NA,"7/6/19",3.45875,NA,-23.2254166666667,-23.2254166666667
"586","v5","KHT-XE6S",2019-07-05,43.1666666666667,1,41.6233333333333,143.766666666667,1985.726,1986.149,"7/6/19",3.45875,NA,-5.00208333333333,-5.00208333333333
"587","v5","EFF-XA2N",2019-07-06,58.6666666666667,1,44.5646666666667,NA,1928.717,1929.184,"7/6/19",3.45875,NA,-17.56075,-17.56075
"588","v5","EWF-XA2S",2019-07-06,113.233333333333,1,95.0645,148.86,1930.0815,1931.084,"7/6/19",3.45875,NA,-21.6275833333333,-21.6275833333333
"589","v5","EHT-XB4S",2019-07-06,125.433333333333,1,102.3,146.5,NA,NA,"7/6/19",3.45875,NA,-26.5920833333333,-26.5920833333333
"590","v5","KHT-XE5S",2019-07-05,70.6333333333333,1,56.9575,151.3,1984.3855,1984.973,"7/6/19",3.45875,NA,-17.1345833333333,-17.1345833333333
"591","v5","KER-1",2019-07-05,81.2333333333333,1,74.2,145.966666666667,1977.46433333333,NA,"7/6/19",3.45875,NA,-10.4920833333333,-10.4920833333333
"592","v5","KHF-XD4S",2019-07-05,139,1,66.625,148.59,NA,NA,"7/6/19",3.45875,NA,-75.83375,-75.83375
"593","v5","KHT-XE4S",2019-07-05,75.9,1,76.68,142.125,1982.325,1983.104,"7/6/19",3.45875,NA,-2.67875,-2.67875
"594","v5","EHR-XB1N",2019-07-06,122.7,1,74.65,155.166666666667,1931.9991,NA,"7/6/19",3.45875,NA,-51.50875,-51.50875
"595","v5","KHF-1",2019-07-05,83.2,1,68.05,149.022222233333,NA,NA,"7/6/19",3.45875,NA,-18.60875,-18.60875
"596","v5","EFR-XB1S",2019-07-06,123.166666666667,1,90.896,153.1,1931.7671,NA,"7/6/19",3.45875,NA,-35.7294166666667,-35.7294166666667
"597","v5","EHF-XA3S",2019-07-06,69.1,1,65.6558974366667,132.8,1930.9295,1931.584,"7/6/19",3.45875,NA,-6.90285256333333,-6.90285256333333
"598","v5","LWT-1",2019-07-07,73.4333333333333,1,47.225,NA,NA,NA,"7/6/19",3.45875,NA,-29.6670833333333,-29.6670833333333
"599","v5","EFR-XB2N",2019-07-06,48.2,1,34.25,156.166666666667,1932.4431,NA,"7/6/19",3.45875,NA,-17.40875,-17.40875
"600","v5","KHR-XD1N",2019-07-05,101.666666666667,1,74.9,136.866666666667,1976.154,NA,"7/6/19",3.45875,NA,-30.2254166666667,-30.2254166666667
"601","v5","LHT-1",2019-07-07,82.1333333333333,1,47.225,148,NA,NA,"7/6/19",3.45875,NA,-38.3670833333333,-38.3670833333333
"602","v5","KWR-1",2019-07-05,75.1666666666667,1,73.05,150.4,NA,NA,"7/6/19",3.45875,NA,-5.57541666666667,-5.57541666666667
"603","v5","KFR-XE1S",2019-07-05,106.766666666667,1,63.65,150.8,1981.3795,1982.007,"7/6/19",3.45875,NA,-46.5754166666667,-46.5754166666667
"604","v5","KRH-XD1S",2019-07-05,105.266666666667,1,73.25,147.066666666667,NA,NA,"7/6/19",3.45875,NA,-35.4754166666667,-35.4754166666667
"605","v5","EEF-1",2019-07-06,74.4333333333333,1,59.383,154.333333333333,NA,NA,"7/6/19",3.45875,NA,-18.5090833333333,-18.5090833333333
"606","v5","EFR-XB3N",2019-07-06,75.2,1,49.9,154.9,1932.6121,NA,"7/6/19",3.45875,NA,-28.75875,-28.75875
"607","v5","KHT-XD3S",2019-07-05,129.666666666667,1,68.58,150,1976.782,NA,"7/6/19",3.45875,NA,-64.5454166666667,-64.5454166666667
"608","v5","EWT-1",2019-07-06,130.575,1,56.973,150.36,1935.263,1935.791,"7/6/19",3.45875,NA,-77.06075,-77.06075
"609","v5","EHT-XA5S",2019-07-06,90.3,1,38.337545454,146.2095238,1934.4755,NA,"7/6/19",3.45875,NA,-55.421204546,-55.421204546
"610","v5","EET-2",2019-07-06,92.5333333333333,1,NA,147.833333333333,1934.203,1934.669,"7/6/19",3.45875,NA,NA,NA
"611","v5","KFR-XE2S",2019-07-05,61.2333333333333,1,60.6975,NA,1981.538,1982.229,"7/6/19",3.45875,NA,-3.99458333333334,-3.99458333333334
"612","v5","EFR-XB3S",2019-07-06,134.05,1,86.35,151.375,NA,NA,"7/6/19",3.45875,NA,-51.15875,-51.15875
"613","v5","KFF-XE8S",2019-07-05,109.9,1,97.2154166666667,147.6,1989.893,NA,"7/6/19",3.45875,NA,-16.1433333333333,-16.1433333333333
"614","v5","EER-1",2019-07-06,108.475,1,78.3053133333333,154.7,NA,NA,"7/6/19",3.45875,NA,-33.6284366666667,-33.6284366666667
"615","v5","EFF-XA1N",2019-07-06,139.9,1,NA,NA,1928.617,NA,"7/6/19",3.45875,NA,NA,NA
"616","v5","KER-XD5N",2019-07-05,39.8,1,35.825,NA,1976.42725,NA,"7/6/19",3.45875,NA,-7.43374999999999,-7.43374999999999
"617","v5","EWR-XB4N",2019-07-06,67.2333333333333,1,43.6,154.8,1932.6131,NA,"7/6/19",3.45875,NA,-27.0920833333333,-27.0920833333333
"618","v5","KEF-1",2019-07-05,50.3,1,50.8,154.8,NA,NA,"7/6/19",3.45875,NA,-2.95875000000001,-2.95875000000001
"619","v5","KHT-XD6N",2019-07-05,100.333333333333,1,46.8783333333333,142.24666668,1977.10675,NA,"7/6/19",3.45875,NA,-56.91375,-56.91375
"620","v5","EFF-XB7S",2019-07-06,52.1666666666667,1,50.65,153.133333333333,NA,NA,"7/6/19",3.45875,NA,-4.97541666666667,-4.97541666666667
"621","v5","KWR-XE1N",2019-07-05,107.966666666667,1,90.1,NA,1981.129,NA,"7/6/19",3.45875,NA,-21.3254166666667,-21.3254166666667
"622","v5","EWR-1",2019-07-06,85.5,1,90.4248,131.5,NA,NA,"7/6/19",3.45875,NA,1.46605,1.46605
"623","v5","KWF-1",2019-07-05,91.3333333333333,1,69.5,153.45,NA,NA,"7/6/19",3.45875,NA,-25.2920833333333,-25.2920833333333
"624","v6","KFR-XE1S",2019-08-20,123.166666666667,1,63.65,150.8,1981.3795,1982.007,"9/2/19",2.99,0.555443284,-62.5066666666667,-62.5066666666667
"625","v6","EEF-1",2019-08-20,95.8666666666667,1,59.383,154.333333333333,NA,NA,"9/2/19",2.99,0.555443284,-39.4736666666667,-39.4736666666667
"626","v6","EET-2",2019-09-03,145.5,1,NA,147.833333333333,1934.203,1934.669,"9/2/19",2.99,0.555443284,NA,NA
"627","v6","EEF-1",2019-09-21,58.1,1,59.383,154.333333333333,NA,NA,"9/2/19",2.99,0.555443284,-1.707,-1.707
"628","v6","KWR-XE1N",2019-09-21,131.333333333333,1,90.1,NA,1981.129,NA,"9/2/19",2.99,0.555443284,-44.2233333333334,-44.2233333333334
"629","v6","EET-1",2019-10-20,140.433333333333,1,59.3896875,148.354545454545,NA,NA,"9/2/19",2.99,0.555443284,-84.0336458333333,-84.0336458333333
"630","v6","EFR-XB1S",2019-10-20,133.5,1,90.896,153.1,1931.7671,NA,"9/2/19",2.99,0.555443284,-45.594,-45.594
"631","v6","EET-2",2019-10-20,103.8,1,NA,147.833333333333,1934.203,1934.669,"9/2/19",2.99,0.555443284,NA,NA
"632","v6","KHF-1",2019-10-05,108.6,1,68.05,149.022222233333,NA,NA,"9/2/19",2.99,0.555443284,-43.54,-43.54
"633","v6","EFF-XB7S",2019-10-20,51.1,1,50.65,153.133333333333,NA,NA,"9/2/19",2.99,0.555443284,-3.44,-3.44
"634","v6","KET-1",2019-09-02,39.2333333333333,1,49.625,NA,1986.113,1986.603,"9/2/19",2.99,0.555443284,7.40166666666667,7.40166666666667
"635","v6","EWR-1",2019-09-03,108.9,1,90.4248,131.5,NA,NA,"9/2/19",2.99,0.555443284,-21.4652,-21.4652
"636","v6","KER-1",2019-08-20,95.9,1,74.2,145.966666666667,1977.46433333333,NA,"9/2/19",2.99,0.555443284,-24.69,-24.69
"637","v6","KFR-XE1S",2019-09-21,120.733333333333,1,63.65,150.8,1981.3795,1982.007,"9/2/19",2.99,0.555443284,-60.0733333333333,-60.0733333333333
"638","v6","EEF-1",2019-09-03,76.4,1,59.383,154.333333333333,NA,NA,"9/2/19",2.99,0.555443284,-20.007,-20.007
"639","v6","EHF-XA3S",2019-09-21,85.1333333333333,1,65.6558974366667,132.8,1930.9295,1931.584,"9/2/19",2.99,0.555443284,-22.4674358966667,-22.4674358966667
"640","v6","KHT-XE4S",2019-09-21,115.433333333333,1,76.68,142.125,1982.325,1983.104,"9/2/19",2.99,0.555443284,-41.7433333333333,-41.7433333333333
"641","v6","KHT-XE4S",2019-10-20,104.5,1,76.68,142.125,1982.325,1983.104,"9/2/19",2.99,0.555443284,-30.81,-30.81
"642","v6","EHF-XA3S",2019-10-05,81.2,1,65.6558974366667,132.8,1930.9295,1931.584,"9/2/19",2.99,0.555443284,-18.5341025633333,-18.5341025633333
"643","v6","KRH-XD1S",2019-10-20,119.7,1,73.25,147.066666666667,NA,NA,"9/2/19",2.99,0.555443284,-49.44,-49.44
"644","v6","KHT-XE4S",2019-10-05,108.066666666667,1,76.68,142.125,1982.325,1983.104,"9/2/19",2.99,0.555443284,-34.3766666666667,-34.3766666666667
"645","v6","KWR-XE1N",2019-10-20,132.466666666667,1,90.1,NA,1981.129,NA,"9/2/19",2.99,0.555443284,-45.3566666666667,-45.3566666666667
"646","v6","EHR-1",2019-08-20,114.633333333333,1,54.8286263742857,NA,NA,NA,"9/2/19",2.99,0.555443284,-62.7947069590476,-62.7947069590476
"647","v6","EFF-XB7S",2019-10-05,51.1,1,50.65,153.133333333333,NA,NA,"9/2/19",2.99,0.555443284,-3.44,-3.44
"648","v6","EEF-1",2019-10-20,61.4,1,59.383,154.333333333333,NA,NA,"9/2/19",2.99,0.555443284,-5.007,-5.007
"649","v6","KET-1",2019-10-20,43.1333333333333,1,49.625,NA,1986.113,1986.603,"9/2/19",2.99,0.555443284,3.50166666666667,3.50166666666667
"650","v6","KWT-1",2019-09-02,129.966666666667,1,55.6,136.7,1989.11,NA,"9/2/19",2.99,0.555443284,-77.3566666666667,-77.3566666666667
"651","v6","KHF-1",2019-10-20,101.333333333333,1,68.05,149.022222233333,NA,NA,"9/2/19",2.99,0.555443284,-36.2733333333333,-36.2733333333333
"652","v6","KER-1",2019-09-02,113.7,1,74.2,145.966666666667,1977.46433333333,NA,"9/2/19",2.99,0.555443284,-42.49,-42.49
"653","v6","KEF-1",2019-09-02,57.2666666666667,1,50.8,154.8,NA,NA,"9/2/19",2.99,0.555443284,-9.45666666666667,-9.45666666666667
"654","v6","LET-1",2019-09-21,96.4,1,37.375,NA,NA,NA,"9/2/19",2.99,0.555443284,-62.015,-62.015
"655","v6","KWR-XE1N",2019-09-02,131.9,1,90.1,NA,1981.129,NA,"9/2/19",2.99,0.555443284,-44.79,-44.79
"656","v6","EER-1",2019-10-05,99.2333333333333,1,78.3053133333333,154.7,NA,NA,"9/2/19",2.99,0.555443284,-23.91802,-23.91802
"657","v6","KFR-XE2S",2019-09-02,65.6666666666667,1,60.6975,NA,1981.538,1982.229,"9/2/19",2.99,0.555443284,-7.95916666666667,-7.95916666666667
"658","v6","KFR-XE2S",2019-10-05,65.5333333333333,1,60.6975,NA,1981.538,1982.229,"9/2/19",2.99,0.555443284,-7.82583333333333,-7.82583333333333
"659","v6","KFR-XE2S",2019-10-20,65.5333333333333,1,60.6975,NA,1981.538,1982.229,"9/2/19",2.99,0.555443284,-7.82583333333333,-7.82583333333333
"660","v6","LWT-1",2019-10-19,91.4666666666667,1,47.225,NA,NA,NA,"9/2/19",2.99,0.555443284,-47.2316666666667,-47.2316666666667
"661","v6","KWT-1",2019-10-20,61.7333333333333,1,55.6,136.7,1989.11,NA,"9/2/19",2.99,0.555443284,-9.12333333333333,-9.12333333333333
"662","v6","KET-1",2019-08-20,35.8,1,49.625,NA,1986.113,1986.603,"9/2/19",2.99,0.555443284,10.835,10.835
"663","v6","EWT-1",2019-10-20,107.466666666667,1,56.973,150.36,1935.263,1935.791,"9/2/19",2.99,0.555443284,-53.4836666666667,-53.4836666666667
"664","v6","EFF-XB7S",2019-08-20,53.2666666666667,1,50.65,153.133333333333,NA,NA,"9/2/19",2.99,0.555443284,-5.60666666666667,-5.60666666666667
"665","v6","KWR-1",2019-09-02,100.3,1,73.05,150.4,NA,NA,"9/2/19",2.99,0.555443284,-30.24,-30.24
"666","v6","KFR-XE1S",2019-10-05,118.333333333333,1,63.65,150.8,1981.3795,1982.007,"9/2/19",2.99,0.555443284,-57.6733333333333,-57.6733333333333
"667","v6","KFR-XE1S",2019-10-20,118.1,1,63.65,150.8,1981.3795,1982.007,"9/2/19",2.99,0.555443284,-57.44,-57.44
"668","v6","KER-1",2019-10-20,88.3666666666667,1,74.2,145.966666666667,1977.46433333333,NA,"9/2/19",2.99,0.555443284,-17.1566666666667,-17.1566666666667
"669","v6","EWF-XA2S",2019-10-05,136.366666666667,1,95.0645,148.86,1930.0815,1931.084,"9/2/19",2.99,0.555443284,-44.2921666666667,-44.2921666666667
"670","v6","LET-1",2019-10-19,75.7333333333333,1,37.375,NA,NA,NA,"9/2/19",2.99,0.555443284,-41.3483333333333,-41.3483333333333
"671","v6","EWF-XA2S",2019-10-21,126.5,1,95.0645,148.86,1930.0815,1931.084,"9/2/19",2.99,0.555443284,-34.4255,-34.4255
"672","v6","EHF-XA3S",2019-10-20,76.0666666666667,1,65.6558974366667,132.8,1930.9295,1931.584,"9/2/19",2.99,0.555443284,-13.40076923,-13.40076923
"673","v6","EFF-XA1N",2019-09-21,124.5,1,NA,NA,1928.617,NA,"9/2/19",2.99,0.555443284,NA,NA
"674","v6","EFF-XB7S",2019-09-21,50.9333333333333,1,50.65,153.133333333333,NA,NA,"9/2/19",2.99,0.555443284,-3.27333333333333,-3.27333333333333
"675","v6","EFF-XA1N",2019-10-05,52.4,1,NA,NA,1928.617,NA,"9/2/19",2.99,0.555443284,NA,NA
"676","v6","EFF-XA2N",2019-09-21,56.0333333333333,1,44.5646666666667,NA,1928.717,1929.184,"9/2/19",2.99,0.555443284,-14.4586666666667,-14.4586666666667
"677","v6","EWR-1",2019-10-20,101,1,90.4248,131.5,NA,NA,"9/2/19",2.99,0.555443284,-13.5652,-13.5652
"678","v6","EEF-1",2019-10-05,59.6333333333333,1,59.383,154.333333333333,NA,NA,"9/2/19",2.99,0.555443284,-3.24033333333333,-3.24033333333333
"679","v6","EFR-XB3N",2019-10-20,68.4666666666667,1,49.9,154.9,1932.6121,NA,"9/2/19",2.99,0.555443284,-21.5566666666667,-21.5566666666667
"680","v6","EFF-XA2N",2019-08-20,70.5333333333333,1,44.5646666666667,NA,1928.717,1929.184,"9/2/19",2.99,0.555443284,-28.9586666666667,-28.9586666666667
"681","v6","KER-1",2019-09-21,97.2666666666667,1,74.2,145.966666666667,1977.46433333333,NA,"9/2/19",2.99,0.555443284,-26.0566666666667,-26.0566666666667
"682","v6","KWR-1",2019-10-20,100.2,1,73.05,150.4,NA,NA,"9/2/19",2.99,0.555443284,-30.14,-30.14
"683","v6","KWR-XE1N",2019-08-20,130.666666666667,1,90.1,NA,1981.129,NA,"9/2/19",2.99,0.555443284,-43.5566666666667,-43.5566666666667
"684","v6","KFR-XE2S",2019-08-20,65.9333333333333,1,60.6975,NA,1981.538,1982.229,"9/2/19",2.99,0.555443284,-8.22583333333334,-8.22583333333334
"685","v6","EER-1",2019-10-20,97.7333333333333,1,78.3053133333333,154.7,NA,NA,"9/2/19",2.99,0.555443284,-22.41802,-22.41802
"686","v6","EWR-1",2019-08-20,109,1,90.4248,131.5,NA,NA,"9/2/19",2.99,0.555443284,-21.5652,-21.5652
"687","v6","KWF-1",2019-09-02,140.1,1,69.5,153.45,NA,NA,"9/2/19",2.99,0.555443284,-73.59,-73.59
"688","v6","KHT-XE5S",2019-10-20,124.1,1,56.9575,151.3,1984.3855,1984.973,"9/2/19",2.99,0.555443284,-70.1325,-70.1325
"689","v6","EWR-XB4N",2019-10-20,66.2,1,43.6,154.8,1932.6131,NA,"9/2/19",2.99,0.555443284,-25.59,-25.59
"690","v6","EHT-XA5S",2019-10-20,78.2,1,38.337545454,146.2095238,1934.4755,NA,"9/2/19",2.99,0.555443284,-42.852454546,-42.852454546
"691","v6","LHT-1",2019-10-05,85.5166666666667,1,47.225,148,NA,NA,"9/2/19",2.99,0.555443284,-41.2816666666667,-41.2816666666667
"692","v6","KFR-XE1S",2019-09-02,123.7,1,63.65,150.8,1981.3795,1982.007,"9/2/19",2.99,0.555443284,-63.04,-63.04
"693","v6","KWR-1",2019-09-21,99.5666666666667,1,73.05,150.4,NA,NA,"9/2/19",2.99,0.555443284,-29.5066666666667,-29.5066666666667
"694","v6","EFR-XB3N",2019-09-03,81.1,1,49.9,154.9,1932.6121,NA,"9/2/19",2.99,0.555443284,-34.19,-34.19
"695","v6","KHR-XD1N",2019-09-02,118.933333333333,1,74.9,136.866666666667,1976.154,NA,"9/2/19",2.99,0.555443284,-47.0233333333333,-47.0233333333333
"696","v6","LET-1",2019-10-05,83.9333333333333,1,37.375,NA,NA,NA,"9/2/19",2.99,0.555443284,-49.5483333333333,-49.5483333333333
"697","v6","KRH-XD1S",2019-09-02,121.6,1,73.25,147.066666666667,NA,NA,"9/2/19",2.99,0.555443284,-51.34,-51.34
"698","v6","EER-1",2019-08-20,114.733333333333,1,78.3053133333333,154.7,NA,NA,"9/2/19",2.99,0.555443284,-39.41802,-39.41802
"699","v6","LWT-1",2019-09-03,123.433333333333,1,47.225,NA,NA,NA,"9/2/19",2.99,0.555443284,-79.1983333333333,-79.1983333333333
"700","v6","KHT-XE5S",2019-09-02,144.866666666667,1,56.9575,151.3,1984.3855,1984.973,"9/2/19",2.99,0.555443284,-90.8991666666667,-90.8991666666667
"701","v6","EHR-XB1N",2019-10-20,118.533333333333,1,74.65,155.166666666667,1931.9991,NA,"9/2/19",2.99,0.555443284,-46.8733333333333,-46.8733333333333
"702","v6","LHT-1",2019-08-20,128.1,1,47.225,148,NA,NA,"9/2/19",2.99,0.555443284,-83.865,-83.865
"703","v6","EHR-1",2019-09-03,114.5,1,54.8286263742857,NA,NA,NA,"9/2/19",2.99,0.555443284,-62.6613736257143,-62.6613736257143
"704","v6","EHR-1",2019-09-21,102.166666666667,1,54.8286263742857,NA,NA,NA,"9/2/19",2.99,0.555443284,-50.328040292381,-50.328040292381
"705","v6","EFF-XA2N",2019-10-05,124.533333333333,1,44.5646666666667,NA,1928.717,1929.184,"9/2/19",2.99,0.555443284,-82.9586666666667,-82.9586666666667
"706","v6","EHR-1",2019-10-05,93.7333333333333,1,54.8286263742857,NA,NA,NA,"9/2/19",2.99,0.555443284,-41.8947069590476,-41.8947069590476
"707","v6","KWR-1",2019-10-05,99,1,73.05,150.4,NA,NA,"9/2/19",2.99,0.555443284,-28.94,-28.94
"708","v6","KHT-XE4S",2019-08-20,136.566666666667,1,76.68,142.125,1982.325,1983.104,"9/2/19",2.99,0.555443284,-62.8766666666667,-62.8766666666667
"709","v6","EER-1",2019-09-03,114.566666666667,1,78.3053133333333,154.7,NA,NA,"9/2/19",2.99,0.555443284,-39.2513533333333,-39.2513533333333
"710","v6","EER-1",2019-09-21,100.4,1,78.3053133333333,154.7,NA,NA,"9/2/19",2.99,0.555443284,-25.0846866666667,-25.0846866666667
"711","v6","KWF-1",2019-09-21,111.533333333333,1,69.5,153.45,NA,NA,"9/2/19",2.99,0.555443284,-45.0233333333333,-45.0233333333333
"712","v6","EFR-XB3S",2019-10-20,133.7,1,86.35,151.375,NA,NA,"9/2/19",2.99,0.555443284,-50.34,-50.34
"713","v6","EHT-XB4S",2019-10-20,124.1,1,102.3,146.5,NA,NA,"9/2/19",2.99,0.555443284,-24.79,-24.79
"714","v6","KWR-XE1N",2019-10-05,131.566666666667,1,90.1,NA,1981.129,NA,"9/2/19",2.99,0.555443284,-44.4566666666667,-44.4566666666667
"715","v6","EFF-XA1N",2019-10-20,120.666666666667,1,NA,NA,1928.617,NA,"9/2/19",2.99,0.555443284,NA,NA
"716","v6","KWT-1",2019-08-20,121.933333333333,1,55.6,136.7,1989.11,NA,"9/2/19",2.99,0.555443284,-69.3233333333333,-69.3233333333333
"717","v6","EFF-XA2N",2019-09-03,70.5666666666667,1,44.5646666666667,NA,1928.717,1929.184,"9/2/19",2.99,0.555443284,-28.992,-28.992
"718","v6","KWR-1",2019-08-20,98.6333333333333,1,73.05,150.4,NA,NA,"9/2/19",2.99,0.555443284,-28.5733333333333,-28.5733333333333
"719","v6","KHR-XD2N",2019-09-03,52.8,1,73.1825,NA,1976.3925,NA,"9/2/19",2.99,0.555443284,17.3925,17.3925
"720","v6","EHR-1",2019-10-20,91.7666666666667,1,54.8286263742857,NA,NA,NA,"9/2/19",2.99,0.555443284,-39.9280402923809,-39.9280402923809
"721","v6","LHT-1",2019-10-20,63.9666666666667,1,47.225,148,NA,NA,"9/2/19",2.99,0.555443284,-19.7316666666667,-19.7316666666667
"722","v6","KHT-XE4S",2019-09-02,135.7,1,76.68,142.125,1982.325,1983.104,"9/2/19",2.99,0.555443284,-62.01,-62.01
"723","v6","KFR-XE2S",2019-09-21,65.6333333333333,1,60.6975,NA,1981.538,1982.229,"9/2/19",2.99,0.555443284,-7.92583333333334,-7.92583333333334
"724","v6","EFF-XB7S",2019-09-03,52.7666666666667,1,50.65,153.133333333333,NA,NA,"9/2/19",2.99,0.555443284,-5.10666666666667,-5.10666666666667
"725","v6","EWR-XB4N",2019-09-03,76.8,1,43.6,154.8,1932.6131,NA,"9/2/19",2.99,0.555443284,-36.19,-36.19
"726","v6","KHR-XD2N",2019-09-04,52.6,1,73.1825,NA,1976.3925,NA,"9/2/19",2.99,0.555443284,17.5925,17.5925
"727","v6","KER-XD5N",2019-10-20,44.6666666666667,1,35.825,NA,1976.42725,NA,"9/2/19",2.99,0.555443284,-11.8316666666667,-11.8316666666667
"728","v6","KEF-1",2019-10-20,54.4333333333333,1,50.8,154.8,NA,NA,"9/2/19",2.99,0.555443284,-6.62333333333334,-6.62333333333334
"729","v6","EWR-1",2019-10-05,103.633333333333,1,90.4248,131.5,NA,NA,"9/2/19",2.99,0.555443284,-16.1985333333333,-16.1985333333333
"730","v6","LWT-1",2019-09-21,100.566666666667,1,47.225,NA,NA,NA,"9/2/19",2.99,0.555443284,-56.3316666666667,-56.3316666666667
"731","v6","EWT-1",2019-09-21,127.766666666667,1,56.973,150.36,1935.263,1935.791,"9/2/19",2.99,0.555443284,-73.7836666666667,-73.7836666666667
"732","v6","LET-1",2019-09-03,121.533333333333,1,37.375,NA,NA,NA,"9/2/19",2.99,0.555443284,-87.1483333333333,-87.1483333333333
"733","v6","KER-1",2019-10-05,90.3666666666667,1,74.2,145.966666666667,1977.46433333333,NA,"9/2/19",2.99,0.555443284,-19.1566666666667,-19.1566666666667
"734","v6","EFF-XA2N",2019-10-20,49.7,1,44.5646666666667,NA,1928.717,1929.184,"9/2/19",2.99,0.555443284,-8.12533333333334,-8.12533333333334
"735","v6","KHR-XD2N",2019-09-05,52.8,1,73.1825,NA,1976.3925,NA,"9/2/19",2.99,0.555443284,17.3925,17.3925
"736","v6","LWT-1",2019-08-20,118.066666666667,1,47.225,NA,NA,NA,"9/2/19",2.99,0.555443284,-73.8316666666667,-73.8316666666667
"737","v6","LHT-1",2019-09-03,132.5,1,47.225,148,NA,NA,"9/2/19",2.99,0.555443284,-88.265,-88.265
"738","v6","KWF-1",2019-08-20,136.933333333333,1,69.5,153.45,NA,NA,"9/2/19",2.99,0.555443284,-70.4233333333333,-70.4233333333333
"739","v6","EWT-1",2019-10-05,113.6,1,56.973,150.36,1935.263,1935.791,"9/2/19",2.99,0.555443284,-59.617,-59.617
"740","v6","KWF-1",2019-10-20,88.3,1,69.5,153.45,NA,NA,"9/2/19",2.99,0.555443284,-21.79,-21.79
"741","v6","KHR-XD1N",2019-10-20,118.5,1,74.9,136.866666666667,1976.154,NA,"9/2/19",2.99,0.555443284,-46.59,-46.59
"742","v6","EWR-1",2019-09-21,105.666666666667,1,90.4248,131.5,NA,NA,"9/2/19",2.99,0.555443284,-18.2318666666667,-18.2318666666667
"743","v6","KER-XD5N",2019-09-02,74.9333333333333,1,35.825,NA,1976.42725,NA,"9/2/19",2.99,0.555443284,-42.0983333333333,-42.0983333333333
"744","v6","LHT-1",2019-10-19,136.433333333333,1,47.225,148,NA,NA,"9/2/19",2.99,0.555443284,-92.1983333333333,-92.1983333333333
"745","v6","EFR-XB2N",2019-10-20,47.2,1,34.25,156.166666666667,1932.4431,NA,"9/2/19",2.99,0.555443284,-15.94,-15.94
"746","v6","LWT-1",2019-10-05,94.0333333333333,1,47.225,NA,NA,NA,"9/2/19",2.99,0.555443284,-49.7983333333333,-49.7983333333333
"747","v6","KWF-1",2019-10-05,94.7,1,69.5,153.45,NA,NA,"9/2/19",2.99,0.555443284,-28.19,-28.19
"748","v6","LET-1",2019-08-20,112.9,1,37.375,NA,NA,NA,"9/2/19",2.99,0.555443284,-78.515,-78.515
