,meter_id,well_id,timestamp,welltop_to_water,water_binary,welltop_to_ground,total_well_length,date,offset,std_dev,ground_to_water,diff
164,v1,EEF-1,6/1/18,61.17166667,1,59.383,154.3333333,6/1/18,3.45875,NA,-5.247416667,-5.247416667
163,v1,EEF-1,6/18/18,57.57333333,1,59.383,154.3333333,6/1/18,3.45875,NA,-1.649083333,-1.649083333
165,v1,EEF-1,6/30/18,60.96,1,59.383,154.3333333,6/1/18,3.45875,NA,-5.03575,-5.03575
254,v2,EEF-1,7/16/18,72.5,1,59.383,154.3333333,7/15/18,4.595,0.211448638,-17.712,-17.712
258,v2,EEF-1,7/25/18,79.93333333,1,59.383,154.3333333,7/15/18,4.595,0.211448638,-25.14533333,-25.14533333
368,v3,EEF-1,8/10/18,63.46666667,1,59.383,154.3333333,8/24/18,3.6,0.322748612,-7.683666667,-7.683666667
326,v3,EEF-1,8/24/18,58.2,1,59.383,154.3333333,8/24/18,3.6,0.322748612,-2.417,-2.417
331,v3,EEF-1,9/16/18,58.7,1,59.383,154.3333333,8/24/18,3.6,0.322748612,-2.917,-2.917
313,v3,EEF-1,9/29/18,57,1,59.383,154.3333333,8/24/18,3.6,0.322748612,-1.217,-1.217
359,v3,EEF-1,11/18/18,56.4,1,59.383,154.3333333,8/24/18,3.6,0.322748612,-0.617,-0.617
43,nm,EEF-1,6/18/19,61.03333333,1,59.383,154.3333333,10/8/20,0,NA,-1.650333333,-1.650333333
489,v5,EEF-1,7/6/19,74.43333333,1,59.383,154.3333333,7/6/19,3.45875,NA,-18.50908333,-18.50908333
127,v.070919,EEF-1,7/26/19,105.4,1,59.383,154.3333333,10/17/20,3.04,0.466535285,-49.057,-49.057
24,bamboo speaker wire,EEF-1,8/5/19,112.5333333,1,59.383,154.3333333,9/2/19,2.65,0.744983221,-55.80033333,-55.80033333
536,v6,EEF-1,8/20/19,95.86666667,1,59.383,154.3333333,9/2/19,2.99,0.555443284,-39.47366667,-39.47366667
585,v6,EEF-1,9/3/19,76.4,1,59.383,154.3333333,9/2/19,2.99,0.555443284,-20.007,-20.007
527,v6,EEF-1,9/21/19,58.1,1,59.383,154.3333333,9/2/19,2.99,0.555443284,-1.707,-1.707
505,v6,EEF-1,10/5/19,59.63333333,1,59.383,154.3333333,9/2/19,2.99,0.555443284,-3.240333333,-3.240333333
516,v6,EEF-1,10/20/19,61.4,1,59.383,154.3333333,9/2/19,2.99,0.555443284,-5.007,-5.007
167,v1,EER-1,5/31/18,92.71,1,78.30531333,NA,6/1/18,3.45875,NA,-17.86343667,-17.86343667
194,v1,EER-1,6/18/18,104.775,1,78.30531333,NA,6/1/18,3.45875,NA,-29.92843667,-29.92843667
200,v1,EER-1,6/30/18,113.7708333,1,78.30531333,NA,6/1/18,3.45875,NA,-38.92427,-38.92427
263,v2,EER-1,7/16/18,117.7,1,78.30531333,NA,7/15/18,4.595,0.211448638,-43.98968667,-43.98968667
242,v2,EER-1,7/25/18,116.8333333,1,78.30531333,NA,7/15/18,4.595,0.211448638,-43.12302,-43.12302
348,v3,EER-1,8/10/18,118,1,78.30531333,NA,8/24/18,3.6,0.322748612,-43.29468667,-43.29468667
321,v3,EER-1,8/24/18,116.5333333,1,78.30531333,NA,8/24/18,3.6,0.322748612,-41.82802,-41.82802
350,v3,EER-1,9/16/18,111.3333333,1,78.30531333,NA,8/24/18,3.6,0.322748612,-36.62802,-36.62802
352,v3,EER-1,9/29/18,107.8666667,1,78.30531333,NA,8/24/18,3.6,0.322748612,-33.16135333,-33.16135333
416,v3,EER-1,11/18/18,100.4333333,1,78.30531333,NA,8/24/18,3.6,0.322748612,-25.72802,-25.72802
49,nm,EER-1,6/2/19,81.06666667,1,78.30531333,NA,10/8/20,0,NA,-2.761353333,-2.761353333
454,v4,EER-1,6/18/19,89.46666667,1,78.30531333,NA,6/18/19,3.45875,NA,-14.62010333,-14.62010333
494,v5,EER-1,7/6/19,108.475,1,78.30531333,NA,7/6/19,3.45875,NA,-33.62843667,-33.62843667
161,v.070919,EER-1,7/26/19,113.3666667,1,78.30531333,NA,10/17/20,3.04,0.466535285,-38.10135333,-38.10135333
26,bamboo speaker wire,EER-1,8/5/19,114.5,1,78.30531333,NA,9/2/19,2.65,0.744983221,-38.84468667,-38.84468667
586,v6,EER-1,8/20/19,114.7333333,1,78.30531333,NA,9/2/19,2.99,0.555443284,-39.41802,-39.41802
559,v6,EER-1,9/3/19,114.5666667,1,78.30531333,NA,9/2/19,2.99,0.555443284,-39.25135333,-39.25135333
546,v6,EER-1,9/21/19,100.4,1,78.30531333,NA,9/2/19,2.99,0.555443284,-25.08468667,-25.08468667
538,v6,EER-1,10/5/19,99.23333333,1,78.30531333,NA,9/2/19,2.99,0.555443284,-23.91802,-23.91802
575,v6,EER-1,10/20/19,97.73333333,1,78.30531333,NA,9/2/19,2.99,0.555443284,-22.41802,-22.41802
203,v1,EET-1,6/1/18,65.29916667,1,59.3896875,148.07,6/1/18,3.45875,NA,-9.368229167,-9.368229167
202,v1,EET-1,6/18/18,104.6691667,1,59.3896875,148.07,6/1/18,3.45875,NA,-48.73822917,-48.73822917
192,v1,EET-1,6/30/18,142.3458333,1,59.3896875,148.07,6/1/18,3.45875,NA,-86.41489583,-86.41489583
268,v2,EET-1,7/16/18,144.9333333,1,59.3896875,148.07,7/15/18,4.595,0.211448638,-90.13864583,-90.13864583
281,v2,EET-1,7/25/18,NA,0,59.3896875,148.07,7/15/18,4.595,0.211448638,-88.6803125,NA
395,v3,EET-1,8/10/18,145.3333333,1,59.3896875,148.07,8/24/18,3.6,0.322748612,-89.54364583,-89.54364583
345,v3,EET-1,8/24/18,NA,0,59.3896875,148.07,8/24/18,3.6,0.322748612,-88.6803125,NA
85,nw,EET-1,9/16/18,NA,0,59.3896875,148.07,10/13/20,0,NA,-88.6803125,NA
102,nw,EET-1,9/29/18,NA,0,59.3896875,148.07,10/13/20,0,NA,-88.6803125,NA
399,v3,EET-1,11/18/18,127.9,1,59.3896875,148.07,8/24/18,3.6,0.322748612,-72.1103125,-72.1103125
65,nm,EET-1,6/2/19,57.5,1,59.3896875,148.07,10/8/20,0,NA,1.8896875,1.8896875
317,v3,EET-1,6/18/19,83.86666667,1,59.3896875,148.07,8/24/18,3.6,0.322748612,-28.07697917,-28.07697917
154,v.070919,EET-1,7/26/19,144,1,59.3896875,148.07,10/17/20,3.04,0.466535285,-87.6503125,-87.6503125
2,bamboo speaker wire,EET-1,8/5/19,144,1,59.3896875,148.07,9/2/19,2.65,0.744983221,-87.2603125,-87.2603125
508,v6,EET-1,8/20/19,NA,0,59.3896875,148.07,9/2/19,2.99,0.555443284,-88.6803125,NA
122,nw,EET-1,9/21/19,NA,0,59.3896875,148.07,10/13/20,0,NA,-88.6803125,NA
595,v6,EET-1,10/20/19,140.4333333,1,59.3896875,148.07,9/2/19,2.99,0.555443284,-84.03364583,-84.03364583
208,v1,EFF-XA2N,5/31/18,50.05916667,1,44.56466667,NA,6/1/18,3.45875,NA,-8.95325,-8.95325
184,v1,EFF-XA2N,6/18/18,57.36166667,1,44.56466667,NA,6/1/18,3.45875,NA,-16.25575,-16.25575
197,v1,EFF-XA2N,6/30/18,65.93416667,1,44.56466667,NA,6/1/18,3.45875,NA,-24.82825,-24.82825
302,v2,EFF-XA2N,7/16/18,71.2,1,44.56466667,NA,7/15/18,4.595,0.211448638,-31.23033333,-31.23033333
303,v2,EFF-XA2N,7/25/18,71.46666667,1,44.56466667,NA,7/15/18,4.595,0.211448638,-31.497,-31.497
320,v3,EFF-XA2N,8/10/18,77.33333333,1,44.56466667,NA,8/24/18,3.6,0.322748612,-36.36866667,-36.36866667
339,v3,EFF-XA2N,8/24/18,73.63333333,1,44.56466667,NA,8/24/18,3.6,0.322748612,-32.66866667,-32.66866667
312,v3,EFF-XA2N,9/16/18,71.56666667,1,44.56466667,NA,8/24/18,3.6,0.322748612,-30.602,-30.602
426,v3,EFF-XA2N,9/29/18,64.06666667,1,44.56466667,NA,8/24/18,3.6,0.322748612,-23.102,-23.102
337,v3,EFF-XA2N,11/18/18,49,1,44.56466667,NA,8/24/18,3.6,0.322748612,-8.035333333,-8.035333333
451,v4,EFF-XA2N,6/18/19,46.33333333,1,44.56466667,NA,6/18/19,3.45875,NA,-5.227416667,-5.227416667
460,v5,EFF-XA2N,7/6/19,58.66666667,1,44.56466667,NA,7/6/19,3.45875,NA,-17.56075,-17.56075
157,v.070919,EFF-XA2N,7/26/19,67.2,1,44.56466667,NA,10/17/20,3.04,0.466535285,-25.67533333,-25.67533333
14,bamboo speaker wire,EFF-XA2N,8/5/19,70.5,1,44.56466667,NA,9/2/19,2.65,0.744983221,-28.58533333,-28.58533333
530,v6,EFF-XA2N,8/20/19,70.53333333,1,44.56466667,NA,9/2/19,2.99,0.555443284,-28.95866667,-28.95866667
511,v6,EFF-XA2N,9/3/19,70.56666667,1,44.56466667,NA,9/2/19,2.99,0.555443284,-28.992,-28.992
608,v6,EFF-XA2N,9/21/19,56.03333333,1,44.56466667,NA,9/2/19,2.99,0.555443284,-14.45866667,-14.45866667
568,v6,EFF-XA2N,10/5/19,124.5333333,1,44.56466667,NA,9/2/19,2.99,0.555443284,-82.95866667,-82.95866667
569,v6,EFF-XA2N,10/20/19,49.7,1,44.56466667,NA,9/2/19,2.99,0.555443284,-8.125333333,-8.125333333
479,v5,EFF-XB7S,7/6/19,52.16666667,1,50.65,153.1333333,7/6/19,3.45875,NA,-4.975416667,-4.975416667
151,v.070919,EFF-XB7S,7/26/19,51.2,1,50.65,153.1333333,10/17/20,3.04,0.466535285,-3.59,-3.59
23,bamboo speaker wire,EFF-XB7S,8/5/19,53.5,1,50.65,153.1333333,9/2/19,2.65,0.744983221,-5.5,-5.5
606,v6,EFF-XB7S,8/20/19,53.26666667,1,50.65,153.1333333,9/2/19,2.99,0.555443284,-5.606666667,-5.606666667
604,v6,EFF-XB7S,9/3/19,52.76666667,1,50.65,153.1333333,9/2/19,2.99,0.555443284,-5.106666667,-5.106666667
590,v6,EFF-XB7S,9/21/19,50.93333333,1,50.65,153.1333333,9/2/19,2.99,0.555443284,-3.273333333,-3.273333333
525,v6,EFF-XB7S,10/5/19,51.1,1,50.65,153.1333333,9/2/19,2.99,0.555443284,-3.44,-3.44
517,v6,EFF-XB7S,10/20/19,51.1,1,50.65,153.1333333,9/2/19,2.99,0.555443284,-3.44,-3.44
214,v1,EFR-XB1S,6/1/18,122.3433333,1,90.896,153.1,6/1/18,3.45875,NA,-34.90608333,-34.90608333
175,v1,EFR-XB1S,6/18/18,128.0583333,1,90.896,153.1,6/1/18,3.45875,NA,-40.62108333,-40.62108333
216,v1,EFR-XB1S,6/30/18,131.3391667,1,90.896,153.1,6/1/18,3.45875,NA,-43.90191667,-43.90191667
245,v2,EFR-XB1S,7/16/18,133.4333333,1,90.896,153.1,7/15/18,4.595,0.211448638,-47.13233333,-47.13233333
251,v2,EFR-XB1S,7/25/18,131.9333333,1,90.896,153.1,7/15/18,4.595,0.211448638,-45.63233333,-45.63233333
325,v3,EFR-XB1S,8/10/18,133.5333333,1,90.896,153.1,8/24/18,3.6,0.322748612,-46.23733333,-46.23733333
423,v3,EFR-XB1S,8/24/18,133.4,1,90.896,153.1,8/24/18,3.6,0.322748612,-46.104,-46.104
420,v3,EFR-XB1S,9/16/18,134.5333333,1,90.896,153.1,8/24/18,3.6,0.322748612,-47.23733333,-47.23733333
360,v3,EFR-XB1S,9/29/18,134.3,1,90.896,153.1,8/24/18,3.6,0.322748612,-47.004,-47.004
327,v3,EFR-XB1S,11/18/18,132.8333333,1,90.896,153.1,8/24/18,3.6,0.322748612,-45.53733333,-45.53733333
487,v5,EFR-XB1S,7/6/19,123.1666667,1,90.896,153.1,7/6/19,3.45875,NA,-35.72941667,-35.72941667
144,v.070919,EFR-XB1S,7/26/19,128.9,1,90.896,153.1,10/17/20,3.04,0.466535285,-41.044,-41.044
500,v6,EFR-XB1S,10/20/19,133.5,1,90.896,153.1,9/2/19,2.99,0.555443284,-45.594,-45.594
274,v2,EFR-XB2N,7/16/18,57,1,34.25,156.1666667,7/15/18,4.595,0.211448638,-27.345,-27.345
253,v2,EFR-XB2N,7/25/18,56.4,1,34.25,156.1666667,7/15/18,4.595,0.211448638,-26.745,-26.745
469,v5,EFR-XB2N,7/6/19,48.2,1,34.25,156.1666667,7/6/19,3.45875,NA,-17.40875,-17.40875
145,v.070919,EFR-XB2N,7/26/19,55.86666667,1,34.25,156.1666667,10/17/20,3.04,0.466535285,-24.65666667,-24.65666667
528,v6,EFR-XB2N,10/20/19,47.2,1,34.25,156.1666667,9/2/19,2.99,0.555443284,-15.94,-15.94
296,v2,EFR-XB2S,7/16/18,NA,0,97.1,116.49,7/15/18,4.595,0.211448638,-19.39,NA
118,nw,EFR-XB2S,7/6/19,NA,0,97.1,116.49,10/13/20,0,NA,-19.39,NA
82,nw,EFR-XB2S,7/26/19,NA,0,97.1,116.49,10/13/20,0,NA,-19.39,NA
503,v6,EFR-XB2S,8/20/19,NA,0,97.1,116.49,9/2/19,2.99,0.555443284,-19.39,NA
96,nw,EFR-XB2S,10/20/19,NA,0,97.1,116.49,10/13/20,0,NA,-19.39,NA
260,v2,EFR-XB3N,7/16/18,84.7,1,49.9,154.9,7/15/18,4.595,0.211448638,-39.395,-39.395
305,v2,EFR-XB3N,7/25/18,83.56666667,1,49.9,154.9,7/15/18,4.595,0.211448638,-38.26166667,-38.26166667
480,v5,EFR-XB3N,7/6/19,75.2,1,49.9,154.9,7/6/19,3.45875,NA,-28.75875,-28.75875
135,v.070919,EFR-XB3N,7/26/19,80.03333333,1,49.9,154.9,10/17/20,3.04,0.466535285,-33.17333333,-33.17333333
570,v6,EFR-XB3N,9/3/19,81.1,1,49.9,154.9,9/2/19,2.99,0.555443284,-34.19,-34.19
501,v6,EFR-XB3N,10/20/19,68.46666667,1,49.9,154.9,9/2/19,2.99,0.555443284,-21.55666667,-21.55666667
244,v2,EFR-XB3S,7/16/18,NA,0,86.35,151.375,7/15/18,4.595,0.211448638,-65.025,NA
466,v5,EFR-XB3S,7/6/19,134.05,1,86.35,151.375,7/6/19,3.45875,NA,-51.15875,-51.15875
129,v.070919,EFR-XB3S,7/26/19,138.6333333,1,86.35,151.375,10/17/20,3.04,0.466535285,-55.32333333,-55.32333333
519,v6,EFR-XB3S,10/20/19,133.7,1,86.35,151.375,9/2/19,2.99,0.555443284,-50.34,-50.34
233,v1,EHF-XA3S,6/1/18,66.04,1,65.65589744,132.8,6/1/18,3.45875,NA,-3.842852563,-3.842852563
239,v1,EHF-XA3S,6/18/18,67.52166667,1,65.65589744,132.8,6/1/18,3.45875,NA,-5.32451923,-5.32451923
181,v1,EHF-XA3S,6/30/18,83.60833333,1,65.65589744,132.8,6/1/18,3.45875,NA,-21.4111859,-21.4111859
289,v2,EHF-XA3S,7/16/18,114.4333333,1,65.65589744,132.8,7/15/18,4.595,0.211448638,-53.3724359,-53.3724359
307,v2,EHF-XA3S,7/25/18,140.2333333,1,65.65589744,132.8,7/15/18,4.595,0.211448638,-79.1724359,-79.1724359
437,v3,EHF-XA3S,8/10/18,NA,0,65.65589744,132.8,8/24/18,3.6,0.322748612,-67.14410256,NA
435,v3,EHF-XA3S,8/24/18,NA,0,65.65589744,132.8,8/24/18,3.6,0.322748612,-67.14410256,NA
41,nm,EHF-XA3S,9/16/18,NA,0,65.65589744,132.8,10/8/20,0,NA,-67.14410256,NA
110,nw,EHF-XA3S,9/29/18,NA,0,65.65589744,132.8,10/13/20,0,NA,-67.14410256,NA
365,v3,EHF-XA3S,11/18/18,78.43333333,1,65.65589744,132.8,8/24/18,3.6,0.322748612,-16.3774359,-16.3774359
77,nm,EHF-XA3S,6/2/19,65.56666667,1,65.65589744,132.8,10/8/20,0,NA,0.08923077,0.08923077
396,v3,EHF-XA3S,6/18/19,66.8,1,65.65589744,132.8,8/24/18,3.6,0.322748612,-4.744102563,-4.744102563
445,v4,EHF-XA3S,6/18/19,66,1,65.65589744,132.8,6/18/19,3.45875,NA,-3.802852563,-3.802852563
474,v5,EHF-XA3S,7/6/19,69.1,1,65.65589744,132.8,7/6/19,3.45875,NA,-6.902852563,-6.902852563
147,v.070919,EHF-XA3S,7/26/19,102.7,1,65.65589744,132.8,10/17/20,3.04,0.466535285,-40.08410256,-40.08410256
18,bamboo speaker wire,EHF-XA3S,8/5/19,126.3666667,1,65.65589744,132.8,9/2/19,2.65,0.744983221,-63.36076923,-63.36076923
532,v6,EHF-XA3S,8/20/19,NA,0,65.65589744,132.8,9/2/19,2.99,0.555443284,-67.14410256,NA
548,v6,EHF-XA3S,9/21/19,85.13333333,1,65.65589744,132.8,9/2/19,2.99,0.555443284,-22.4674359,-22.4674359
589,v6,EHF-XA3S,10/5/19,81.2,1,65.65589744,132.8,9/2/19,2.99,0.555443284,-18.53410256,-18.53410256
522,v6,EHF-XA3S,10/20/19,76.06666667,1,65.65589744,132.8,9/2/19,2.99,0.555443284,-13.40076923,-13.40076923
183,v1,EHR-1,5/31/18,81.28,1,54.82862637,NA,6/1/18,3.45875,NA,-29.91012363,-29.91012363
219,v1,EHR-1,6/18/18,96.09666667,1,54.82862637,NA,6/1/18,3.45875,NA,-44.72679029,-44.72679029
210,v1,EHR-1,6/30/18,110.9133333,1,54.82862637,NA,6/1/18,3.45875,NA,-59.54345696,-59.54345696
255,v2,EHR-1,7/16/18,118.1333333,1,54.82862637,NA,7/15/18,4.595,0.211448638,-67.89970696,-67.89970696
285,v2,EHR-1,7/25/18,117.8,1,54.82862637,NA,7/15/18,4.595,0.211448638,-67.56637363,-67.56637363
311,v3,EHR-1,8/10/18,121.2333333,1,54.82862637,NA,8/24/18,3.6,0.322748612,-70.00470696,-70.00470696
342,v3,EHR-1,8/24/18,117.8666667,1,54.82862637,NA,8/24/18,3.6,0.322748612,-66.63804029,-66.63804029
318,v3,EHR-1,9/16/18,109.8,1,54.82862637,NA,8/24/18,3.6,0.322748612,-58.57137363,-58.57137363
372,v3,EHR-1,9/29/18,109.2,1,54.82862637,NA,8/24/18,3.6,0.322748612,-57.97137363,-57.97137363
386,v3,EHR-1,11/18/18,93.13333333,1,54.82862637,NA,8/24/18,3.6,0.322748612,-41.90470696,-41.90470696
58,nm,EHR-1,6/2/19,59.16666667,1,54.82862637,NA,10/8/20,0,NA,-4.338040292,-4.338040292
440,v4,EHR-1,6/18/19,60.53333333,1,54.82862637,NA,6/18/19,3.45875,NA,-9.163456959,-9.163456959
477,v5,EHR-1,7/6/19,88.13333333,1,54.82862637,NA,7/6/19,3.45875,NA,-36.76345696,-36.76345696
125,v.070919,EHR-1,7/26/19,105.8666667,1,54.82862637,NA,10/17/20,3.04,0.466535285,-54.07804029,-54.07804029
1,bamboo speaker wire,EHR-1,8/5/19,112.8333333,1,54.82862637,NA,9/2/19,2.65,0.744983221,-60.65470696,-60.65470696
607,v6,EHR-1,8/20/19,114.6333333,1,54.82862637,NA,9/2/19,2.99,0.555443284,-62.79470696,-62.79470696
628,v6,EHR-1,9/3/19,114.5,1,54.82862637,NA,9/2/19,2.99,0.555443284,-62.66137363,-62.66137363
526,v6,EHR-1,9/21/19,102.1666667,1,54.82862637,NA,9/2/19,2.99,0.555443284,-50.32804029,-50.32804029
609,v6,EHR-1,10/5/19,93.73333333,1,54.82862637,NA,9/2/19,2.99,0.555443284,-41.89470696,-41.89470696
529,v6,EHR-1,10/20/19,91.76666667,1,54.82862637,NA,9/2/19,2.99,0.555443284,-39.92804029,-39.92804029
241,v2,EHR-XB1N,7/16/18,137.5,1,74.65,155.1666667,7/15/18,4.595,0.211448638,-67.445,-67.445
309,v2,EHR-XB1N,7/25/18,135.9333333,1,74.65,155.1666667,7/15/18,4.595,0.211448638,-65.87833333,-65.87833333
464,v5,EHR-XB1N,7/6/19,122.7,1,74.65,155.1666667,7/6/19,3.45875,NA,-51.50875,-51.50875
133,v.070919,EHR-XB1N,7/26/19,131.1,1,74.65,155.1666667,10/17/20,3.04,0.466535285,-59.49,-59.49
565,v6,EHR-XB1N,10/20/19,118.5333333,1,74.65,155.1666667,9/2/19,2.99,0.555443284,-46.87333333,-46.87333333
220,v1,EHT-XA5S,6/1/18,34.18416667,1,38.33754545,145.2777778,6/1/18,3.45875,NA,0.694628787,0.694628787
204,v1,EHT-XA5S,6/18/18,71.01416667,1,38.33754545,145.2777778,6/1/18,3.45875,NA,-36.13537121,-36.13537121
213,v1,EHT-XA5S,6/30/18,102.5525,1,38.33754545,145.2777778,6/1/18,3.45875,NA,-67.67370455,-67.67370455
267,v2,EHT-XA5S,7/16/18,140.4333333,1,38.33754545,145.2777778,7/15/18,4.595,0.211448638,-106.6907879,-106.6907879
284,v2,EHT-XA5S,7/25/18,NA,0,38.33754545,145.2777778,7/15/18,4.595,0.211448638,-106.9402323,NA
427,v3,EHT-XA5S,8/10/18,NA,0,38.33754545,145.2777778,8/24/18,3.6,0.322748612,-106.9402323,NA
375,v3,EHT-XA5S,8/24/18,NA,0,38.33754545,145.2777778,8/24/18,3.6,0.322748612,-106.9402323,NA
333,v3,EHT-XA5S,9/16/18,NA,NA,38.33754545,145.2777778,8/24/18,3.6,0.322748612,NA,NA
86,nw,EHT-XA5S,9/29/18,NA,0,38.33754545,145.2777778,10/13/20,0,NA,-106.9402323,NA
315,v3,EHT-XA5S,11/18/18,57.7,1,38.33754545,145.2777778,8/24/18,3.6,0.322748612,-22.96245455,-22.96245455
51,nm,EHT-XA5S,6/2/19,33.16666667,1,38.33754545,145.2777778,10/8/20,0,NA,5.170878787,5.170878787
324,v3,EHT-XA5S,6/18/19,35.96666667,1,38.33754545,145.2777778,8/24/18,3.6,0.322748612,-1.229121213,-1.229121213
486,v5,EHT-XA5S,7/6/19,90.3,1,38.33754545,145.2777778,7/6/19,3.45875,NA,-55.42120455,-55.42120455
132,v.070919,EHT-XA5S,7/26/19,126.7666667,1,38.33754545,145.2777778,10/17/20,3.04,0.466535285,-91.46912121,-91.46912121
562,v6,EHT-XA5S,9/3/19,NA,0,38.33754545,145.2777778,9/2/19,2.99,0.555443284,-106.9402323,NA
114,nw,EHT-XA5S,9/21/19,NA,0,38.33754545,145.2777778,10/13/20,0,NA,-106.9402323,NA
115,nw,EHT-XA5S,10/5/19,NA,0,38.33754545,145.2777778,10/13/20,0,NA,-106.9402323,NA
554,v6,EHT-XA5S,10/20/19,78.2,1,38.33754545,145.2777778,9/2/19,2.99,0.555443284,-42.85245455,-42.85245455
247,v2,EHT-XB4S,7/16/18,138.5,1,102.3,146.5,7/15/18,4.595,0.211448638,-40.795,-40.795
490,v5,EHT-XB4S,7/6/19,125.4333333,1,102.3,146.5,7/6/19,3.45875,NA,-26.59208333,-26.59208333
117,nw,EHT-XB4S,7/26/19,NA,0,102.3,146.5,10/13/20,0,NA,-44.2,NA
515,v6,EHT-XB4S,8/20/19,NA,0,102.3,146.5,9/2/19,2.99,0.555443284,-44.2,NA
629,v6,EHT-XB4S,10/20/19,124.1,1,102.3,146.5,9/2/19,2.99,0.555443284,-24.79,-24.79
186,v1,EHT-XB5S,6/1/18,38.94666667,1,25.06525,153.39,6/1/18,3.45875,NA,-17.34016667,-17.34016667
196,v1,EHT-XB5S,6/18/18,84.1375,1,25.06525,153.39,6/1/18,3.45875,NA,-62.531,-62.531
187,v1,EHT-XB5S,6/30/18,109.6433333,1,25.06525,153.39,6/1/18,3.45875,NA,-88.03683333,-88.03683333
295,v2,EHT-XB5S,7/16/18,129.5,1,25.06525,153.39,7/15/18,4.595,0.211448638,-109.02975,-109.02975
294,v2,EHT-XB5S,7/25/18,144.4,1,25.06525,153.39,7/15/18,4.595,0.211448638,-123.92975,-123.92975
380,v3,EHT-XB5S,8/10/18,NA,0,25.06525,153.39,8/24/18,3.6,0.322748612,-128.32475,NA
422,v3,EHT-XB5S,8/24/18,NA,0,25.06525,153.39,8/24/18,3.6,0.322748612,-128.32475,NA
79,nw,EHT-XB5S,9/16/18,NA,0,25.06525,153.39,10/13/20,0,NA,-128.32475,NA
78,nw,EHT-XB5S,9/29/18,NA,0,25.06525,153.39,10/13/20,0,NA,-128.32475,NA
387,v3,EHT-XB5S,11/18/18,63.56666667,1,25.06525,153.39,8/24/18,3.6,0.322748612,-42.10141667,-42.10141667
46,nm,EHT-XB5S,6/2/19,NA,1,25.06525,153.39,10/8/20,0,NA,NA,NA
221,v1,EHT-XC6S,6/1/18,NA,0,33.9725,152.0825,6/1/18,3.45875,NA,-118.11,NA
198,v1,EHT-XC6S,6/18/18,NA,0,33.9725,152.0825,6/1/18,3.45875,NA,-118.11,NA
226,v1,EWF-XA2S,6/1/18,102.235,1,95.0645,147.85,6/1/18,3.45875,NA,-10.62925,-10.62925
209,v1,EWF-XA2S,6/18/18,111.76,1,95.0645,147.85,6/1/18,3.45875,NA,-20.15425,-20.15425
228,v1,EWF-XA2S,6/30/18,131.8683333,1,95.0645,147.85,6/1/18,3.45875,NA,-40.26258333,-40.26258333
301,v2,EWF-XA2S,7/16/18,143.8666667,1,95.0645,147.85,7/15/18,4.595,0.211448638,-53.39716667,-53.39716667
269,v2,EWF-XA2S,7/25/18,NA,0,95.0645,147.85,7/15/18,4.595,0.211448638,-52.7855,NA
353,v3,EWF-XA2S,8/10/18,NA,0,95.0645,147.85,8/24/18,3.6,0.322748612,-52.7855,NA
419,v3,EWF-XA2S,8/24/18,NA,0,95.0645,147.85,8/24/18,3.6,0.322748612,-52.7855,NA
74,nm,EWF-XA2S,9/16/18,NA,0,95.0645,147.85,10/8/20,0,NA,-52.7855,NA
95,nw,EWF-XA2S,9/29/18,NA,0,95.0645,147.85,10/13/20,0,NA,-52.7855,NA
330,v3,EWF-XA2S,11/18/18,124.0333333,1,95.0645,147.85,8/24/18,3.6,0.322748612,-32.56883333,-32.56883333
34,nm,EWF-XA2S,6/2/19,NA,NA,95.0645,147.85,10/8/20,0,NA,NA,NA
328,v3,EWF-XA2S,6/18/19,109,1,95.0645,147.85,8/24/18,3.6,0.322748612,-17.5355,-17.5355
471,v5,EWF-XA2S,7/6/19,113.2333333,1,95.0645,147.85,7/6/19,3.45875,NA,-21.62758333,-21.62758333
160,v.070919,EWF-XA2S,7/26/19,138.8,1,95.0645,147.85,10/17/20,3.04,0.466535285,-46.7755,-46.7755
13,bamboo speaker wire,EWF-XA2S,8/5/19,NA,0,95.0645,147.85,9/2/19,2.65,0.744983221,-52.7855,NA
90,nw,EWF-XA2S,9/21/19,NA,0,95.0645,147.85,10/13/20,0,NA,-52.7855,NA
545,v6,EWF-XA2S,10/5/19,136.3666667,1,95.0645,147.85,9/2/19,2.99,0.555443284,-44.29216667,-44.29216667
507,v6,EWF-XA2S,10/21/19,126.5,1,95.0645,147.85,9/2/19,2.99,0.555443284,-34.4255,-34.4255
177,v1,EWR-1,6/1/18,92.3925,1,90.4248,NA,6/1/18,3.45875,NA,-5.42645,-5.42645
178,v1,EWR-1,6/18/18,98.21333333,1,90.4248,NA,6/1/18,3.45875,NA,-11.24728333,-11.24728333
207,v1,EWR-1,6/30/18,105.7275,1,90.4248,NA,6/1/18,3.45875,NA,-18.76145,-18.76145
262,v2,EWR-1,7/16/18,106.8333333,1,90.4248,NA,7/15/18,4.595,0.211448638,-21.00353333,-21.00353333
248,v2,EWR-1,7/25/18,108.3333333,1,90.4248,NA,7/15/18,4.595,0.211448638,-22.50353333,-22.50353333
346,v3,EWR-1,8/10/18,111.8333333,1,90.4248,NA,8/24/18,3.6,0.322748612,-25.00853333,-25.00853333
397,v3,EWR-1,8/24/18,110.5,1,90.4248,NA,8/24/18,3.6,0.322748612,-23.6752,-23.6752
374,v3,EWR-1,9/16/18,109.4333333,1,90.4248,NA,8/24/18,3.6,0.322748612,-22.60853333,-22.60853333
334,v3,EWR-1,9/29/18,107,1,90.4248,NA,8/24/18,3.6,0.322748612,-20.1752,-20.1752
344,v3,EWR-1,11/18/18,102.4333333,1,90.4248,NA,8/24/18,3.6,0.322748612,-15.60853333,-15.60853333
68,nm,EWR-1,6/2/19,72.83333333,1,90.4248,NA,10/8/20,0,NA,17.59146667,17.59146667
76,nm,EWR-1,6/18/19,79.76666667,1,90.4248,NA,10/8/20,0,NA,10.65813333,10.65813333
476,v5,EWR-1,7/6/19,85.5,1,90.4248,NA,7/6/19,3.45875,NA,1.46605,1.46605
139,v.070919,EWR-1,7/26/19,105.1,1,90.4248,NA,10/17/20,3.04,0.466535285,-17.7152,-17.7152
4,bamboo speaker wire,EWR-1,8/5/19,107.6666667,1,90.4248,NA,9/2/19,2.65,0.744983221,-19.89186667,-19.89186667
513,v6,EWR-1,8/20/19,109,1,90.4248,NA,9/2/19,2.99,0.555443284,-21.5652,-21.5652
550,v6,EWR-1,9/3/19,108.9,1,90.4248,NA,9/2/19,2.99,0.555443284,-21.4652,-21.4652
593,v6,EWR-1,9/21/19,105.6666667,1,90.4248,NA,9/2/19,2.99,0.555443284,-18.23186667,-18.23186667
594,v6,EWR-1,10/5/19,103.6333333,1,90.4248,NA,9/2/19,2.99,0.555443284,-16.19853333,-16.19853333
540,v6,EWR-1,10/20/19,101,1,90.4248,NA,9/2/19,2.99,0.555443284,-13.5652,-13.5652
298,v2,EWR-XB4N,7/16/18,76.63333333,1,43.6,154.8,7/15/18,4.595,0.211448638,-37.62833333,-37.62833333
265,v2,EWR-XB4N,7/25/18,77.1,1,43.6,154.8,7/15/18,4.595,0.211448638,-38.095,-38.095
473,v5,EWR-XB4N,7/6/19,67.23333333,1,43.6,154.8,7/6/19,3.45875,NA,-27.09208333,-27.09208333
143,v.070919,EWR-XB4N,7/26/19,77.36666667,1,43.6,154.8,10/17/20,3.04,0.466535285,-36.80666667,-36.80666667
551,v6,EWR-XB4N,9/3/19,76.8,1,43.6,154.8,9/2/19,2.99,0.555443284,-36.19,-36.19
619,v6,EWR-XB4N,10/20/19,66.2,1,43.6,154.8,9/2/19,2.99,0.555443284,-25.59,-25.59
231,v1,EWT-1,6/1/18,89.51383333,1,56.973,150.36,6/1/18,3.45875,NA,-35.99958333,-35.99958333
206,v1,EWT-1,6/18/18,128.5875,1,56.973,150.36,6/1/18,3.45875,NA,-75.07325,-75.07325
168,v1,EWT-1,6/30/18,145.0975,1,56.973,150.36,6/1/18,3.45875,NA,-91.58325,-91.58325
283,v2,EWT-1,7/16/18,147.8333333,1,56.973,150.36,7/15/18,4.595,0.211448638,-95.45533333,-95.45533333
282,v2,EWT-1,7/25/18,148,1,56.973,150.36,7/15/18,4.595,0.211448638,-95.622,-95.622
393,v3,EWT-1,8/10/18,148.4666667,1,56.973,150.36,8/24/18,3.6,0.322748612,-95.09366667,-95.09366667
366,v3,EWT-1,8/24/18,NA,0,56.973,150.36,8/24/18,3.6,0.322748612,-93.387,NA
104,nw,EWT-1,9/16/18,NA,0,56.973,150.36,10/13/20,0,NA,-93.387,NA
101,nw,EWT-1,9/29/18,NA,0,56.973,150.36,10/13/20,0,NA,-93.387,NA
357,v3,EWT-1,11/18/18,102.3666667,1,56.973,150.36,8/24/18,3.6,0.322748612,-48.99366667,-48.99366667
37,nm,EWT-1,6/2/19,21.56666667,1,56.973,150.36,10/8/20,0,NA,35.40633333,35.40633333
341,v3,EWT-1,6/18/19,NA,0,56.973,150.36,8/24/18,3.6,0.322748612,-93.387,NA
478,v5,EWT-1,7/6/19,130.575,1,56.973,150.36,7/6/19,3.45875,NA,-77.06075,-77.06075
137,v.070919,EWT-1,7/26/19,145.2,1,56.973,150.36,10/17/20,3.04,0.466535285,-91.267,-91.267
10,bamboo speaker wire,EWT-1,8/5/19,147.3666667,1,56.973,150.36,9/2/19,2.65,0.744983221,-93.04366667,-93.04366667
563,v6,EWT-1,8/20/19,NA,0,56.973,150.36,9/2/19,2.99,0.555443284,-93.387,NA
597,v6,EWT-1,9/21/19,127.7666667,1,56.973,150.36,9/2/19,2.99,0.555443284,-73.78366667,-73.78366667
613,v6,EWT-1,10/5/19,113.6,1,56.973,150.36,9/2/19,2.99,0.555443284,-59.617,-59.617
623,v6,EWT-1,10/20/19,107.4666667,1,56.973,150.36,9/2/19,2.99,0.555443284,-53.48366667,-53.48366667
182,v1,KEF-1,7/1/18,55.03333333,1,50.8,NA,6/1/18,3.45875,NA,-7.692083333,-7.692083333
278,v2,KEF-1,7/17/18,55.63333333,1,50.8,NA,7/15/18,4.595,0.211448638,-9.428333333,-9.428333333
292,v2,KEF-1,7/27/18,54.36666667,1,50.8,NA,7/15/18,4.595,0.211448638,-8.161666667,-8.161666667
332,v3,KEF-1,8/10/18,52.16666667,1,50.8,NA,8/24/18,3.6,0.322748612,-4.966666667,-4.966666667
319,v3,KEF-1,8/25/18,52.4,1,50.8,NA,8/24/18,3.6,0.322748612,-5.2,-5.2
316,v3,KEF-1,9/16/18,56.76666667,1,50.8,NA,8/24/18,3.6,0.322748612,-9.566666667,-9.566666667
410,v3,KEF-1,10/1/18,53.36666667,1,50.8,NA,8/24/18,3.6,0.322748612,-6.166666667,-6.166666667
405,v3,KEF-1,10/14/18,53.16666667,1,50.8,NA,8/24/18,3.6,0.322748612,-5.966666667,-5.966666667
31,nm,KEF-1,11/18/18,NA,NA,50.8,NA,10/8/20,0,NA,NA,NA
64,nm,KEF-1,6/3/19,51.13333333,1,50.8,NA,10/8/20,0,NA,-0.333333333,-0.333333333
452,v4,KEF-1,6/17/19,65,1,50.8,NA,6/18/19,3.45875,NA,-17.65875,-17.65875
497,v5,KEF-1,7/5/19,50.3,1,50.8,NA,7/6/19,3.45875,NA,-2.95875,-2.95875
142,v.070919,KEF-1,7/26/19,55.5,1,50.8,NA,10/17/20,3.04,0.466535285,-7.74,-7.74
571,v6,KEF-1,9/2/19,57.26666667,1,50.8,NA,9/2/19,2.99,0.555443284,-9.456666667,-9.456666667
567,v6,KEF-1,10/20/19,54.43333333,1,50.8,NA,9/2/19,2.99,0.555443284,-6.623333333,-6.623333333
199,v1,KER-1,6/19/18,90.38166667,1,74.2,142.5,6/1/18,3.45875,NA,-19.64041667,-19.64041667
211,v1,KER-1,7/1/18,109.22,1,74.2,142.5,6/1/18,3.45875,NA,-38.47875,-38.47875
266,v2,KER-1,7/17/18,136.3,1,74.2,142.5,7/15/18,4.595,0.211448638,-66.695,-66.695
250,v2,KER-1,7/27/18,142.3,1,74.2,142.5,7/15/18,4.595,0.211448638,-72.695,-72.695
329,v3,KER-1,8/10/18,145,1,74.2,142.5,8/24/18,3.6,0.322748612,-74.4,-74.4
391,v3,KER-1,8/25/18,NA,0,74.2,142.5,8/24/18,3.6,0.322748612,-68.3,NA
109,nw,KER-1,9/16/18,NA,0,74.2,142.5,10/13/20,0,NA,-68.3,NA
97,nw,KER-1,10/1/18,NA,0,74.2,142.5,10/13/20,0,NA,-68.3,NA
98,nw,KER-1,10/14/18,NA,0,74.2,142.5,10/13/20,0,NA,-68.3,NA
94,nw,KER-1,11/18/18,NA,0,74.2,142.5,10/13/20,0,NA,-68.3,NA
27,nm,KER-1,6/3/19,NA,1,74.2,142.5,10/8/20,0,NA,NA,NA
447,v4,KER-1,6/17/19,72.2,1,74.2,142.5,6/18/19,3.45875,NA,-1.45875,-1.45875
465,v5,KER-1,7/5/19,81.23333333,1,74.2,142.5,7/6/19,3.45875,NA,-10.49208333,-10.49208333
158,v.070919,KER-1,7/26/19,83.83333333,1,74.2,142.5,10/17/20,3.04,0.466535285,-12.67333333,-12.67333333
9,bamboo speaker wire,KER-1,8/4/19,84.96666667,1,74.2,142.5,9/2/19,2.65,0.744983221,-13.41666667,-13.41666667
512,v6,KER-1,8/20/19,95.9,1,74.2,142.5,9/2/19,2.99,0.555443284,-24.69,-24.69
510,v6,KER-1,9/2/19,113.7,1,74.2,142.5,9/2/19,2.99,0.555443284,-42.49,-42.49
537,v6,KER-1,9/21/19,97.26666667,1,74.2,142.5,9/2/19,2.99,0.555443284,-26.05666667,-26.05666667
572,v6,KER-1,10/5/19,90.36666667,1,74.2,142.5,9/2/19,2.99,0.555443284,-19.15666667,-19.15666667
547,v6,KER-1,10/20/19,88.36666667,1,74.2,142.5,9/2/19,2.99,0.555443284,-17.15666667,-17.15666667
75,nm,KER-XD5N,6/3/19,34.4,1,35.825,NA,10/8/20,0,NA,1.425,1.425
455,v4,KER-XD5N,6/17/19,31.23333333,1,35.825,NA,6/18/19,3.45875,NA,1.132916667,1.132916667
488,v5,KER-XD5N,7/5/19,39.8,1,35.825,NA,7/6/19,3.45875,NA,-7.43375,-7.43375
156,v.070919,KER-XD5N,7/26/19,57,1,35.825,NA,10/17/20,3.04,0.466535285,-24.215,-24.215
557,v6,KER-XD5N,9/2/19,74.93333333,1,35.825,NA,9/2/19,2.99,0.555443284,-42.09833333,-42.09833333
596,v6,KER-XD5N,10/20/19,44.66666667,1,35.825,NA,9/2/19,2.99,0.555443284,-11.83166667,-11.83166667
35,nm,KER-XE3S,7/17/18,NA,1,0,NA,10/8/20,0,NA,NA,NA
30,nm,KER-XE3S,7/27/18,NA,1,0,NA,10/8/20,0,NA,NA,NA
67,nm,KER-XE3S,8/10/18,NA,1,0,NA,10/8/20,0,NA,NA,NA
50,nm,KER-XE3S,8/25/18,NA,1,0,NA,10/8/20,0,NA,NA,NA
29,nm,KER-XE3S,9/16/18,NA,1,0,NA,10/8/20,0,NA,NA,NA
60,nm,KER-XE3S,10/1/18,NA,1,0,NA,10/8/20,0,NA,NA,NA
55,nm,KER-XE3S,10/14/18,NA,1,0,NA,10/8/20,0,NA,NA,NA
32,nm,KER-XE3S,11/18/18,NA,1,0,NA,10/8/20,0,NA,NA,NA
48,nm,KER-XE3S,6/3/19,NA,1,0,NA,10/8/20,0,NA,NA,NA
63,nm,KER-XE3S,6/17/19,NA,1,0,NA,10/8/20,0,NA,NA,NA
42,nm,KER-XE3S,7/5/19,NA,1,0,NA,10/8/20,0,NA,NA,NA
47,nm,KER-XE3S,7/26/19,NA,1,0,NA,10/8/20,0,NA,NA,NA
56,nm,KER-XE3S,8/4/19,NA,1,0,NA,10/8/20,0,NA,NA,NA
33,nm,KER-XE3S,8/20/19,NA,1,0,NA,10/8/20,0,NA,NA,NA
57,nm,KER-XE3S,9/2/19,NA,1,0,NA,10/8/20,0,NA,NA,NA
66,nm,KER-XE3S,10/5/19,NA,1,0,NA,10/8/20,0,NA,NA,NA
61,nm,KER-XE3S,10/20/19,NA,1,0,NA,10/8/20,0,NA,NA,NA
126,v.070919,KET-1,7/26/19,27.5,1,49.625,NA,10/17/20,3.04,0.466535285,19.085,19.085
19,bamboo speaker wire,KET-1,8/4/19,32.5,1,49.625,NA,9/2/19,2.65,0.744983221,14.475,14.475
7,bamboo speaker wire,KET-1,8/5/19,32.4,1,49.625,NA,9/2/19,2.65,0.744983221,14.575,14.575
21,bamboo speaker wire,KET-1,8/6/19,32.5,1,49.625,NA,9/2/19,2.65,0.744983221,14.475,14.475
524,v6,KET-1,8/20/19,35.8,1,49.625,NA,9/2/19,2.99,0.555443284,10.835,10.835
553,v6,KET-1,9/2/19,39.23333333,1,49.625,NA,9/2/19,2.99,0.555443284,7.401666667,7.401666667
621,v6,KET-1,10/20/19,43.13333333,1,49.625,NA,9/2/19,2.99,0.555443284,3.501666667,3.501666667
235,v1,KFF-XD6S,6/1/18,66.14583333,1,50.46666667,147.9,6/1/18,3.45875,NA,-19.13791667,-19.13791667
236,v1,KFF-XD6S,6/19/18,84.455,1,50.46666667,147.9,6/1/18,3.45875,NA,-37.44708333,-37.44708333
217,v1,KFF-XD6S,7/1/18,133.35,1,50.46666667,147.9,6/1/18,3.45875,NA,-86.34208333,-86.34208333
286,v2,KFF-XD6S,7/17/18,NA,0,50.46666667,147.9,7/15/18,4.595,0.211448638,-97.43333333,NA
275,v2,KFF-XD6S,7/27/18,NA,0,50.46666667,147.9,7/15/18,4.595,0.211448638,-97.43333333,NA
371,v3,KFF-XD6S,8/10/18,NA,0,50.46666667,147.9,8/24/18,3.6,0.322748612,-97.43333333,NA
116,nw,KFF-XD6S,10/1/18,NA,0,50.46666667,147.9,10/13/20,0,NA,-97.43333333,NA
398,v3,KFF-XD6S,11/18/18,65.16666667,1,50.46666667,147.9,8/24/18,3.6,0.322748612,-18.3,-18.3
45,nm,KFF-XD6S,6/3/19,56.16666667,1,50.46666667,147.9,10/8/20,0,NA,-5.7,-5.7
449,v4,KFF-XD6S,6/17/19,54.33333333,1,50.46666667,147.9,6/18/19,3.45875,NA,-7.325416667,-7.325416667
467,v5,KFF-XD6S,7/5/19,70.23333333,1,50.46666667,147.9,7/6/19,3.45875,NA,-23.22541667,-23.22541667
136,v.070919,KFF-XD6S,7/26/19,129.6,1,50.46666667,147.9,10/17/20,3.04,0.466535285,-82.17333333,-82.17333333
108,nw,KFF-XD6S,8/4/19,NA,0,50.46666667,147.9,10/13/20,0,NA,-97.43333333,NA
556,v6,KFF-XD6S,8/20/19,NA,0,50.46666667,147.9,9/2/19,2.99,0.555443284,-97.43333333,NA
225,v1,KFF-XE8S,6/1/18,91.96916667,1,97.21541667,147.6,6/1/18,3.45875,NA,1.7875,1.7875
230,v1,KFF-XE8S,6/19/18,100.1183333,1,97.21541667,147.6,6/1/18,3.45875,NA,-6.361666667,-6.361666667
223,v1,KFF-XE8S,7/1/18,122.6608333,1,97.21541667,147.6,6/1/18,3.45875,NA,-28.90416667,-28.90416667
249,v2,KFF-XE8S,7/17/18,NA,0,97.21541667,147.6,7/15/18,4.595,0.211448638,-50.38458333,NA
252,v2,KFF-XE8S,7/27/18,NA,0,97.21541667,147.6,7/15/18,4.595,0.211448638,-50.38458333,NA
338,v3,KFF-XE8S,8/10/18,NA,0,97.21541667,147.6,8/24/18,3.6,0.322748612,-50.38458333,NA
412,v3,KFF-XE8S,11/18/18,121.5,1,97.21541667,147.6,8/24/18,3.6,0.322748612,-27.88458333,-27.88458333
450,v4,KFF-XE8S,6/17/19,95.56666667,1,97.21541667,147.6,6/18/19,3.45875,NA,-1.81,-1.81
470,v5,KFF-XE8S,7/5/19,109.9,1,97.21541667,147.6,7/6/19,3.45875,NA,-16.14333333,-16.14333333
131,v.070919,KFF-XE8S,7/26/19,138.8666667,1,97.21541667,147.6,10/17/20,3.04,0.466535285,-44.69125,-44.69125
92,nw,KFF-XE8S,8/4/19,NA,0,97.21541667,147.6,10/13/20,0,NA,-50.38458333,NA
93,nw,KFF-XE8S,9/21/19,NA,0,97.21541667,147.6,10/13/20,0,NA,-50.38458333,NA
179,v1,KFR-XE1S,6/1/18,104.2458333,1,63.65,NA,6/1/18,3.45875,NA,-44.05458333,-44.05458333
229,v1,KFR-XE1S,6/19/18,112.9241667,1,63.65,NA,6/1/18,3.45875,NA,-52.73291667,-52.73291667
234,v1,KFR-XE1S,7/1/18,115.8875,1,63.65,NA,6/1/18,3.45875,NA,-55.69625,-55.69625
246,v2,KFR-XE1S,7/17/18,119.5333333,1,63.65,NA,7/15/18,4.595,0.211448638,-60.47833333,-60.47833333
273,v2,KFR-XE1S,7/27/18,120.5,1,63.65,NA,7/15/18,4.595,0.211448638,-61.445,-61.445
362,v3,KFR-XE1S,8/10/18,120.4333333,1,63.65,NA,8/24/18,3.6,0.322748612,-60.38333333,-60.38333333
433,v3,KFR-XE1S,8/25/18,121.5,1,63.65,NA,8/24/18,3.6,0.322748612,-61.45,-61.45
434,v3,KFR-XE1S,9/16/18,121.4333333,1,63.65,NA,8/24/18,3.6,0.322748612,-61.38333333,-61.38333333
385,v3,KFR-XE1S,10/1/18,125.0666667,1,63.65,NA,8/24/18,3.6,0.322748612,-65.01666667,-65.01666667
400,v3,KFR-XE1S,10/14/18,118.8666667,1,63.65,NA,8/24/18,3.6,0.322748612,-58.81666667,-58.81666667
351,v3,KFR-XE1S,11/18/18,117.5,1,63.65,NA,8/24/18,3.6,0.322748612,-57.45,-57.45
457,v4,KFR-XE1S,6/17/19,79,1,63.65,NA,6/18/19,3.45875,NA,-18.80875,-18.80875
463,v5,KFR-XE1S,7/5/19,106.7666667,1,63.65,NA,7/6/19,3.45875,NA,-46.57541667,-46.57541667
149,v.070919,KFR-XE1S,7/26/19,116.7333333,1,63.65,NA,10/17/20,3.04,0.466535285,-56.12333333,-56.12333333
25,bamboo speaker wire,KFR-XE1S,8/4/19,119.5,1,63.65,NA,9/2/19,2.65,0.744983221,-58.5,-58.5
11,bamboo speaker wire,KFR-XE1S,8/5/19,119.3,1,63.65,NA,9/2/19,2.65,0.744983221,-58.3,-58.3
8,bamboo speaker wire,KFR-XE1S,8/6/19,118.5,1,63.65,NA,9/2/19,2.65,0.744983221,-57.5,-57.5
605,v6,KFR-XE1S,8/20/19,123.1666667,1,63.65,NA,9/2/19,2.99,0.555443284,-62.50666667,-62.50666667
583,v6,KFR-XE1S,9/2/19,123.7,1,63.65,NA,9/2/19,2.99,0.555443284,-63.04,-63.04
581,v6,KFR-XE1S,9/21/19,120.7333333,1,63.65,NA,9/2/19,2.99,0.555443284,-60.07333333,-60.07333333
504,v6,KFR-XE1S,10/5/19,118.3333333,1,63.65,NA,9/2/19,2.99,0.555443284,-57.67333333,-57.67333333
544,v6,KFR-XE1S,10/20/19,118.1,1,63.65,NA,9/2/19,2.99,0.555443284,-57.44,-57.44
191,v1,KFR-XE2S,6/1/18,60.6425,1,60.6975,NA,6/1/18,3.45875,NA,-3.40375,-3.40375
173,v1,KFR-XE2S,6/19/18,63.07666667,1,60.6975,NA,6/1/18,3.45875,NA,-5.837916667,-5.837916667
174,v1,KFR-XE2S,7/1/18,61.80666667,1,60.6975,NA,6/1/18,3.45875,NA,-4.567916667,-4.567916667
257,v2,KFR-XE2S,7/17/18,63.5,1,60.6975,NA,7/15/18,4.595,0.211448638,-7.3975,-7.3975
300,v2,KFR-XE2S,7/27/18,64.4,1,60.6975,NA,7/15/18,4.595,0.211448638,-8.2975,-8.2975
355,v3,KFR-XE2S,8/10/18,64.1,1,60.6975,NA,8/24/18,3.6,0.322748612,-7.0025,-7.0025
364,v3,KFR-XE2S,8/25/18,66,1,60.6975,NA,8/24/18,3.6,0.322748612,-8.9025,-8.9025
421,v3,KFR-XE2S,9/16/18,67.13333333,1,60.6975,NA,8/24/18,3.6,0.322748612,-10.03583333,-10.03583333
354,v3,KFR-XE2S,10/1/18,66.5,1,60.6975,NA,8/24/18,3.6,0.322748612,-9.4025,-9.4025
340,v3,KFR-XE2S,10/14/18,67,1,60.6975,NA,8/24/18,3.6,0.322748612,-9.9025,-9.9025
409,v3,KFR-XE2S,11/18/18,66.56666667,1,60.6975,NA,8/24/18,3.6,0.322748612,-9.469166667,-9.469166667
444,v4,KFR-XE2S,6/17/19,55.33333333,1,60.6975,NA,6/18/19,3.45875,NA,1.905416667,1.905416667
484,v5,KFR-XE2S,7/5/19,61.23333333,1,60.6975,NA,7/6/19,3.45875,NA,-3.994583333,-3.994583333
155,v.070919,KFR-XE2S,7/26/19,62.43333333,1,60.6975,NA,10/17/20,3.04,0.466535285,-4.775833333,-4.775833333
17,bamboo speaker wire,KFR-XE2S,8/4/19,64.86666667,1,60.6975,NA,9/2/19,2.65,0.744983221,-6.819166667,-6.819166667
520,v6,KFR-XE2S,8/20/19,65.93333333,1,60.6975,NA,9/2/19,2.99,0.555443284,-8.225833333,-8.225833333
521,v6,KFR-XE2S,9/2/19,65.66666667,1,60.6975,NA,9/2/19,2.99,0.555443284,-7.959166667,-7.959166667
612,v6,KFR-XE2S,9/21/19,65.63333333,1,60.6975,NA,9/2/19,2.99,0.555443284,-7.925833333,-7.925833333
502,v6,KFR-XE2S,10/5/19,65.53333333,1,60.6975,NA,9/2/19,2.99,0.555443284,-7.825833333,-7.825833333
577,v6,KFR-XE2S,10/20/19,65.53333333,1,60.6975,NA,9/2/19,2.99,0.555443284,-7.825833333,-7.825833333
201,v1,KHF-1,7/1/18,128.7991667,1,68.05,149.1333334,6/1/18,3.45875,NA,-64.20791667,-64.20791667
259,v2,KHF-1,7/17/18,147.7,1,68.05,149.1333334,7/15/18,4.595,0.211448638,-84.245,-84.245
256,v2,KHF-1,7/27/18,NA,0,68.05,149.1333334,7/15/18,4.595,0.211448638,-81.08333335,NA
402,v3,KHF-1,8/10/18,NA,0,68.05,149.1333334,8/24/18,3.6,0.322748612,-81.08333335,NA
377,v3,KHF-1,8/25/18,NA,0,68.05,149.1333334,8/24/18,3.6,0.322748612,-81.08333335,NA
414,v3,KHF-1,9/16/18,141.8333333,1,68.05,149.1333334,8/24/18,3.6,0.322748612,-77.38333333,-77.38333333
388,v3,KHF-1,10/1/18,133.8333333,1,68.05,149.1333334,8/24/18,3.6,0.322748612,-69.38333333,-69.38333333
415,v3,KHF-1,10/14/18,119.5666667,1,68.05,149.1333334,8/24/18,3.6,0.322748612,-55.11666667,-55.11666667
406,v3,KHF-1,11/18/18,94.53333333,1,68.05,149.1333334,8/24/18,3.6,0.322748612,-30.08333333,-30.08333333
44,nm,KHF-1,6/3/19,68.8,1,68.05,149.1333334,10/8/20,0,NA,-0.75,-0.75
446,v4,KHF-1,6/17/19,48,1,68.05,149.1333334,6/18/19,3.45875,NA,16.59125,16.59125
491,v5,KHF-1,7/5/19,83.2,1,68.05,149.1333334,7/6/19,3.45875,NA,-18.60875,-18.60875
138,v.070919,KHF-1,7/26/19,129.7,1,68.05,149.1333334,10/17/20,3.04,0.466535285,-64.69,-64.69
541,v6,KHF-1,10/5/19,108.6,1,68.05,149.1333334,9/2/19,2.99,0.555443284,-43.54,-43.54
584,v6,KHF-1,10/20/19,101.3333333,1,68.05,149.1333334,9/2/19,2.99,0.555443284,-36.27333333,-36.27333333
176,v1,KHF-XD4S,6/1/18,97.04916667,1,66.625,148.59,6/1/18,3.45875,NA,-33.88291667,-33.88291667
195,v1,KHF-XD4S,7/1/18,NA,0,66.625,148.59,6/1/18,3.45875,NA,-81.965,NA
264,v2,KHF-XD4S,7/27/18,NA,0,66.625,148.59,7/15/18,4.595,0.211448638,-81.965,NA
322,v3,KHF-XD4S,8/10/18,NA,0,66.625,148.59,8/24/18,3.6,0.322748612,-81.965,NA
80,nw,KHF-XD4S,10/1/18,NA,0,66.625,148.59,10/13/20,0,NA,-81.965,NA
70,nm,KHF-XD4S,6/3/19,81.06666667,1,66.625,148.59,10/8/20,0,NA,-14.44166667,-14.44166667
439,v4,KHF-XD4S,6/17/19,78.33333333,1,66.625,148.59,6/18/19,3.45875,NA,-15.16708333,-15.16708333
481,v5,KHF-XD4S,7/5/19,139,1,66.625,148.59,7/6/19,3.45875,NA,-75.83375,-75.83375
130,v.070919,KHF-XD4S,7/26/19,NA,NA,66.625,148.59,10/17/20,3.04,0.466535285,NA,NA
107,nw,KHF-XD4S,8/4/19,NA,0,66.625,148.59,10/13/20,0,NA,-81.965,NA
52,nm,KHR-XD1N,6/3/19,NA,1,74.9,136.8666667,10/8/20,0,NA,NA,NA
38,nm,KHR-XD1N,6/17/19,65,1,74.9,136.8666667,10/8/20,0,NA,9.9,9.9
496,v5,KHR-XD1N,7/5/19,101.6666667,1,74.9,136.8666667,7/6/19,3.45875,NA,-30.22541667,-30.22541667
162,v.070919,KHR-XD1N,7/26/19,113.6,1,74.9,136.8666667,10/17/20,3.04,0.466535285,-41.74,-41.74
558,v6,KHR-XD1N,9/2/19,118.9333333,1,74.9,136.8666667,9/2/19,2.99,0.555443284,-47.02333333,-47.02333333
560,v6,KHR-XD1N,10/20/19,118.5,1,74.9,136.8666667,9/2/19,2.99,0.555443284,-46.59,-46.59
224,v1,KHR-XD2N,6/1/18,97.79,1,73.1825,NA,6/1/18,3.45875,NA,-28.06625,-28.06625
171,v1,KHR-XD2N,6/19/18,110.9133333,1,73.1825,NA,6/1/18,3.45875,NA,-41.18958333,-41.18958333
185,v1,KHR-XD2N,7/1/18,124.9891667,1,73.1825,NA,6/1/18,3.45875,NA,-55.26541667,-55.26541667
306,v2,KHR-XD2N,7/17/18,129.6,1,73.1825,NA,7/15/18,4.595,0.211448638,-61.0125,-61.0125
287,v2,KHR-XD2N,7/27/18,128.2333333,1,73.1825,NA,7/15/18,4.595,0.211448638,-59.64583333,-59.64583333
378,v3,KHR-XD2N,8/10/18,129.1666667,1,73.1825,NA,8/24/18,3.6,0.322748612,-59.58416667,-59.58416667
343,v3,KHR-XD2N,8/25/18,130.4666667,1,73.1825,NA,8/24/18,3.6,0.322748612,-60.88416667,-60.88416667
394,v3,KHR-XD2N,9/16/18,127.1666667,1,73.1825,NA,8/24/18,3.6,0.322748612,-57.58416667,-57.58416667
390,v3,KHR-XD2N,10/1/18,125.3,1,73.1825,NA,8/24/18,3.6,0.322748612,-55.7175,-55.7175
382,v3,KHR-XD2N,10/14/18,123.5333333,1,73.1825,NA,8/24/18,3.6,0.322748612,-53.95083333,-53.95083333
347,v3,KHR-XD2N,11/18/18,116.8333333,1,73.1825,NA,8/24/18,3.6,0.322748612,-47.25083333,-47.25083333
71,nm,KHR-XD2N,6/3/19,NA,NA,73.1825,NA,10/8/20,0,NA,NA,NA
627,v6,KHR-XD2N,9/3/19,52.8,1,73.1825,NA,9/2/19,2.99,0.555443284,17.3925,17.3925
534,v6,KHR-XD2N,9/4/19,52.6,1,73.1825,NA,9/2/19,2.99,0.555443284,17.5925,17.5925
611,v6,KHR-XD2N,9/5/19,52.8,1,73.1825,NA,9/2/19,2.99,0.555443284,17.3925,17.3925
237,v1,KHR-XE2N,6/1/18,98.95416667,1,47.21,NA,6/1/18,3.45875,NA,-55.20291667,-55.20291667
240,v1,KHR-XE2N,6/19/18,104.2458333,1,47.21,NA,6/1/18,3.45875,NA,-60.49458333,-60.49458333
227,v1,KHR-XE2N,7/1/18,106.68,1,47.21,NA,6/1/18,3.45875,NA,-62.92875,-62.92875
270,v2,KHR-XE2N,7/17/18,108.9,1,47.21,NA,7/15/18,4.595,0.211448638,-66.285,-66.285
271,v2,KHR-XE2N,7/27/18,109.2666667,1,47.21,NA,7/15/18,4.595,0.211448638,-66.65166667,-66.65166667
430,v3,KHR-XE2N,8/10/18,109.2666667,1,47.21,NA,8/24/18,3.6,0.322748612,-65.65666667,-65.65666667
411,v3,KHR-XE2N,8/25/18,110.1,1,47.21,NA,8/24/18,3.6,0.322748612,-66.49,-66.49
356,v3,KHR-XE2N,9/16/18,109.3666667,1,47.21,NA,8/24/18,3.6,0.322748612,-65.75666667,-65.75666667
323,v3,KHR-XE2N,10/1/18,109.5,1,47.21,NA,8/24/18,3.6,0.322748612,-65.89,-65.89
401,v3,KHR-XE2N,10/14/18,107.8,1,47.21,NA,8/24/18,3.6,0.322748612,-64.19,-64.19
36,nm,KHR-XE2N,11/18/18,105.2666667,1,47.21,NA,10/8/20,0,NA,-58.05666667,-58.05666667
205,v1,KHT-XD3S,6/1/18,104.5633333,1,68.58,150,6/1/18,3.45875,NA,-39.44208333,-39.44208333
105,nw,KHT-XD3S,10/1/18,NA,0,68.58,150,10/13/20,0,NA,-81.42,NA
106,nw,KHT-XD3S,11/18/18,NA,0,68.58,150,10/13/20,0,NA,-81.42,NA
40,nm,KHT-XD3S,6/3/19,NA,NA,68.58,150,10/8/20,0,NA,NA,NA
453,v4,KHT-XD3S,6/17/19,85.1,1,68.58,150,6/18/19,3.45875,NA,-19.97875,-19.97875
499,v5,KHT-XD3S,7/5/19,129.6666667,1,68.58,150,7/6/19,3.45875,NA,-64.54541667,-64.54541667
83,nw,KHT-XD3S,7/26/19,NA,0,68.58,150,10/13/20,0,NA,-81.42,NA
111,nw,KHT-XD3S,8/5/19,NA,0,68.58,150,10/13/20,0,NA,-81.42,NA
180,v1,KHT-XD6N,6/1/18,70.90833333,1,46.87833333,142.2333334,6/1/18,3.45875,NA,-27.48875,-27.48875
166,v1,KHT-XD6N,6/19/18,113.2416667,1,46.87833333,142.2333334,6/1/18,3.45875,NA,-69.82208333,-69.82208333
170,v1,KHT-XD6N,7/1/18,140.2291667,1,46.87833333,142.2333334,6/1/18,3.45875,NA,-96.80958333,-96.80958333
276,v2,KHT-XD6N,7/17/18,NA,0,46.87833333,142.2333334,7/15/18,4.595,0.211448638,-95.35500002,NA
304,v2,KHT-XD6N,7/27/18,NA,0,46.87833333,142.2333334,7/15/18,4.595,0.211448638,-95.35500002,NA
358,v3,KHT-XD6N,8/10/18,NA,0,46.87833333,142.2333334,8/24/18,3.6,0.322748612,-95.35500002,NA
432,v3,KHT-XD6N,8/25/18,NA,0,46.87833333,142.2333334,8/24/18,3.6,0.322748612,-95.35500002,NA
119,nw,KHT-XD6N,9/16/18,NA,0,46.87833333,142.2333334,10/13/20,0,NA,-95.35500002,NA
120,nw,KHT-XD6N,10/1/18,NA,0,46.87833333,142.2333334,10/13/20,0,NA,-95.35500002,NA
121,nw,KHT-XD6N,11/18/18,NA,0,46.87833333,142.2333334,10/13/20,0,NA,-95.35500002,NA
54,nm,KHT-XD6N,6/3/19,44.9,1,46.87833333,142.2333334,10/8/20,0,NA,1.978333333,1.978333333
456,v4,KHT-XD6N,6/17/19,51.83333333,1,46.87833333,142.2333334,6/18/19,3.45875,NA,-8.41375,-8.41375
493,v5,KHT-XD6N,7/5/19,100.3333333,1,46.87833333,142.2333334,7/6/19,3.45875,NA,-56.91375,-56.91375
159,v.070919,KHT-XD6N,7/26/19,139.5,1,46.87833333,142.2333334,10/17/20,3.04,0.466535285,-95.66166667,-95.66166667
99,nw,KHT-XD6N,8/4/19,NA,0,46.87833333,142.2333334,10/13/20,0,NA,-95.35500002,NA
100,nw,KHT-XD6N,9/21/19,NA,0,46.87833333,142.2333334,10/13/20,0,NA,-95.35500002,NA
222,v1,KHT-XE4S,7/1/18,120.015,1,76.68,142.125,6/1/18,3.45875,NA,-46.79375,-46.79375
243,v2,KHT-XE4S,7/17/18,134.7666667,1,76.68,142.125,7/15/18,4.595,0.211448638,-62.68166667,-62.68166667
297,v2,KHT-XE4S,7/27/18,136.5666667,1,76.68,142.125,7/15/18,4.595,0.211448638,-64.48166667,-64.48166667
314,v3,KHT-XE4S,8/10/18,136.175,1,76.68,142.125,8/24/18,3.6,0.322748612,-63.095,-63.095
389,v3,KHT-XE4S,8/25/18,141.2,1,76.68,142.125,8/24/18,3.6,0.322748612,-68.12,-68.12
349,v3,KHT-XE4S,9/16/18,138.5,1,76.68,142.125,8/24/18,3.6,0.322748612,-65.42,-65.42
404,v3,KHT-XE4S,10/1/18,137.8,1,76.68,142.125,8/24/18,3.6,0.322748612,-64.72,-64.72
418,v3,KHT-XE4S,10/14/18,114.8,1,76.68,142.125,8/24/18,3.6,0.322748612,-41.72,-41.72
379,v3,KHT-XE4S,11/18/18,99.16666667,1,76.68,142.125,8/24/18,3.6,0.322748612,-26.08666667,-26.08666667
28,nm,KHT-XE4S,6/3/19,73.5,1,76.68,142.125,10/8/20,0,NA,3.18,3.18
459,v4,KHT-XE4S,6/17/19,71.2,1,76.68,142.125,6/18/19,3.45875,NA,2.02125,2.02125
472,v5,KHT-XE4S,7/5/19,75.9,1,76.68,142.125,7/6/19,3.45875,NA,-2.67875,-2.67875
134,v.070919,KHT-XE4S,7/26/19,116.6333333,1,76.68,142.125,10/17/20,3.04,0.466535285,-42.99333333,-42.99333333
3,bamboo speaker wire,KHT-XE4S,8/4/19,127.7,1,76.68,142.125,9/2/19,2.65,0.744983221,-53.67,-53.67
598,v6,KHT-XE4S,8/20/19,136.5666667,1,76.68,142.125,9/2/19,2.99,0.555443284,-62.87666667,-62.87666667
599,v6,KHT-XE4S,9/2/19,135.7,1,76.68,142.125,9/2/19,2.99,0.555443284,-62.01,-62.01
603,v6,KHT-XE4S,9/21/19,115.4333333,1,76.68,142.125,9/2/19,2.99,0.555443284,-41.74333333,-41.74333333
574,v6,KHT-XE4S,10/5/19,108.0666667,1,76.68,142.125,9/2/19,2.99,0.555443284,-34.37666667,-34.37666667
625,v6,KHT-XE4S,10/20/19,104.5,1,76.68,142.125,9/2/19,2.99,0.555443284,-30.81,-30.81
172,v1,KHT-XE5S,6/1/18,61.70083333,1,56.9575,148.8,6/1/18,3.45875,NA,-8.202083333,-8.202083333
238,v1,KHT-XE5S,6/19/18,84.1375,1,56.9575,148.8,6/1/18,3.45875,NA,-30.63875,-30.63875
215,v1,KHT-XE5S,7/1/18,127.2116667,1,56.9575,148.8,6/1/18,3.45875,NA,-73.71291667,-73.71291667
288,v2,KHT-XE5S,7/17/18,145.0333333,1,56.9575,148.8,7/15/18,4.595,0.211448638,-92.67083333,-92.67083333
310,v2,KHT-XE5S,7/27/18,144.9333333,1,56.9575,148.8,7/15/18,4.595,0.211448638,-92.57083333,-92.57083333
403,v3,KHT-XE5S,8/10/18,144.4666667,1,56.9575,148.8,8/24/18,3.6,0.322748612,-91.10916667,-91.10916667
408,v3,KHT-XE5S,8/25/18,146.5666667,1,56.9575,148.8,8/24/18,3.6,0.322748612,-93.20916667,-93.20916667
373,v3,KHT-XE5S,9/16/18,141.6333333,1,56.9575,148.8,8/24/18,3.6,0.322748612,-88.27583333,-88.27583333
370,v3,KHT-XE5S,10/1/18,140.2,1,56.9575,148.8,8/24/18,3.6,0.322748612,-86.8425,-86.8425
384,v3,KHT-XE5S,10/14/18,136.0333333,1,56.9575,148.8,8/24/18,3.6,0.322748612,-82.67583333,-82.67583333
413,v3,KHT-XE5S,11/18/18,101.2333333,1,56.9575,148.8,8/24/18,3.6,0.322748612,-47.87583333,-47.87583333
73,nm,KHT-XE5S,6/3/19,58.53333333,1,56.9575,148.8,10/8/20,0,NA,-1.575833333,-1.575833333
441,v4,KHT-XE5S,6/17/19,56.56666667,1,56.9575,148.8,6/18/19,3.45875,NA,-3.067916667,-3.067916667
475,v5,KHT-XE5S,7/5/19,70.63333333,1,56.9575,148.8,7/6/19,3.45875,NA,-17.13458333,-17.13458333
123,v.070919,KHT-XE5S,7/26/19,121.6666667,1,56.9575,148.8,10/17/20,3.04,0.466535285,-67.74916667,-67.74916667
549,v6,KHT-XE5S,9/2/19,144.8666667,1,56.9575,148.8,9/2/19,2.99,0.555443284,-90.89916667,-90.89916667
552,v6,KHT-XE5S,10/20/19,124.1,1,56.9575,148.8,9/2/19,2.99,0.555443284,-70.1325,-70.1325
189,v1,KHT-XE6S,6/1/18,43.18,1,41.62333333,144,6/1/18,3.45875,NA,-5.015416667,-5.015416667
190,v1,KHT-XE6S,6/19/18,62.5475,1,41.62333333,144,6/1/18,3.45875,NA,-24.38291667,-24.38291667
193,v1,KHT-XE6S,7/1/18,112.5008333,1,41.62333333,144,6/1/18,3.45875,NA,-74.33625,-74.33625
277,v2,KHT-XE6S,7/17/18,NA,0,41.62333333,144,7/15/18,4.595,0.211448638,-102.3766667,NA
261,v2,KHT-XE6S,7/27/18,NA,0,41.62333333,144,7/15/18,4.595,0.211448638,-102.3766667,NA
424,v3,KHT-XE6S,8/10/18,NA,0,41.62333333,144,8/24/18,3.6,0.322748612,-102.3766667,NA
81,nw,KHT-XE6S,9/16/18,NA,0,41.62333333,144,10/13/20,0,NA,-102.3766667,NA
87,nw,KHT-XE6S,10/1/18,NA,0,41.62333333,144,10/13/20,0,NA,-102.3766667,NA
91,nw,KHT-XE6S,10/14/18,NA,0,41.62333333,144,10/13/20,0,NA,-102.3766667,NA
62,nm,KHT-XE6S,6/3/19,39.76666667,1,41.62333333,144,10/8/20,0,NA,1.856666667,1.856666667
443,v4,KHT-XE6S,6/17/19,38.4,1,41.62333333,144,6/18/19,3.45875,NA,-0.235416667,-0.235416667
462,v5,KHT-XE6S,7/5/19,43.16666667,1,41.62333333,144,7/6/19,3.45875,NA,-5.002083333,-5.002083333
141,v.070919,KHT-XE6S,7/26/19,104.5666667,1,41.62333333,144,10/17/20,3.04,0.466535285,-65.98333333,-65.98333333
15,bamboo speaker wire,KHT-XE6S,8/4/19,126.1,1,41.62333333,144,9/2/19,2.65,0.744983221,-87.12666667,-87.12666667
509,v6,KHT-XE6S,8/20/19,NA,0,41.62333333,144,9/2/19,2.99,0.555443284,-102.3766667,NA
506,v6,KHT-XE6S,9/2/19,NA,0,41.62333333,144,9/2/19,2.99,0.555443284,-102.3766667,NA
112,nw,KHT-XE6S,9/21/19,NA,0,41.62333333,144,10/13/20,0,NA,-102.3766667,NA
113,nw,KHT-XE6S,10/5/19,NA,0,41.62333333,144,10/13/20,0,NA,-102.3766667,NA
482,v5,KRH-XD1S,7/5/19,105.2666667,1,73.25,147.0666667,7/6/19,3.45875,NA,-35.47541667,-35.47541667
84,nw,KRH-XD1S,7/26/19,117,0,73.25,147.0666667,10/13/20,0,NA,-43.75,-43.75
124,v.070919,KRH-XD1S,7/26/19,117.25,1,73.25,147.0666667,10/17/20,3.04,0.466535285,-47.04,-47.04
533,v6,KRH-XD1S,9/2/19,121.6,1,73.25,147.0666667,9/2/19,2.99,0.555443284,-51.34,-51.34
588,v6,KRH-XD1S,10/20/19,119.7,1,73.25,147.0666667,9/2/19,2.99,0.555443284,-49.44,-49.44
212,v1,KWF-1,7/1/18,121.1791667,1,69.5,150.5,6/1/18,3.45875,NA,-55.13791667,-55.13791667
280,v2,KWF-1,7/17/18,140.6333333,1,69.5,150.5,7/15/18,4.595,0.211448638,-75.72833333,-75.72833333
308,v2,KWF-1,7/27/18,141.8,1,69.5,150.5,7/15/18,4.595,0.211448638,-76.895,-76.895
381,v3,KWF-1,8/10/18,146.5,1,69.5,150.5,8/24/18,3.6,0.322748612,-80.6,-80.6
392,v3,KWF-1,8/25/18,149.2666667,1,69.5,150.5,8/24/18,3.6,0.322748612,-83.36666667,-83.36666667
431,v3,KWF-1,9/16/18,145.2333333,1,69.5,150.5,8/24/18,3.6,0.322748612,-79.33333333,-79.33333333
367,v3,KWF-1,10/1/18,133.5,1,69.5,150.5,8/24/18,3.6,0.322748612,-67.6,-67.6
335,v3,KWF-1,10/14/18,100.9666667,1,69.5,150.5,8/24/18,3.6,0.322748612,-35.06666667,-35.06666667
369,v3,KWF-1,11/18/18,94.86666667,1,69.5,150.5,8/24/18,3.6,0.322748612,-28.96666667,-28.96666667
39,nm,KWF-1,6/3/19,66.43333333,1,69.5,150.5,10/8/20,0,NA,3.066666667,3.066666667
458,v4,KWF-1,6/17/19,65.66666667,1,69.5,150.5,6/18/19,3.45875,NA,0.374583333,0.374583333
498,v5,KWF-1,7/5/19,91.33333333,1,69.5,150.5,7/6/19,3.45875,NA,-25.29208333,-25.29208333
140,v.070919,KWF-1,7/26/19,102.3,1,69.5,150.5,10/17/20,3.04,0.466535285,-35.84,-35.84
6,bamboo speaker wire,KWF-1,8/4/19,122.5,1,69.5,150.5,9/2/19,2.65,0.744983221,-55.65,-55.65
617,v6,KWF-1,8/20/19,136.9333333,1,69.5,150.5,9/2/19,2.99,0.555443284,-70.42333333,-70.42333333
576,v6,KWF-1,9/2/19,140.1,1,69.5,150.5,9/2/19,2.99,0.555443284,-73.59,-73.59
579,v6,KWF-1,9/21/19,111.5333333,1,69.5,150.5,9/2/19,2.99,0.555443284,-45.02333333,-45.02333333
523,v6,KWF-1,10/5/19,94.7,1,69.5,150.5,9/2/19,2.99,0.555443284,-28.19,-28.19
566,v6,KWF-1,10/20/19,88.3,1,69.5,150.5,9/2/19,2.99,0.555443284,-21.79,-21.79
218,v1,KWR-1,7/1/18,93.87416667,1,73.05,NA,6/1/18,3.45875,NA,-24.28291667,-24.28291667
291,v2,KWR-1,7/17/18,100.4666667,1,73.05,NA,7/15/18,4.595,0.211448638,-32.01166667,-32.01166667
293,v2,KWR-1,7/27/18,102.4,1,73.05,NA,7/15/18,4.595,0.211448638,-33.945,-33.945
407,v3,KWR-1,8/10/18,102.2333333,1,73.05,NA,8/24/18,3.6,0.322748612,-32.78333333,-32.78333333
425,v3,KWR-1,8/25/18,103.9666667,1,73.05,NA,8/24/18,3.6,0.322748612,-34.51666667,-34.51666667
361,v3,KWR-1,9/16/18,105.8,1,73.05,NA,8/24/18,3.6,0.322748612,-36.35,-36.35
417,v3,KWR-1,10/1/18,102.1666667,1,73.05,NA,8/24/18,3.6,0.322748612,-32.71666667,-32.71666667
376,v3,KWR-1,11/18/18,106.3333333,1,73.05,NA,8/24/18,3.6,0.322748612,-36.88333333,-36.88333333
72,nm,KWR-1,6/3/19,64.33333333,1,73.05,NA,10/8/20,0,NA,8.716666667,8.716666667
59,nm,KWR-1,6/17/19,65,1,73.05,NA,10/8/20,0,NA,8.05,8.05
468,v5,KWR-1,7/5/19,75.16666667,1,73.05,NA,7/6/19,3.45875,NA,-5.575416667,-5.575416667
152,v.070919,KWR-1,7/26/19,92.23333333,1,73.05,NA,10/17/20,3.04,0.466535285,-22.22333333,-22.22333333
12,bamboo speaker wire,KWR-1,8/4/19,94.26666667,1,73.05,NA,9/2/19,2.65,0.744983221,-23.86666667,-23.86666667
624,v6,KWR-1,8/20/19,98.63333333,1,73.05,NA,9/2/19,2.99,0.555443284,-28.57333333,-28.57333333
622,v6,KWR-1,9/2/19,100.3,1,73.05,NA,9/2/19,2.99,0.555443284,-30.24,-30.24
543,v6,KWR-1,9/21/19,99.56666667,1,73.05,NA,9/2/19,2.99,0.555443284,-29.50666667,-29.50666667
542,v6,KWR-1,10/5/19,99,1,73.05,NA,9/2/19,2.99,0.555443284,-28.94,-28.94
626,v6,KWR-1,10/20/19,100.2,1,73.05,NA,9/2/19,2.99,0.555443284,-30.14,-30.14
169,v1,KWR-XE1N,7/1/18,127,1,90.1,NA,6/1/18,3.45875,NA,-40.35875,-40.35875
290,v2,KWR-XE1N,7/17/18,129.8,1,90.1,NA,7/15/18,4.595,0.211448638,-44.295,-44.295
279,v2,KWR-XE1N,7/27/18,131.2666667,1,90.1,NA,7/15/18,4.595,0.211448638,-45.76166667,-45.76166667
363,v3,KWR-XE1N,8/10/18,131.9333333,1,90.1,NA,8/24/18,3.6,0.322748612,-45.43333333,-45.43333333
336,v3,KWR-XE1N,8/25/18,133.7,1,90.1,NA,8/24/18,3.6,0.322748612,-47.2,-47.2
429,v3,KWR-XE1N,9/16/18,134.6,1,90.1,NA,8/24/18,3.6,0.322748612,-48.1,-48.1
438,v3,KWR-XE1N,10/1/18,135.4,1,90.1,NA,8/24/18,3.6,0.322748612,-48.9,-48.9
436,v3,KWR-XE1N,10/14/18,135.1333333,1,90.1,NA,8/24/18,3.6,0.322748612,-48.63333333,-48.63333333
428,v3,KWR-XE1N,11/18/18,133.6333333,1,90.1,NA,8/24/18,3.6,0.322748612,-47.13333333,-47.13333333
53,nm,KWR-XE1N,6/17/19,82,1,90.1,NA,10/8/20,0,NA,8.1,8.1
442,v4,KWR-XE1N,6/17/19,82,1,90.1,NA,6/18/19,3.45875,NA,4.64125,4.64125
483,v5,KWR-XE1N,7/5/19,107.9666667,1,90.1,NA,7/6/19,3.45875,NA,-21.32541667,-21.32541667
148,v.070919,KWR-XE1N,7/26/19,123.8666667,1,90.1,NA,10/17/20,3.04,0.466535285,-36.80666667,-36.80666667
22,bamboo speaker wire,KWR-XE1N,8/4/19,127.4333333,1,90.1,NA,9/2/19,2.65,0.744983221,-39.98333333,-39.98333333
587,v6,KWR-XE1N,8/20/19,130.6666667,1,90.1,NA,9/2/19,2.99,0.555443284,-43.55666667,-43.55666667
514,v6,KWR-XE1N,9/2/19,131.9,1,90.1,NA,9/2/19,2.99,0.555443284,-44.79,-44.79
531,v6,KWR-XE1N,9/21/19,131.3333333,1,90.1,NA,9/2/19,2.99,0.555443284,-44.22333333,-44.22333333
535,v6,KWR-XE1N,10/5/19,131.5666667,1,90.1,NA,9/2/19,2.99,0.555443284,-44.45666667,-44.45666667
591,v6,KWR-XE1N,10/20/19,132.4666667,1,90.1,NA,9/2/19,2.99,0.555443284,-45.35666667,-45.35666667
188,v1,KWT-1,6/19/18,113.03,1,55.6,136.7,6/1/18,3.45875,NA,-60.88875,-60.88875
232,v1,KWT-1,7/1/18,134.7258333,1,55.6,136.7,6/1/18,3.45875,NA,-82.58458333,-82.58458333
299,v2,KWT-1,7/17/18,NA,0,55.6,136.7,7/15/18,4.595,0.211448638,-81.1,NA
272,v2,KWT-1,7/27/18,NA,0,55.6,136.7,7/15/18,4.595,0.211448638,-81.1,NA
383,v3,KWT-1,8/10/18,NA,0,55.6,136.7,8/24/18,3.6,0.322748612,-81.1,NA
88,nw,KWT-1,9/16/18,NA,0,55.6,136.7,10/13/20,0,NA,-81.1,NA
89,nw,KWT-1,10/1/18,NA,0,55.6,136.7,10/13/20,0,NA,-81.1,NA
103,nw,KWT-1,10/14/18,NA,0,55.6,136.7,10/13/20,0,NA,-81.1,NA
69,nm,KWT-1,6/3/19,55.66666667,1,55.6,136.7,10/8/20,0,NA,-0.066666667,-0.066666667
448,v4,KWT-1,6/17/19,54.3,1,55.6,136.7,6/18/19,3.45875,NA,-2.15875,-2.15875
492,v5,KWT-1,7/5/19,57.73333333,1,55.6,136.7,7/6/19,3.45875,NA,-5.592083333,-5.592083333
146,v.070919,KWT-1,7/26/19,96.93333333,1,55.6,136.7,10/17/20,3.04,0.466535285,-44.37333333,-44.37333333
620,v6,KWT-1,8/20/19,121.9333333,1,55.6,136.7,9/2/19,2.99,0.555443284,-69.32333333,-69.32333333
592,v6,KWT-1,9/2/19,129.9666667,1,55.6,136.7,9/2/19,2.99,0.555443284,-77.35666667,-77.35666667
539,v6,KWT-1,10/20/19,61.73333333,1,55.6,136.7,9/2/19,2.99,0.555443284,-9.123333333,-9.123333333
485,v5,LET-1,7/7/19,64.56666667,1,37.375,NA,7/6/19,3.45875,NA,-30.65041667,-30.65041667
150,v.070919,LET-1,7/26/19,86.56666667,1,37.375,NA,10/17/20,3.04,0.466535285,-52.23166667,-52.23166667
16,bamboo speaker wire,LET-1,8/5/19,98.8,1,37.375,NA,9/2/19,2.65,0.744983221,-64.075,-64.075
582,v6,LET-1,8/20/19,112.9,1,37.375,NA,9/2/19,2.99,0.555443284,-78.515,-78.515
614,v6,LET-1,9/3/19,121.5333333,1,37.375,NA,9/2/19,2.99,0.555443284,-87.14833333,-87.14833333
600,v6,LET-1,9/21/19,96.4,1,37.375,NA,9/2/19,2.99,0.555443284,-62.015,-62.015
573,v6,LET-1,10/5/19,83.93333333,1,37.375,NA,9/2/19,2.99,0.555443284,-49.54833333,-49.54833333
616,v6,LET-1,10/19/19,75.73333333,1,37.375,NA,9/2/19,2.99,0.555443284,-41.34833333,-41.34833333
461,v5,LHT-1,7/7/19,82.13333333,1,47.225,148,7/6/19,3.45875,NA,-38.36708333,-38.36708333
128,v.070919,LHT-1,7/26/19,92.06666667,1,47.225,148,10/17/20,3.04,0.466535285,-47.88166667,-47.88166667
5,bamboo speaker wire,LHT-1,8/5/19,115.4333333,1,47.225,148,9/2/19,2.65,0.744983221,-70.85833333,-70.85833333
578,v6,LHT-1,8/20/19,128.1,1,47.225,148,9/2/19,2.99,0.555443284,-83.865,-83.865
564,v6,LHT-1,9/3/19,132.5,1,47.225,148,9/2/19,2.99,0.555443284,-88.265,-88.265
518,v6,LHT-1,9/21/19,148,0,47.225,148,9/2/19,2.99,0.555443284,-103.765,-103.765
580,v6,LHT-1,10/5/19,85.51666667,1,47.225,148,9/2/19,2.99,0.555443284,-41.28166667,-41.28166667
610,v6,LHT-1,10/19/19,136.4333333,1,47.225,148,9/2/19,2.99,0.555443284,-92.19833333,-92.19833333
555,v6,LHT-1,10/20/19,63.96666667,1,47.225,148,9/2/19,2.99,0.555443284,-19.73166667,-19.73166667
495,v5,LWT-1,7/7/19,73.43333333,1,47.225,NA,7/6/19,3.45875,NA,-29.66708333,-29.66708333
153,v.070919,LWT-1,7/26/19,96.7,1,47.225,NA,10/17/20,3.04,0.466535285,-52.515,-52.515
20,bamboo speaker wire,LWT-1,8/5/19,107.6333333,1,47.225,NA,9/2/19,2.65,0.744983221,-63.05833333,-63.05833333
601,v6,LWT-1,8/20/19,118.0666667,1,47.225,NA,9/2/19,2.99,0.555443284,-73.83166667,-73.83166667
561,v6,LWT-1,9/3/19,123.4333333,1,47.225,NA,9/2/19,2.99,0.555443284,-79.19833333,-79.19833333
602,v6,LWT-1,9/21/19,100.5666667,1,47.225,NA,9/2/19,2.99,0.555443284,-56.33166667,-56.33166667
615,v6,LWT-1,10/5/19,94.03333333,1,47.225,NA,9/2/19,2.99,0.555443284,-49.79833333,-49.79833333
618,v6,LWT-1,10/19/19,91.46666667,1,47.225,NA,9/2/19,2.99,0.555443284,-47.23166667,-47.23166667