deploy_end,deploy_start,deployment_id,deploy_year,well_id,DT,Date,Time,raw_Level_m,TEMPERATURE,end_date_x,cut_start,cut_end,temp_threshold,end_date_y,Rate of Change
2018-07-27 23:59:00,2018-07-25,KFR-XE1S_2018_0725_0727,2018,KFR-XE1S,2018-07-25 12:30:00,7/25/2018,12:30:00 pm,8.4238,10.672,2018-07-27,2018-07-25 12:30:00,2018-07-27 12:30:00,0.5,2018-07-27,0.0001
2018-07-27 23:59:00,2018-07-25,KFR-XE1S_2018_0725_0727,2018,KFR-XE1S,2018-07-25 12:40:00,7/25/2018,12:40:00 pm,8.4266,10.432,2018-07-27,2018-07-25 12:30:00,2018-07-27 12:30:00,0.5,2018-07-27,0.02400000000000002
2018-07-27 23:59:00,2018-07-25,KFR-XE1S_2018_0725_0727,2018,KFR-XE1S,2018-07-25 12:50:00,7/25/2018,12:50:00 pm,8.4306,10.301,2018-07-27,2018-07-25 12:30:00,2018-07-27 12:30:00,0.5,2018-07-27,0.013100000000000023
2018-07-27 23:59:00,2018-07-25,KFR-XE1S_2018_0725_0727,2018,KFR-XE1S,2018-07-25 13:00:00,7/25/2018,01:00:00 pm,8.4336,10.217,2018-07-27,2018-07-25 12:30:00,2018-07-27 12:30:00,0.5,2018-07-27,0.008399999999999963
2018-07-27 23:59:00,2018-07-25,KFR-XE1S_2018_0725_0727,2018,KFR-XE1S,2018-07-25 13:10:00,7/25/2018,01:10:00 pm,8.4359,10.156,2018-07-27,2018-07-25 12:30:00,2018-07-27 12:30:00,0.5,2018-07-27,0.006099999999999994
2018-07-27 23:59:00,2018-07-25,KFR-XE1S_2018_0725_0727,2018,KFR-XE1S,2018-07-25 13:20:00,7/25/2018,01:20:00 pm,8.4379,10.111,2018-07-27,2018-07-25 12:30:00,2018-07-27 12:30:00,0.5,2018-07-27,0.004499999999999993
2018-07-27 23:59:00,2018-07-25,KFR-XE1S_2018_0725_0727,2018,KFR-XE1S,2018-07-25 13:30:00,7/25/2018,01:30:00 pm,8.4391,10.076,2018-07-27,2018-07-25 12:30:00,2018-07-27 12:30:00,0.5,2018-07-27,0.0035000000000000144
2018-07-27 23:59:00,2018-07-25,KFR-XE1S_2018_0725_0727,2018,KFR-XE1S,2018-07-25 13:40:00,7/25/2018,01:40:00 pm,8.4398,10.048,2018-07-27,2018-07-25 12:30:00,2018-07-27 12:30:00,0.5,2018-07-27,0.002800000000000047
2018-07-27 23:59:00,2018-07-25,KFR-XE1S_2018_0725_0727,2018,KFR-XE1S,2018-07-25 13:50:00,7/25/2018,01:50:00 pm,8.4401,10.024,2018-07-27,2018-07-25 12:30:00,2018-07-27 12:30:00,0.5,2018-07-27,0.002400000000000091
2018-07-27 23:59:00,2018-07-25,KFR-XE1S_2018_0725_0727,2018,KFR-XE1S,2018-07-25 14:00:00,7/25/2018,02:00:00 pm,8.4406,10.006,2018-07-27,2018-07-25 12:30:00,2018-07-27 12:30:00,0.5,2018-07-27,0.0017999999999998907
2018-07-27 23:59:00,2018-07-25,KFR-XE1S_2018_0725_0727,2018,KFR-XE1S,2018-07-25 14:10:00,7/25/2018,02:10:00 pm,8.4403,9.989,2018-07-27,2018-07-25 12:30:00,2018-07-27 12:30:00,0.5,2018-07-27,0.001699999999999946
2018-07-27 23:59:00,2018-07-25,KFR-XE1S_2018_0725_0727,2018,KFR-XE1S,2018-07-25 14:20:00,7/25/2018,02:20:00 pm,8.4402,9.975,2018-07-27,2018-07-25 12:30:00,2018-07-27 12:30:00,0.5,2018-07-27,0.0014000000000001123
2018-07-27 23:59:00,2018-07-25,KFR-XE1S_2018_0725_0727,2018,KFR-XE1S,2018-07-25 14:30:00,7/25/2018,02:30:00 pm,8.4394,9.965,2018-07-27,2018-07-25 12:30:00,2018-07-27 12:30:00,0.5,2018-07-27,0.0009999999999999788
2018-07-27 23:59:00,2018-07-25,KFR-XE1S_2018_0725_0727,2018,KFR-XE1S,2018-07-25 14:40:00,7/25/2018,02:40:00 pm,8.4386,9.955,2018-07-27,2018-07-25 12:30:00,2018-07-27 12:30:00,0.5,2018-07-27,0.0009999999999999788
2018-07-27 23:59:00,2018-07-25,KFR-XE1S_2018_0725_0727,2018,KFR-XE1S,2018-07-25 14:50:00,7/25/2018,02:50:00 pm,8.4376,9.947,2018-07-27,2018-07-25 12:30:00,2018-07-27 12:30:00,0.5,2018-07-27,0.0008000000000000895
2018-07-27 23:59:00,2018-07-25,KFR-XE1S_2018_0725_0727,2018,KFR-XE1S,2018-07-25 15:00:00,7/25/2018,03:00:00 pm,8.4373,9.939,2018-07-27,2018-07-25 12:30:00,2018-07-27 12:30:00,0.5,2018-07-27,0.0007999999999999119
2018-07-27 23:59:00,2018-07-25,KFR-XE1S_2018_0725_0727,2018,KFR-XE1S,2018-07-25 15:10:00,7/25/2018,03:10:00 pm,8.4364,9.934,2018-07-27,2018-07-25 12:30:00,2018-07-27 12:30:00,0.5,2018-07-27,0.0005000000000000782
2018-07-27 23:59:00,2018-07-25,KFR-XE1S_2018_0725_0727,2018,KFR-XE1S,2018-07-25 15:20:00,7/25/2018,03:20:00 pm,8.4356,9.927,2018-07-27,2018-07-25 12:30:00,2018-07-27 12:30:00,0.5,2018-07-27,0.0006999999999999674
2018-07-27 23:59:00,2018-07-25,KFR-XE1S_2018_0725_0727,2018,KFR-XE1S,2018-07-25 15:30:00,7/25/2018,03:30:00 pm,8.4347,9.921,2018-07-27,2018-07-25 12:30:00,2018-07-27 12:30:00,0.5,2018-07-27,0.0006000000000000227
2018-07-27 23:59:00,2018-07-25,KFR-XE1S_2018_0725_0727,2018,KFR-XE1S,2018-07-25 15:40:00,7/25/2018,03:40:00 pm,8.4341,9.914,2018-07-27,2018-07-25 12:30:00,2018-07-27 12:30:00,0.5,2018-07-27,0.0006999999999999674
2018-07-27 23:59:00,2018-07-25,KFR-XE1S_2018_0725_0727,2018,KFR-XE1S,2018-07-25 15:50:00,7/25/2018,03:50:00 pm,8.4331,9.909,2018-07-27,2018-07-25 12:30:00,2018-07-27 12:30:00,0.5,2018-07-27,0.0004999999999999005
2018-07-27 23:59:00,2018-07-25,KFR-XE1S_2018_0725_0727,2018,KFR-XE1S,2018-07-25 16:00:00,7/25/2018,04:00:00 pm,8.4322,9.905,2018-07-27,2018-07-25 12:30:00,2018-07-27 12:30:00,0.5,2018-07-27,0.0004000000000001336
2018-07-27 23:59:00,2018-07-25,KFR-XE1S_2018_0725_0727,2018,KFR-XE1S,2018-07-25 16:10:00,7/25/2018,04:10:00 pm,8.4315,9.902,2018-07-27,2018-07-25 12:30:00,2018-07-27 12:30:00,0.5,2018-07-27,0.00030000000000001136
2018-07-27 23:59:00,2018-07-25,KFR-XE1S_2018_0725_0727,2018,KFR-XE1S,2018-07-25 16:20:00,7/25/2018,04:20:00 pm,8.4308,9.899,2018-07-27,2018-07-25 12:30:00,2018-07-27 12:30:00,0.5,2018-07-27,0.00030000000000001136
2018-07-27 23:59:00,2018-07-25,KFR-XE1S_2018_0725_0727,2018,KFR-XE1S,2018-07-25 16:30:00,7/25/2018,04:30:00 pm,8.4295,9.896,2018-07-27,2018-07-25 12:30:00,2018-07-27 12:30:00,0.5,2018-07-27,0.0002999999999998337
2018-07-27 23:59:00,2018-07-25,KFR-XE1S_2018_0725_0727,2018,KFR-XE1S,2018-07-25 16:40:00,7/25/2018,04:40:00 pm,8.4286,9.894,2018-07-27,2018-07-25 12:30:00,2018-07-27 12:30:00,0.5,2018-07-27,0.0002000000000000668
2018-07-27 23:59:00,2018-07-25,KFR-XE1S_2018_0725_0727,2018,KFR-XE1S,2018-07-25 16:50:00,7/25/2018,04:50:00 pm,8.4281,9.891,2018-07-27,2018-07-25 12:30:00,2018-07-27 12:30:00,0.5,2018-07-27,0.00030000000000001136
2018-07-27 23:59:00,2018-07-25,KFR-XE1S_2018_0725_0727,2018,KFR-XE1S,2018-07-25 17:00:00,7/25/2018,05:00:00 pm,8.4275,9.889,2018-07-27,2018-07-25 12:30:00,2018-07-27 12:30:00,0.5,2018-07-27,0.0002000000000000668
2018-07-27 23:59:00,2018-07-25,KFR-XE1S_2018_0725_0727,2018,KFR-XE1S,2018-07-25 17:10:00,7/25/2018,05:10:00 pm,8.4269,9.887,2018-07-27,2018-07-25 12:30:00,2018-07-27 12:30:00,0.5,2018-07-27,0.00019999999999988915
2018-07-27 23:59:00,2018-07-25,KFR-XE1S_2018_0725_0727,2018,KFR-XE1S,2018-07-25 17:20:00,7/25/2018,05:20:00 pm,8.4265,9.885,2018-07-27,2018-07-25 12:30:00,2018-07-27 12:30:00,0.5,2018-07-27,0.0002000000000000668
2018-07-27 23:59:00,2018-07-25,KFR-XE1S_2018_0725_0727,2018,KFR-XE1S,2018-07-25 17:30:00,7/25/2018,05:30:00 pm,8.4263,9.884,2018-07-27,2018-07-25 12:30:00,2018-07-27 12:30:00,0.5,2018-07-27,9.999999999994457e-05
2018-07-27 23:59:00,2018-07-25,KFR-XE1S_2018_0725_0727,2018,KFR-XE1S,2018-07-25 17:40:00,7/25/2018,05:40:00 pm,8.426,9.882,2018-07-27,2018-07-25 12:30:00,2018-07-27 12:30:00,0.5,2018-07-27,0.0002000000000000668
2018-07-27 23:59:00,2018-07-25,KFR-XE1S_2018_0725_0727,2018,KFR-XE1S,2018-07-25 17:50:00,7/25/2018,05:50:00 pm,8.4254,9.88,2018-07-27,2018-07-25 12:30:00,2018-07-27 12:30:00,0.5,2018-07-27,0.00019999999999988915
2018-07-27 23:59:00,2018-07-25,KFR-XE1S_2018_0725_0727,2018,KFR-XE1S,2018-07-25 18:00:00,7/25/2018,06:00:00 pm,8.425,9.879,2018-07-27,2018-07-25 12:30:00,2018-07-27 12:30:00,0.5,2018-07-27,0.00010000000000012221
2018-07-27 23:59:00,2018-07-25,KFR-XE1S_2018_0725_0727,2018,KFR-XE1S,2018-07-25 18:10:00,7/25/2018,06:10:00 pm,8.4253,9.877,2018-07-27,2018-07-25 12:30:00,2018-07-27 12:30:00,0.5,2018-07-27,0.00019999999999988915
2018-07-27 23:59:00,2018-07-25,KFR-XE1S_2018_0725_0727,2018,KFR-XE1S,2018-07-25 18:20:00,7/25/2018,06:20:00 pm,8.4251,9.876,2018-07-27,2018-07-25 12:30:00,2018-07-27 12:30:00,0.5,2018-07-27,0.00010000000000012221
2018-07-27 23:59:00,2018-07-25,KFR-XE1S_2018_0725_0727,2018,KFR-XE1S,2018-07-25 18:30:00,7/25/2018,06:30:00 pm,8.4252,9.875,2018-07-27,2018-07-25 12:30:00,2018-07-27 12:30:00,0.5,2018-07-27,9.999999999994457e-05
2018-07-27 23:59:00,2018-07-25,KFR-XE1S_2018_0725_0727,2018,KFR-XE1S,2018-07-25 18:40:00,7/25/2018,06:40:00 pm,8.4251,9.873,2018-07-27,2018-07-25 12:30:00,2018-07-27 12:30:00,0.5,2018-07-27,0.0002000000000000668
2018-07-27 23:59:00,2018-07-25,KFR-XE1S_2018_0725_0727,2018,KFR-XE1S,2018-07-25 18:50:00,7/25/2018,06:50:00 pm,8.4254,9.872,2018-07-27,2018-07-25 12:30:00,2018-07-27 12:30:00,0.5,2018-07-27,9.999999999994457e-05
2018-07-27 23:59:00,2018-07-25,KFR-XE1S_2018_0725_0727,2018,KFR-XE1S,2018-07-25 19:00:00,7/25/2018,07:00:00 pm,8.4256,9.871,2018-07-27,2018-07-25 12:30:00,2018-07-27 12:30:00,0.5,2018-07-27,9.999999999994457e-05
2018-07-27 23:59:00,2018-07-25,KFR-XE1S_2018_0725_0727,2018,KFR-XE1S,2018-07-25 19:10:00,7/25/2018,07:10:00 pm,8.4258,9.869,2018-07-27,2018-07-25 12:30:00,2018-07-27 12:30:00,0.5,2018-07-27,0.0002000000000000668
2018-07-27 23:59:00,2018-07-25,KFR-XE1S_2018_0725_0727,2018,KFR-XE1S,2018-07-25 19:20:00,7/25/2018,07:20:00 pm,8.4263,9.868,2018-07-27,2018-07-25 12:30:00,2018-07-27 12:30:00,0.5,2018-07-27,9.999999999994457e-05
2018-07-27 23:59:00,2018-07-25,KFR-XE1S_2018_0725_0727,2018,KFR-XE1S,2018-07-25 19:30:00,7/25/2018,07:30:00 pm,8.4265,9.866,2018-07-27,2018-07-25 12:30:00,2018-07-27 12:30:00,0.5,2018-07-27,0.0002000000000000668
2018-07-27 23:59:00,2018-07-25,KFR-XE1S_2018_0725_0727,2018,KFR-XE1S,2018-07-25 19:40:00,7/25/2018,07:40:00 pm,8.4267,9.865,2018-07-27,2018-07-25 12:30:00,2018-07-27 12:30:00,0.5,2018-07-27,9.999999999994457e-05
2018-07-27 23:59:00,2018-07-25,KFR-XE1S_2018_0725_0727,2018,KFR-XE1S,2018-07-25 19:50:00,7/25/2018,07:50:00 pm,8.4273,9.864,2018-07-27,2018-07-25 12:30:00,2018-07-27 12:30:00,0.5,2018-07-27,9.999999999994457e-05
2018-07-27 23:59:00,2018-07-25,KFR-XE1S_2018_0725_0727,2018,KFR-XE1S,2018-07-25 20:00:00,7/25/2018,08:00:00 pm,8.4277,9.863,2018-07-27,2018-07-25 12:30:00,2018-07-27 12:30:00,0.5,2018-07-27,0.00010000000000012221
2018-07-27 23:59:00,2018-07-25,KFR-XE1S_2018_0725_0727,2018,KFR-XE1S,2018-07-25 20:10:00,7/25/2018,08:10:00 pm,8.4287,9.862,2018-07-27,2018-07-25 12:30:00,2018-07-27 12:30:00,0.5,2018-07-27,9.999999999994457e-05
2018-07-27 23:59:00,2018-07-25,KFR-XE1S_2018_0725_0727,2018,KFR-XE1S,2018-07-25 20:20:00,7/25/2018,08:20:00 pm,8.43,9.861,2018-07-27,2018-07-25 12:30:00,2018-07-27 12:30:00,0.5,2018-07-27,9.999999999994457e-05
2018-07-27 23:59:00,2018-07-25,KFR-XE1S_2018_0725_0727,2018,KFR-XE1S,2018-07-25 20:30:00,7/25/2018,08:30:00 pm,8.4311,9.86,2018-07-27,2018-07-25 12:30:00,2018-07-27 12:30:00,0.5,2018-07-27,0.00010000000000012221
2018-07-27 23:59:00,2018-07-25,KFR-XE1S_2018_0725_0727,2018,KFR-XE1S,2018-07-25 20:40:00,7/25/2018,08:40:00 pm,8.4322,9.859,2018-07-27,2018-07-25 12:30:00,2018-07-27 12:30:00,0.5,2018-07-27,9.999999999994457e-05
2018-07-27 23:59:00,2018-07-25,KFR-XE1S_2018_0725_0727,2018,KFR-XE1S,2018-07-25 20:50:00,7/25/2018,08:50:00 pm,8.4338,9.858,2018-07-27,2018-07-25 12:30:00,2018-07-27 12:30:00,0.5,2018-07-27,9.999999999994457e-05
2018-07-27 23:59:00,2018-07-25,KFR-XE1S_2018_0725_0727,2018,KFR-XE1S,2018-07-25 21:00:00,7/25/2018,09:00:00 pm,8.4351,9.857,2018-07-27,2018-07-25 12:30:00,2018-07-27 12:30:00,0.5,2018-07-27,0.00010000000000012221
2018-07-27 23:59:00,2018-07-25,KFR-XE1S_2018_0725_0727,2018,KFR-XE1S,2018-07-25 21:10:00,7/25/2018,09:10:00 pm,8.4365,9.856,2018-07-27,2018-07-25 12:30:00,2018-07-27 12:30:00,0.5,2018-07-27,9.999999999994457e-05
2018-07-27 23:59:00,2018-07-25,KFR-XE1S_2018_0725_0727,2018,KFR-XE1S,2018-07-25 21:20:00,7/25/2018,09:20:00 pm,8.4386,9.854,2018-07-27,2018-07-25 12:30:00,2018-07-27 12:30:00,0.5,2018-07-27,0.0002000000000000668
2018-07-27 23:59:00,2018-07-25,KFR-XE1S_2018_0725_0727,2018,KFR-XE1S,2018-07-25 21:30:00,7/25/2018,09:30:00 pm,8.4399,9.854,2018-07-27,2018-07-25 12:30:00,2018-07-27 12:30:00,0.5,2018-07-27,0.0
2018-07-27 23:59:00,2018-07-25,KFR-XE1S_2018_0725_0727,2018,KFR-XE1S,2018-07-25 21:40:00,7/25/2018,09:40:00 pm,8.4416,9.853,2018-07-27,2018-07-25 12:30:00,2018-07-27 12:30:00,0.5,2018-07-27,9.999999999994457e-05
2018-07-27 23:59:00,2018-07-25,KFR-XE1S_2018_0725_0727,2018,KFR-XE1S,2018-07-25 21:50:00,7/25/2018,09:50:00 pm,8.4433,9.852,2018-07-27,2018-07-25 12:30:00,2018-07-27 12:30:00,0.5,2018-07-27,9.999999999994457e-05
2018-07-27 23:59:00,2018-07-25,KFR-XE1S_2018_0725_0727,2018,KFR-XE1S,2018-07-25 22:00:00,7/25/2018,10:00:00 pm,8.4447,9.851,2018-07-27,2018-07-25 12:30:00,2018-07-27 12:30:00,0.5,2018-07-27,9.999999999994457e-05
2018-07-27 23:59:00,2018-07-25,KFR-XE1S_2018_0725_0727,2018,KFR-XE1S,2018-07-25 22:10:00,7/25/2018,10:10:00 pm,8.4463,9.85,2018-07-27,2018-07-25 12:30:00,2018-07-27 12:30:00,0.5,2018-07-27,0.00010000000000012221
2018-07-27 23:59:00,2018-07-25,KFR-XE1S_2018_0725_0727,2018,KFR-XE1S,2018-07-25 22:20:00,7/25/2018,10:20:00 pm,8.4476,9.849,2018-07-27,2018-07-25 12:30:00,2018-07-27 12:30:00,0.5,2018-07-27,9.999999999994457e-05
2018-07-27 23:59:00,2018-07-25,KFR-XE1S_2018_0725_0727,2018,KFR-XE1S,2018-07-25 22:30:00,7/25/2018,10:30:00 pm,8.4489,9.849,2018-07-27,2018-07-25 12:30:00,2018-07-27 12:30:00,0.5,2018-07-27,0.0
2018-07-27 23:59:00,2018-07-25,KFR-XE1S_2018_0725_0727,2018,KFR-XE1S,2018-07-25 22:40:00,7/25/2018,10:40:00 pm,8.45,9.848,2018-07-27,2018-07-25 12:30:00,2018-07-27 12:30:00,0.5,2018-07-27,9.999999999994457e-05
2018-07-27 23:59:00,2018-07-25,KFR-XE1S_2018_0725_0727,2018,KFR-XE1S,2018-07-25 22:50:00,7/25/2018,10:50:00 pm,8.4513,9.848,2018-07-27,2018-07-25 12:30:00,2018-07-27 12:30:00,0.5,2018-07-27,0.0
2018-07-27 23:59:00,2018-07-25,KFR-XE1S_2018_0725_0727,2018,KFR-XE1S,2018-07-25 23:00:00,7/25/2018,11:00:00 pm,8.4526,9.847,2018-07-27,2018-07-25 12:30:00,2018-07-27 12:30:00,0.5,2018-07-27,0.00010000000000012221
2018-07-27 23:59:00,2018-07-25,KFR-XE1S_2018_0725_0727,2018,KFR-XE1S,2018-07-25 23:10:00,7/25/2018,11:10:00 pm,8.4536,9.847,2018-07-27,2018-07-25 12:30:00,2018-07-27 12:30:00,0.5,2018-07-27,0.0
2018-07-27 23:59:00,2018-07-25,KFR-XE1S_2018_0725_0727,2018,KFR-XE1S,2018-07-25 23:20:00,7/25/2018,11:20:00 pm,8.4549,9.847,2018-07-27,2018-07-25 12:30:00,2018-07-27 12:30:00,0.5,2018-07-27,0.0
2018-07-27 23:59:00,2018-07-25,KFR-XE1S_2018_0725_0727,2018,KFR-XE1S,2018-07-25 23:30:00,7/25/2018,11:30:00 pm,8.4561,9.846,2018-07-27,2018-07-25 12:30:00,2018-07-27 12:30:00,0.5,2018-07-27,9.999999999994457e-05
2018-07-27 23:59:00,2018-07-25,KFR-XE1S_2018_0725_0727,2018,KFR-XE1S,2018-07-25 23:40:00,7/25/2018,11:40:00 pm,8.457,9.846,2018-07-27,2018-07-25 12:30:00,2018-07-27 12:30:00,0.5,2018-07-27,0.0
2018-07-27 23:59:00,2018-07-25,KFR-XE1S_2018_0725_0727,2018,KFR-XE1S,2018-07-25 23:50:00,7/25/2018,11:50:00 pm,8.4579,9.846,2018-07-27,2018-07-25 12:30:00,2018-07-27 12:30:00,0.5,2018-07-27,0.0
2018-07-27 23:59:00,2018-07-25,KFR-XE1S_2018_0725_0727,2018,KFR-XE1S,2018-07-26 00:00:00,7/26/2018,12:00:00 am,8.4589,9.846,2018-07-27,2018-07-25 12:30:00,2018-07-27 12:30:00,0.5,2018-07-27,0.0
2018-07-27 23:59:00,2018-07-25,KFR-XE1S_2018_0725_0727,2018,KFR-XE1S,2018-07-26 00:10:00,7/26/2018,12:10:00 am,8.4595,9.846,2018-07-27,2018-07-25 12:30:00,2018-07-27 12:30:00,0.5,2018-07-27,0.0
2018-07-27 23:59:00,2018-07-25,KFR-XE1S_2018_0725_0727,2018,KFR-XE1S,2018-07-26 00:20:00,7/26/2018,12:20:00 am,8.4604,9.846,2018-07-27,2018-07-25 12:30:00,2018-07-27 12:30:00,0.5,2018-07-27,0.0
2018-07-27 23:59:00,2018-07-25,KFR-XE1S_2018_0725_0727,2018,KFR-XE1S,2018-07-26 00:30:00,7/26/2018,12:30:00 am,8.4608,9.846,2018-07-27,2018-07-25 12:30:00,2018-07-27 12:30:00,0.5,2018-07-27,0.0
2018-07-27 23:59:00,2018-07-25,KFR-XE1S_2018_0725_0727,2018,KFR-XE1S,2018-07-26 00:40:00,7/26/2018,12:40:00 am,8.4615,9.846,2018-07-27,2018-07-25 12:30:00,2018-07-27 12:30:00,0.5,2018-07-27,0.0
2018-07-27 23:59:00,2018-07-25,KFR-XE1S_2018_0725_0727,2018,KFR-XE1S,2018-07-26 00:50:00,7/26/2018,12:50:00 am,8.4622,9.846,2018-07-27,2018-07-25 12:30:00,2018-07-27 12:30:00,0.5,2018-07-27,0.0
2018-07-27 23:59:00,2018-07-25,KFR-XE1S_2018_0725_0727,2018,KFR-XE1S,2018-07-26 01:00:00,7/26/2018,01:00:00 am,8.463,9.846,2018-07-27,2018-07-25 12:30:00,2018-07-27 12:30:00,0.5,2018-07-27,0.0
2018-07-27 23:59:00,2018-07-25,KFR-XE1S_2018_0725_0727,2018,KFR-XE1S,2018-07-26 01:10:00,7/26/2018,01:10:00 am,8.4637,9.846,2018-07-27,2018-07-25 12:30:00,2018-07-27 12:30:00,0.5,2018-07-27,0.0
2018-07-27 23:59:00,2018-07-25,KFR-XE1S_2018_0725_0727,2018,KFR-XE1S,2018-07-26 01:20:00,7/26/2018,01:20:00 am,8.4644,9.846,2018-07-27,2018-07-25 12:30:00,2018-07-27 12:30:00,0.5,2018-07-27,0.0
2018-07-27 23:59:00,2018-07-25,KFR-XE1S_2018_0725_0727,2018,KFR-XE1S,2018-07-26 01:30:00,7/26/2018,01:30:00 am,8.4651,9.846,2018-07-27,2018-07-25 12:30:00,2018-07-27 12:30:00,0.5,2018-07-27,0.0
2018-07-27 23:59:00,2018-07-25,KFR-XE1S_2018_0725_0727,2018,KFR-XE1S,2018-07-26 01:40:00,7/26/2018,01:40:00 am,8.4651,9.846,2018-07-27,2018-07-25 12:30:00,2018-07-27 12:30:00,0.5,2018-07-27,0.0
2018-07-27 23:59:00,2018-07-25,KFR-XE1S_2018_0725_0727,2018,KFR-XE1S,2018-07-26 01:50:00,7/26/2018,01:50:00 am,8.466,9.847,2018-07-27,2018-07-25 12:30:00,2018-07-27 12:30:00,0.5,2018-07-27,9.999999999994457e-05
2018-07-27 23:59:00,2018-07-25,KFR-XE1S_2018_0725_0727,2018,KFR-XE1S,2018-07-26 02:00:00,7/26/2018,02:00:00 am,8.4662,9.847,2018-07-27,2018-07-25 12:30:00,2018-07-27 12:30:00,0.5,2018-07-27,0.0
2018-07-27 23:59:00,2018-07-25,KFR-XE1S_2018_0725_0727,2018,KFR-XE1S,2018-07-26 02:10:00,7/26/2018,02:10:00 am,8.4665,9.847,2018-07-27,2018-07-25 12:30:00,2018-07-27 12:30:00,0.5,2018-07-27,0.0
2018-07-27 23:59:00,2018-07-25,KFR-XE1S_2018_0725_0727,2018,KFR-XE1S,2018-07-26 02:20:00,7/26/2018,02:20:00 am,8.4663,9.847,2018-07-27,2018-07-25 12:30:00,2018-07-27 12:30:00,0.5,2018-07-27,0.0
2018-07-27 23:59:00,2018-07-25,KFR-XE1S_2018_0725_0727,2018,KFR-XE1S,2018-07-26 02:30:00,7/26/2018,02:30:00 am,8.4667,9.847,2018-07-27,2018-07-25 12:30:00,2018-07-27 12:30:00,0.5,2018-07-27,0.0
2018-07-27 23:59:00,2018-07-25,KFR-XE1S_2018_0725_0727,2018,KFR-XE1S,2018-07-26 02:40:00,7/26/2018,02:40:00 am,8.4672,9.847,2018-07-27,2018-07-25 12:30:00,2018-07-27 12:30:00,0.5,2018-07-27,0.0
2018-07-27 23:59:00,2018-07-25,KFR-XE1S_2018_0725_0727,2018,KFR-XE1S,2018-07-26 02:50:00,7/26/2018,02:50:00 am,8.4672,9.848,2018-07-27,2018-07-25 12:30:00,2018-07-27 12:30:00,0.5,2018-07-27,0.00010000000000012221
2018-07-27 23:59:00,2018-07-25,KFR-XE1S_2018_0725_0727,2018,KFR-XE1S,2018-07-26 03:00:00,7/26/2018,03:00:00 am,8.4672,9.848,2018-07-27,2018-07-25 12:30:00,2018-07-27 12:30:00,0.5,2018-07-27,0.0
2018-07-27 23:59:00,2018-07-25,KFR-XE1S_2018_0725_0727,2018,KFR-XE1S,2018-07-26 03:10:00,7/26/2018,03:10:00 am,8.4678,9.848,2018-07-27,2018-07-25 12:30:00,2018-07-27 12:30:00,0.5,2018-07-27,0.0
2018-07-27 23:59:00,2018-07-25,KFR-XE1S_2018_0725_0727,2018,KFR-XE1S,2018-07-26 03:20:00,7/26/2018,03:20:00 am,8.4675,9.848,2018-07-27,2018-07-25 12:30:00,2018-07-27 12:30:00,0.5,2018-07-27,0.0
2018-07-27 23:59:00,2018-07-25,KFR-XE1S_2018_0725_0727,2018,KFR-XE1S,2018-07-26 03:30:00,7/26/2018,03:30:00 am,8.4683,9.849,2018-07-27,2018-07-25 12:30:00,2018-07-27 12:30:00,0.5,2018-07-27,9.999999999994457e-05
2018-07-27 23:59:00,2018-07-25,KFR-XE1S_2018_0725_0727,2018,KFR-XE1S,2018-07-26 03:40:00,7/26/2018,03:40:00 am,8.468,9.849,2018-07-27,2018-07-25 12:30:00,2018-07-27 12:30:00,0.5,2018-07-27,0.0
2018-07-27 23:59:00,2018-07-25,KFR-XE1S_2018_0725_0727,2018,KFR-XE1S,2018-07-26 03:50:00,7/26/2018,03:50:00 am,8.4682,9.849,2018-07-27,2018-07-25 12:30:00,2018-07-27 12:30:00,0.5,2018-07-27,0.0
2018-07-27 23:59:00,2018-07-25,KFR-XE1S_2018_0725_0727,2018,KFR-XE1S,2018-07-26 04:00:00,7/26/2018,04:00:00 am,8.4686,9.85,2018-07-27,2018-07-25 12:30:00,2018-07-27 12:30:00,0.5,2018-07-27,9.999999999994457e-05
2018-07-27 23:59:00,2018-07-25,KFR-XE1S_2018_0725_0727,2018,KFR-XE1S,2018-07-26 04:10:00,7/26/2018,04:10:00 am,8.4686,9.85,2018-07-27,2018-07-25 12:30:00,2018-07-27 12:30:00,0.5,2018-07-27,0.0
2018-07-27 23:59:00,2018-07-25,KFR-XE1S_2018_0725_0727,2018,KFR-XE1S,2018-07-26 04:20:00,7/26/2018,04:20:00 am,8.4687,9.85,2018-07-27,2018-07-25 12:30:00,2018-07-27 12:30:00,0.5,2018-07-27,0.0
2018-07-27 23:59:00,2018-07-25,KFR-XE1S_2018_0725_0727,2018,KFR-XE1S,2018-07-26 04:30:00,7/26/2018,04:30:00 am,8.469,9.851,2018-07-27,2018-07-25 12:30:00,2018-07-27 12:30:00,0.5,2018-07-27,0.00010000000000012221
2018-07-27 23:59:00,2018-07-25,KFR-XE1S_2018_0725_0727,2018,KFR-XE1S,2018-07-26 04:40:00,7/26/2018,04:40:00 am,8.4689,9.851,2018-07-27,2018-07-25 12:30:00,2018-07-27 12:30:00,0.5,2018-07-27,0.0
2018-07-27 23:59:00,2018-07-25,KFR-XE1S_2018_0725_0727,2018,KFR-XE1S,2018-07-26 04:50:00,7/26/2018,04:50:00 am,8.4692,9.851,2018-07-27,2018-07-25 12:30:00,2018-07-27 12:30:00,0.5,2018-07-27,0.0
2018-07-27 23:59:00,2018-07-25,KFR-XE1S_2018_0725_0727,2018,KFR-XE1S,2018-07-26 05:00:00,7/26/2018,05:00:00 am,8.4693,9.852,2018-07-27,2018-07-25 12:30:00,2018-07-27 12:30:00,0.5,2018-07-27,9.999999999994457e-05
2018-07-27 23:59:00,2018-07-25,KFR-XE1S_2018_0725_0727,2018,KFR-XE1S,2018-07-26 05:10:00,7/26/2018,05:10:00 am,8.4695,9.852,2018-07-27,2018-07-25 12:30:00,2018-07-27 12:30:00,0.5,2018-07-27,0.0
2018-07-27 23:59:00,2018-07-25,KFR-XE1S_2018_0725_0727,2018,KFR-XE1S,2018-07-26 05:20:00,7/26/2018,05:20:00 am,8.4697,9.852,2018-07-27,2018-07-25 12:30:00,2018-07-27 12:30:00,0.5,2018-07-27,0.0
2018-07-27 23:59:00,2018-07-25,KFR-XE1S_2018_0725_0727,2018,KFR-XE1S,2018-07-26 05:30:00,7/26/2018,05:30:00 am,8.4705,9.853,2018-07-27,2018-07-25 12:30:00,2018-07-27 12:30:00,0.5,2018-07-27,9.999999999994457e-05
2018-07-27 23:59:00,2018-07-25,KFR-XE1S_2018_0725_0727,2018,KFR-XE1S,2018-07-26 05:40:00,7/26/2018,05:40:00 am,8.4707,9.854,2018-07-27,2018-07-25 12:30:00,2018-07-27 12:30:00,0.5,2018-07-27,9.999999999994457e-05
2018-07-27 23:59:00,2018-07-25,KFR-XE1S_2018_0725_0727,2018,KFR-XE1S,2018-07-26 05:50:00,7/26/2018,05:50:00 am,8.4718,9.854,2018-07-27,2018-07-25 12:30:00,2018-07-27 12:30:00,0.5,2018-07-27,0.0
2018-07-27 23:59:00,2018-07-25,KFR-XE1S_2018_0725_0727,2018,KFR-XE1S,2018-07-26 06:00:00,7/26/2018,06:00:00 am,8.4721,9.854,2018-07-27,2018-07-25 12:30:00,2018-07-27 12:30:00,0.5,2018-07-27,0.0
2018-07-27 23:59:00,2018-07-25,KFR-XE1S_2018_0725_0727,2018,KFR-XE1S,2018-07-26 06:10:00,7/26/2018,06:10:00 am,8.4727,9.854,2018-07-27,2018-07-25 12:30:00,2018-07-27 12:30:00,0.5,2018-07-27,0.0
2018-07-27 23:59:00,2018-07-25,KFR-XE1S_2018_0725_0727,2018,KFR-XE1S,2018-07-26 06:20:00,7/26/2018,06:20:00 am,8.4733,9.855,2018-07-27,2018-07-25 12:30:00,2018-07-27 12:30:00,0.5,2018-07-27,0.00010000000000012221
2018-07-27 23:59:00,2018-07-25,KFR-XE1S_2018_0725_0727,2018,KFR-XE1S,2018-07-26 06:30:00,7/26/2018,06:30:00 am,8.4739,9.856,2018-07-27,2018-07-25 12:30:00,2018-07-27 12:30:00,0.5,2018-07-27,9.999999999994457e-05
2018-07-27 23:59:00,2018-07-25,KFR-XE1S_2018_0725_0727,2018,KFR-XE1S,2018-07-26 06:40:00,7/26/2018,06:40:00 am,8.4742,9.855,2018-07-27,2018-07-25 12:30:00,2018-07-27 12:30:00,0.5,2018-07-27,9.999999999994457e-05
2018-07-27 23:59:00,2018-07-25,KFR-XE1S_2018_0725_0727,2018,KFR-XE1S,2018-07-26 06:50:00,7/26/2018,06:50:00 am,8.4749,9.856,2018-07-27,2018-07-25 12:30:00,2018-07-27 12:30:00,0.5,2018-07-27,9.999999999994457e-05
2018-07-27 23:59:00,2018-07-25,KFR-XE1S_2018_0725_0727,2018,KFR-XE1S,2018-07-26 07:00:00,7/26/2018,07:00:00 am,8.475,9.857,2018-07-27,2018-07-25 12:30:00,2018-07-27 12:30:00,0.5,2018-07-27,9.999999999994457e-05
2018-07-27 23:59:00,2018-07-25,KFR-XE1S_2018_0725_0727,2018,KFR-XE1S,2018-07-26 07:10:00,7/26/2018,07:10:00 am,8.4759,9.857,2018-07-27,2018-07-25 12:30:00,2018-07-27 12:30:00,0.5,2018-07-27,0.0
2018-07-27 23:59:00,2018-07-25,KFR-XE1S_2018_0725_0727,2018,KFR-XE1S,2018-07-26 07:20:00,7/26/2018,07:20:00 am,8.4767,9.858,2018-07-27,2018-07-25 12:30:00,2018-07-27 12:30:00,0.5,2018-07-27,0.00010000000000012221
2018-07-27 23:59:00,2018-07-25,KFR-XE1S_2018_0725_0727,2018,KFR-XE1S,2018-07-26 07:30:00,7/26/2018,07:30:00 am,8.4763,9.859,2018-07-27,2018-07-25 12:30:00,2018-07-27 12:30:00,0.5,2018-07-27,9.999999999994457e-05
2018-07-27 23:59:00,2018-07-25,KFR-XE1S_2018_0725_0727,2018,KFR-XE1S,2018-07-26 07:40:00,7/26/2018,07:40:00 am,8.4762,9.859,2018-07-27,2018-07-25 12:30:00,2018-07-27 12:30:00,0.5,2018-07-27,0.0
2018-07-27 23:59:00,2018-07-25,KFR-XE1S_2018_0725_0727,2018,KFR-XE1S,2018-07-26 07:50:00,7/26/2018,07:50:00 am,8.4765,9.86,2018-07-27,2018-07-25 12:30:00,2018-07-27 12:30:00,0.5,2018-07-27,9.999999999994457e-05
2018-07-27 23:59:00,2018-07-25,KFR-XE1S_2018_0725_0727,2018,KFR-XE1S,2018-07-26 08:00:00,7/26/2018,08:00:00 am,8.4767,9.86,2018-07-27,2018-07-25 12:30:00,2018-07-27 12:30:00,0.5,2018-07-27,0.0
2018-07-27 23:59:00,2018-07-25,KFR-XE1S_2018_0725_0727,2018,KFR-XE1S,2018-07-26 08:10:00,7/26/2018,08:10:00 am,8.4772,9.861,2018-07-27,2018-07-25 12:30:00,2018-07-27 12:30:00,0.5,2018-07-27,0.00010000000000012221
2018-07-27 23:59:00,2018-07-25,KFR-XE1S_2018_0725_0727,2018,KFR-XE1S,2018-07-26 08:20:00,7/26/2018,08:20:00 am,8.4776,9.861,2018-07-27,2018-07-25 12:30:00,2018-07-27 12:30:00,0.5,2018-07-27,0.0
2018-07-27 23:59:00,2018-07-25,KFR-XE1S_2018_0725_0727,2018,KFR-XE1S,2018-07-26 08:30:00,7/26/2018,08:30:00 am,8.4773,9.862,2018-07-27,2018-07-25 12:30:00,2018-07-27 12:30:00,0.5,2018-07-27,9.999999999994457e-05
2018-07-27 23:59:00,2018-07-25,KFR-XE1S_2018_0725_0727,2018,KFR-XE1S,2018-07-26 08:40:00,7/26/2018,08:40:00 am,8.4779,9.862,2018-07-27,2018-07-25 12:30:00,2018-07-27 12:30:00,0.5,2018-07-27,0.0
2018-07-27 23:59:00,2018-07-25,KFR-XE1S_2018_0725_0727,2018,KFR-XE1S,2018-07-26 08:50:00,7/26/2018,08:50:00 am,8.4777,9.863,2018-07-27,2018-07-25 12:30:00,2018-07-27 12:30:00,0.5,2018-07-27,9.999999999994457e-05
2018-07-27 23:59:00,2018-07-25,KFR-XE1S_2018_0725_0727,2018,KFR-XE1S,2018-07-26 09:00:00,7/26/2018,09:00:00 am,8.4778,9.864,2018-07-27,2018-07-25 12:30:00,2018-07-27 12:30:00,0.5,2018-07-27,0.00010000000000012221
2018-07-27 23:59:00,2018-07-25,KFR-XE1S_2018_0725_0727,2018,KFR-XE1S,2018-07-26 09:10:00,7/26/2018,09:10:00 am,8.4776,9.865,2018-07-27,2018-07-25 12:30:00,2018-07-27 12:30:00,0.5,2018-07-27,9.999999999994457e-05
2018-07-27 23:59:00,2018-07-25,KFR-XE1S_2018_0725_0727,2018,KFR-XE1S,2018-07-26 09:20:00,7/26/2018,09:20:00 am,8.4773,9.865,2018-07-27,2018-07-25 12:30:00,2018-07-27 12:30:00,0.5,2018-07-27,0.0
2018-07-27 23:59:00,2018-07-25,KFR-XE1S_2018_0725_0727,2018,KFR-XE1S,2018-07-26 09:30:00,7/26/2018,09:30:00 am,8.477,9.866,2018-07-27,2018-07-25 12:30:00,2018-07-27 12:30:00,0.5,2018-07-27,9.999999999994457e-05
2018-07-27 23:59:00,2018-07-25,KFR-XE1S_2018_0725_0727,2018,KFR-XE1S,2018-07-26 09:40:00,7/26/2018,09:40:00 am,8.4766,9.867,2018-07-27,2018-07-25 12:30:00,2018-07-27 12:30:00,0.5,2018-07-27,0.00010000000000012221
2018-07-27 23:59:00,2018-07-25,KFR-XE1S_2018_0725_0727,2018,KFR-XE1S,2018-07-26 09:50:00,7/26/2018,09:50:00 am,8.476,9.868,2018-07-27,2018-07-25 12:30:00,2018-07-27 12:30:00,0.5,2018-07-27,9.999999999994457e-05
2018-07-27 23:59:00,2018-07-25,KFR-XE1S_2018_0725_0727,2018,KFR-XE1S,2018-07-26 10:00:00,7/26/2018,10:00:00 am,8.4754,9.869,2018-07-27,2018-07-25 12:30:00,2018-07-27 12:30:00,0.5,2018-07-27,9.999999999994457e-05
2018-07-27 23:59:00,2018-07-25,KFR-XE1S_2018_0725_0727,2018,KFR-XE1S,2018-07-26 10:10:00,7/26/2018,10:10:00 am,8.4748,9.87,2018-07-27,2018-07-25 12:30:00,2018-07-27 12:30:00,0.5,2018-07-27,9.999999999994457e-05
2018-07-27 23:59:00,2018-07-25,KFR-XE1S_2018_0725_0727,2018,KFR-XE1S,2018-07-26 10:20:00,7/26/2018,10:20:00 am,8.4743,9.871,2018-07-27,2018-07-25 12:30:00,2018-07-27 12:30:00,0.5,2018-07-27,0.00010000000000012221
2018-07-27 23:59:00,2018-07-25,KFR-XE1S_2018_0725_0727,2018,KFR-XE1S,2018-07-26 10:30:00,7/26/2018,10:30:00 am,8.474,9.873,2018-07-27,2018-07-25 12:30:00,2018-07-27 12:30:00,0.5,2018-07-27,0.00019999999999988915
2018-07-27 23:59:00,2018-07-25,KFR-XE1S_2018_0725_0727,2018,KFR-XE1S,2018-07-26 10:40:00,7/26/2018,10:40:00 am,8.473,9.873,2018-07-27,2018-07-25 12:30:00,2018-07-27 12:30:00,0.5,2018-07-27,0.0
2018-07-27 23:59:00,2018-07-25,KFR-XE1S_2018_0725_0727,2018,KFR-XE1S,2018-07-26 10:50:00,7/26/2018,10:50:00 am,8.4713,9.874,2018-07-27,2018-07-25 12:30:00,2018-07-27 12:30:00,0.5,2018-07-27,0.00010000000000012221
2018-07-27 23:59:00,2018-07-25,KFR-XE1S_2018_0725_0727,2018,KFR-XE1S,2018-07-26 11:00:00,7/26/2018,11:00:00 am,8.4704,9.875,2018-07-27,2018-07-25 12:30:00,2018-07-27 12:30:00,0.5,2018-07-27,9.999999999994457e-05
2018-07-27 23:59:00,2018-07-25,KFR-XE1S_2018_0725_0727,2018,KFR-XE1S,2018-07-26 11:10:00,7/26/2018,11:10:00 am,8.4695,9.876,2018-07-27,2018-07-25 12:30:00,2018-07-27 12:30:00,0.5,2018-07-27,9.999999999994457e-05
2018-07-27 23:59:00,2018-07-25,KFR-XE1S_2018_0725_0727,2018,KFR-XE1S,2018-07-26 11:20:00,7/26/2018,11:20:00 am,8.4679,9.877,2018-07-27,2018-07-25 12:30:00,2018-07-27 12:30:00,0.5,2018-07-27,0.00010000000000012221
2018-07-27 23:59:00,2018-07-25,KFR-XE1S_2018_0725_0727,2018,KFR-XE1S,2018-07-26 11:30:00,7/26/2018,11:30:00 am,8.4668,9.878,2018-07-27,2018-07-25 12:30:00,2018-07-27 12:30:00,0.5,2018-07-27,9.999999999994457e-05
2018-07-27 23:59:00,2018-07-25,KFR-XE1S_2018_0725_0727,2018,KFR-XE1S,2018-07-26 11:40:00,7/26/2018,11:40:00 am,8.4658,9.88,2018-07-27,2018-07-25 12:30:00,2018-07-27 12:30:00,0.5,2018-07-27,0.0002000000000000668
2018-07-27 23:59:00,2018-07-25,KFR-XE1S_2018_0725_0727,2018,KFR-XE1S,2018-07-26 11:50:00,7/26/2018,11:50:00 am,8.4645,9.881,2018-07-27,2018-07-25 12:30:00,2018-07-27 12:30:00,0.5,2018-07-27,9.999999999994457e-05
2018-07-27 23:59:00,2018-07-25,KFR-XE1S_2018_0725_0727,2018,KFR-XE1S,2018-07-26 12:00:00,7/26/2018,12:00:00 pm,8.4632,9.882,2018-07-27,2018-07-25 12:30:00,2018-07-27 12:30:00,0.5,2018-07-27,9.999999999994457e-05
2018-07-27 23:59:00,2018-07-25,KFR-XE1S_2018_0725_0727,2018,KFR-XE1S,2018-07-26 12:10:00,7/26/2018,12:10:00 pm,8.4611,9.883,2018-07-27,2018-07-25 12:30:00,2018-07-27 12:30:00,0.5,2018-07-27,9.999999999994457e-05
2018-07-27 23:59:00,2018-07-25,KFR-XE1S_2018_0725_0727,2018,KFR-XE1S,2018-07-26 12:20:00,7/26/2018,12:20:00 pm,8.4593,9.884,2018-07-27,2018-07-25 12:30:00,2018-07-27 12:30:00,0.5,2018-07-27,0.00010000000000012221
2018-07-27 23:59:00,2018-07-25,KFR-XE1S_2018_0725_0727,2018,KFR-XE1S,2018-07-26 12:30:00,7/26/2018,12:30:00 pm,8.4569,9.885,2018-07-27,2018-07-25 12:30:00,2018-07-27 12:30:00,0.5,2018-07-27,9.999999999994457e-05
2018-07-27 23:59:00,2018-07-25,KFR-XE1S_2018_0725_0727,2018,KFR-XE1S,2018-07-26 12:40:00,7/26/2018,12:40:00 pm,8.4551,9.886,2018-07-27,2018-07-25 12:30:00,2018-07-27 12:30:00,0.5,2018-07-27,9.999999999994457e-05
2018-07-27 23:59:00,2018-07-25,KFR-XE1S_2018_0725_0727,2018,KFR-XE1S,2018-07-26 12:50:00,7/26/2018,12:50:00 pm,8.4532,9.888,2018-07-27,2018-07-25 12:30:00,2018-07-27 12:30:00,0.5,2018-07-27,0.0002000000000000668
2018-07-27 23:59:00,2018-07-25,KFR-XE1S_2018_0725_0727,2018,KFR-XE1S,2018-07-26 13:00:00,7/26/2018,01:00:00 pm,8.4509,9.889,2018-07-27,2018-07-25 12:30:00,2018-07-27 12:30:00,0.5,2018-07-27,9.999999999994457e-05
2018-07-27 23:59:00,2018-07-25,KFR-XE1S_2018_0725_0727,2018,KFR-XE1S,2018-07-26 13:10:00,7/26/2018,01:10:00 pm,8.4486,9.89,2018-07-27,2018-07-25 12:30:00,2018-07-27 12:30:00,0.5,2018-07-27,0.00010000000000012221
2018-07-27 23:59:00,2018-07-25,KFR-XE1S_2018_0725_0727,2018,KFR-XE1S,2018-07-26 13:20:00,7/26/2018,01:20:00 pm,8.4469,9.891,2018-07-27,2018-07-25 12:30:00,2018-07-27 12:30:00,0.5,2018-07-27,9.999999999994457e-05
2018-07-27 23:59:00,2018-07-25,KFR-XE1S_2018_0725_0727,2018,KFR-XE1S,2018-07-26 13:30:00,7/26/2018,01:30:00 pm,8.4446,9.893,2018-07-27,2018-07-25 12:30:00,2018-07-27 12:30:00,0.5,2018-07-27,0.0002000000000000668
2018-07-27 23:59:00,2018-07-25,KFR-XE1S_2018_0725_0727,2018,KFR-XE1S,2018-07-26 13:40:00,7/26/2018,01:40:00 pm,8.4428,9.894,2018-07-27,2018-07-25 12:30:00,2018-07-27 12:30:00,0.5,2018-07-27,9.999999999994457e-05
2018-07-27 23:59:00,2018-07-25,KFR-XE1S_2018_0725_0727,2018,KFR-XE1S,2018-07-26 13:50:00,7/26/2018,01:50:00 pm,8.4403,9.896,2018-07-27,2018-07-25 12:30:00,2018-07-27 12:30:00,0.5,2018-07-27,0.0002000000000000668
2018-07-27 23:59:00,2018-07-25,KFR-XE1S_2018_0725_0727,2018,KFR-XE1S,2018-07-26 14:00:00,7/26/2018,02:00:00 pm,8.4387,9.897,2018-07-27,2018-07-25 12:30:00,2018-07-27 12:30:00,0.5,2018-07-27,9.999999999994457e-05
2018-07-27 23:59:00,2018-07-25,KFR-XE1S_2018_0725_0727,2018,KFR-XE1S,2018-07-26 14:10:00,7/26/2018,02:10:00 pm,8.4369,9.899,2018-07-27,2018-07-25 12:30:00,2018-07-27 12:30:00,0.5,2018-07-27,0.00019999999999988915
2018-07-27 23:59:00,2018-07-25,KFR-XE1S_2018_0725_0727,2018,KFR-XE1S,2018-07-26 14:20:00,7/26/2018,02:20:00 pm,8.4351,9.899,2018-07-27,2018-07-25 12:30:00,2018-07-27 12:30:00,0.5,2018-07-27,0.0
2018-07-27 23:59:00,2018-07-25,KFR-XE1S_2018_0725_0727,2018,KFR-XE1S,2018-07-26 14:30:00,7/26/2018,02:30:00 pm,8.4336,9.9,2018-07-27,2018-07-25 12:30:00,2018-07-27 12:30:00,0.5,2018-07-27,0.00010000000000012221
2018-07-27 23:59:00,2018-07-25,KFR-XE1S_2018_0725_0727,2018,KFR-XE1S,2018-07-26 14:40:00,7/26/2018,02:40:00 pm,8.4322,9.9,2018-07-27,2018-07-25 12:30:00,2018-07-27 12:30:00,0.5,2018-07-27,0.0
2018-07-27 23:59:00,2018-07-25,KFR-XE1S_2018_0725_0727,2018,KFR-XE1S,2018-07-26 14:50:00,7/26/2018,02:50:00 pm,8.431,9.9,2018-07-27,2018-07-25 12:30:00,2018-07-27 12:30:00,0.5,2018-07-27,0.0
2018-07-27 23:59:00,2018-07-25,KFR-XE1S_2018_0725_0727,2018,KFR-XE1S,2018-07-26 15:00:00,7/26/2018,03:00:00 pm,8.4297,9.9,2018-07-27,2018-07-25 12:30:00,2018-07-27 12:30:00,0.5,2018-07-27,0.0
2018-07-27 23:59:00,2018-07-25,KFR-XE1S_2018_0725_0727,2018,KFR-XE1S,2018-07-26 15:10:00,7/26/2018,03:10:00 pm,8.4289,9.901,2018-07-27,2018-07-25 12:30:00,2018-07-27 12:30:00,0.5,2018-07-27,9.999999999994457e-05
2018-07-27 23:59:00,2018-07-25,KFR-XE1S_2018_0725_0727,2018,KFR-XE1S,2018-07-26 15:20:00,7/26/2018,03:20:00 pm,8.4272,9.903,2018-07-27,2018-07-25 12:30:00,2018-07-27 12:30:00,0.5,2018-07-27,0.0002000000000000668
2018-07-27 23:59:00,2018-07-25,KFR-XE1S_2018_0725_0727,2018,KFR-XE1S,2018-07-26 15:30:00,7/26/2018,03:30:00 pm,8.4258,9.903,2018-07-27,2018-07-25 12:30:00,2018-07-27 12:30:00,0.5,2018-07-27,0.0
2018-07-27 23:59:00,2018-07-25,KFR-XE1S_2018_0725_0727,2018,KFR-XE1S,2018-07-26 15:40:00,7/26/2018,03:40:00 pm,8.4247,9.903,2018-07-27,2018-07-25 12:30:00,2018-07-27 12:30:00,0.5,2018-07-27,0.0
2018-07-27 23:59:00,2018-07-25,KFR-XE1S_2018_0725_0727,2018,KFR-XE1S,2018-07-26 15:50:00,7/26/2018,03:50:00 pm,8.4236,9.903,2018-07-27,2018-07-25 12:30:00,2018-07-27 12:30:00,0.5,2018-07-27,0.0
2018-07-27 23:59:00,2018-07-25,KFR-XE1S_2018_0725_0727,2018,KFR-XE1S,2018-07-26 16:00:00,7/26/2018,04:00:00 pm,8.4223,9.903,2018-07-27,2018-07-25 12:30:00,2018-07-27 12:30:00,0.5,2018-07-27,0.0
2018-07-27 23:59:00,2018-07-25,KFR-XE1S_2018_0725_0727,2018,KFR-XE1S,2018-07-26 16:10:00,7/26/2018,04:10:00 pm,8.4216,9.904,2018-07-27,2018-07-25 12:30:00,2018-07-27 12:30:00,0.5,2018-07-27,9.999999999994457e-05
2018-07-27 23:59:00,2018-07-25,KFR-XE1S_2018_0725_0727,2018,KFR-XE1S,2018-07-26 16:20:00,7/26/2018,04:20:00 pm,8.4203,9.904,2018-07-27,2018-07-25 12:30:00,2018-07-27 12:30:00,0.5,2018-07-27,0.0
2018-07-27 23:59:00,2018-07-25,KFR-XE1S_2018_0725_0727,2018,KFR-XE1S,2018-07-26 16:30:00,7/26/2018,04:30:00 pm,8.4194,9.905,2018-07-27,2018-07-25 12:30:00,2018-07-27 12:30:00,0.5,2018-07-27,9.999999999994457e-05
2018-07-27 23:59:00,2018-07-25,KFR-XE1S_2018_0725_0727,2018,KFR-XE1S,2018-07-26 16:40:00,7/26/2018,04:40:00 pm,8.4187,9.905,2018-07-27,2018-07-25 12:30:00,2018-07-27 12:30:00,0.5,2018-07-27,0.0
2018-07-27 23:59:00,2018-07-25,KFR-XE1S_2018_0725_0727,2018,KFR-XE1S,2018-07-26 16:50:00,7/26/2018,04:50:00 pm,8.418,9.906,2018-07-27,2018-07-25 12:30:00,2018-07-27 12:30:00,0.5,2018-07-27,0.00010000000000012221
2018-07-27 23:59:00,2018-07-25,KFR-XE1S_2018_0725_0727,2018,KFR-XE1S,2018-07-26 17:00:00,7/26/2018,05:00:00 pm,8.4166,9.906,2018-07-27,2018-07-25 12:30:00,2018-07-27 12:30:00,0.5,2018-07-27,0.0
2018-07-27 23:59:00,2018-07-25,KFR-XE1S_2018_0725_0727,2018,KFR-XE1S,2018-07-26 17:10:00,7/26/2018,05:10:00 pm,8.4159,9.906,2018-07-27,2018-07-25 12:30:00,2018-07-27 12:30:00,0.5,2018-07-27,0.0
2018-07-27 23:59:00,2018-07-25,KFR-XE1S_2018_0725_0727,2018,KFR-XE1S,2018-07-26 17:20:00,7/26/2018,05:20:00 pm,8.415,9.907,2018-07-27,2018-07-25 12:30:00,2018-07-27 12:30:00,0.5,2018-07-27,9.999999999994457e-05
2018-07-27 23:59:00,2018-07-25,KFR-XE1S_2018_0725_0727,2018,KFR-XE1S,2018-07-26 17:30:00,7/26/2018,05:30:00 pm,8.4144,9.906,2018-07-27,2018-07-25 12:30:00,2018-07-27 12:30:00,0.5,2018-07-27,9.999999999994457e-05
2018-07-27 23:59:00,2018-07-25,KFR-XE1S_2018_0725_0727,2018,KFR-XE1S,2018-07-26 17:40:00,7/26/2018,05:40:00 pm,8.4139,9.907,2018-07-27,2018-07-25 12:30:00,2018-07-27 12:30:00,0.5,2018-07-27,9.999999999994457e-05
2018-07-27 23:59:00,2018-07-25,KFR-XE1S_2018_0725_0727,2018,KFR-XE1S,2018-07-26 17:50:00,7/26/2018,05:50:00 pm,8.4132,9.907,2018-07-27,2018-07-25 12:30:00,2018-07-27 12:30:00,0.5,2018-07-27,0.0
2018-07-27 23:59:00,2018-07-25,KFR-XE1S_2018_0725_0727,2018,KFR-XE1S,2018-07-26 18:00:00,7/26/2018,06:00:00 pm,8.412,9.907,2018-07-27,2018-07-25 12:30:00,2018-07-27 12:30:00,0.5,2018-07-27,0.0
2018-07-27 23:59:00,2018-07-25,KFR-XE1S_2018_0725_0727,2018,KFR-XE1S,2018-07-26 18:10:00,7/26/2018,06:10:00 pm,8.4117,9.907,2018-07-27,2018-07-25 12:30:00,2018-07-27 12:30:00,0.5,2018-07-27,0.0
2018-07-27 23:59:00,2018-07-25,KFR-XE1S_2018_0725_0727,2018,KFR-XE1S,2018-07-26 18:20:00,7/26/2018,06:20:00 pm,8.4112,9.907,2018-07-27,2018-07-25 12:30:00,2018-07-27 12:30:00,0.5,2018-07-27,0.0
2018-07-27 23:59:00,2018-07-25,KFR-XE1S_2018_0725_0727,2018,KFR-XE1S,2018-07-26 18:30:00,7/26/2018,06:30:00 pm,8.4102,9.907,2018-07-27,2018-07-25 12:30:00,2018-07-27 12:30:00,0.5,2018-07-27,0.0
2018-07-27 23:59:00,2018-07-25,KFR-XE1S_2018_0725_0727,2018,KFR-XE1S,2018-07-26 18:40:00,7/26/2018,06:40:00 pm,8.4101,9.907,2018-07-27,2018-07-25 12:30:00,2018-07-27 12:30:00,0.5,2018-07-27,0.0
2018-07-27 23:59:00,2018-07-25,KFR-XE1S_2018_0725_0727,2018,KFR-XE1S,2018-07-26 18:50:00,7/26/2018,06:50:00 pm,8.4099,9.906,2018-07-27,2018-07-25 12:30:00,2018-07-27 12:30:00,0.5,2018-07-27,9.999999999994457e-05
2018-07-27 23:59:00,2018-07-25,KFR-XE1S_2018_0725_0727,2018,KFR-XE1S,2018-07-26 19:00:00,7/26/2018,07:00:00 pm,8.4098,9.906,2018-07-27,2018-07-25 12:30:00,2018-07-27 12:30:00,0.5,2018-07-27,0.0
2018-07-27 23:59:00,2018-07-25,KFR-XE1S_2018_0725_0727,2018,KFR-XE1S,2018-07-26 19:10:00,7/26/2018,07:10:00 pm,8.4097,9.906,2018-07-27,2018-07-25 12:30:00,2018-07-27 12:30:00,0.5,2018-07-27,0.0
2018-07-27 23:59:00,2018-07-25,KFR-XE1S_2018_0725_0727,2018,KFR-XE1S,2018-07-26 19:20:00,7/26/2018,07:20:00 pm,8.4099,9.906,2018-07-27,2018-07-25 12:30:00,2018-07-27 12:30:00,0.5,2018-07-27,0.0
2018-07-27 23:59:00,2018-07-25,KFR-XE1S_2018_0725_0727,2018,KFR-XE1S,2018-07-26 19:30:00,7/26/2018,07:30:00 pm,8.41,9.905,2018-07-27,2018-07-25 12:30:00,2018-07-27 12:30:00,0.5,2018-07-27,0.00010000000000012221
2018-07-27 23:59:00,2018-07-25,KFR-XE1S_2018_0725_0727,2018,KFR-XE1S,2018-07-26 19:40:00,7/26/2018,07:40:00 pm,8.4103,9.906,2018-07-27,2018-07-25 12:30:00,2018-07-27 12:30:00,0.5,2018-07-27,0.00010000000000012221
2018-07-27 23:59:00,2018-07-25,KFR-XE1S_2018_0725_0727,2018,KFR-XE1S,2018-07-26 19:50:00,7/26/2018,07:50:00 pm,8.4107,9.905,2018-07-27,2018-07-25 12:30:00,2018-07-27 12:30:00,0.5,2018-07-27,0.00010000000000012221
2018-07-27 23:59:00,2018-07-25,KFR-XE1S_2018_0725_0727,2018,KFR-XE1S,2018-07-26 20:00:00,7/26/2018,08:00:00 pm,8.4111,9.905,2018-07-27,2018-07-25 12:30:00,2018-07-27 12:30:00,0.5,2018-07-27,0.0
2018-07-27 23:59:00,2018-07-25,KFR-XE1S_2018_0725_0727,2018,KFR-XE1S,2018-07-26 20:10:00,7/26/2018,08:10:00 pm,8.4115,9.904,2018-07-27,2018-07-25 12:30:00,2018-07-27 12:30:00,0.5,2018-07-27,9.999999999994457e-05
2018-07-27 23:59:00,2018-07-25,KFR-XE1S_2018_0725_0727,2018,KFR-XE1S,2018-07-26 20:20:00,7/26/2018,08:20:00 pm,8.4121,9.904,2018-07-27,2018-07-25 12:30:00,2018-07-27 12:30:00,0.5,2018-07-27,0.0
2018-07-27 23:59:00,2018-07-25,KFR-XE1S_2018_0725_0727,2018,KFR-XE1S,2018-07-26 20:30:00,7/26/2018,08:30:00 pm,8.4126,9.903,2018-07-27,2018-07-25 12:30:00,2018-07-27 12:30:00,0.5,2018-07-27,9.999999999994457e-05
2018-07-27 23:59:00,2018-07-25,KFR-XE1S_2018_0725_0727,2018,KFR-XE1S,2018-07-26 20:40:00,7/26/2018,08:40:00 pm,8.4136,9.903,2018-07-27,2018-07-25 12:30:00,2018-07-27 12:30:00,0.5,2018-07-27,0.0
2018-07-27 23:59:00,2018-07-25,KFR-XE1S_2018_0725_0727,2018,KFR-XE1S,2018-07-26 20:50:00,7/26/2018,08:50:00 pm,8.4141,9.902,2018-07-27,2018-07-25 12:30:00,2018-07-27 12:30:00,0.5,2018-07-27,0.00010000000000012221
2018-07-27 23:59:00,2018-07-25,KFR-XE1S_2018_0725_0727,2018,KFR-XE1S,2018-07-26 21:00:00,7/26/2018,09:00:00 pm,8.4151,9.902,2018-07-27,2018-07-25 12:30:00,2018-07-27 12:30:00,0.5,2018-07-27,0.0
2018-07-27 23:59:00,2018-07-25,KFR-XE1S_2018_0725_0727,2018,KFR-XE1S,2018-07-26 21:10:00,7/26/2018,09:10:00 pm,8.416,9.901,2018-07-27,2018-07-25 12:30:00,2018-07-27 12:30:00,0.5,2018-07-27,9.999999999994457e-05
2018-07-27 23:59:00,2018-07-25,KFR-XE1S_2018_0725_0727,2018,KFR-XE1S,2018-07-26 21:20:00,7/26/2018,09:20:00 pm,8.4174,9.9,2018-07-27,2018-07-25 12:30:00,2018-07-27 12:30:00,0.5,2018-07-27,9.999999999994457e-05
2018-07-27 23:59:00,2018-07-25,KFR-XE1S_2018_0725_0727,2018,KFR-XE1S,2018-07-26 21:30:00,7/26/2018,09:30:00 pm,8.4186,9.9,2018-07-27,2018-07-25 12:30:00,2018-07-27 12:30:00,0.5,2018-07-27,0.0
2018-07-27 23:59:00,2018-07-25,KFR-XE1S_2018_0725_0727,2018,KFR-XE1S,2018-07-26 21:40:00,7/26/2018,09:40:00 pm,8.4198,9.9,2018-07-27,2018-07-25 12:30:00,2018-07-27 12:30:00,0.5,2018-07-27,0.0
2018-07-27 23:59:00,2018-07-25,KFR-XE1S_2018_0725_0727,2018,KFR-XE1S,2018-07-26 21:50:00,7/26/2018,09:50:00 pm,8.4213,9.899,2018-07-27,2018-07-25 12:30:00,2018-07-27 12:30:00,0.5,2018-07-27,0.00010000000000012221
2018-07-27 23:59:00,2018-07-25,KFR-XE1S_2018_0725_0727,2018,KFR-XE1S,2018-07-26 22:00:00,7/26/2018,10:00:00 pm,8.4227,9.899,2018-07-27,2018-07-25 12:30:00,2018-07-27 12:30:00,0.5,2018-07-27,0.0
2018-07-27 23:59:00,2018-07-25,KFR-XE1S_2018_0725_0727,2018,KFR-XE1S,2018-07-26 22:10:00,7/26/2018,10:10:00 pm,8.4238,9.899,2018-07-27,2018-07-25 12:30:00,2018-07-27 12:30:00,0.5,2018-07-27,0.0
2018-07-27 23:59:00,2018-07-25,KFR-XE1S_2018_0725_0727,2018,KFR-XE1S,2018-07-26 22:20:00,7/26/2018,10:20:00 pm,8.425,9.899,2018-07-27,2018-07-25 12:30:00,2018-07-27 12:30:00,0.5,2018-07-27,0.0
2018-07-27 23:59:00,2018-07-25,KFR-XE1S_2018_0725_0727,2018,KFR-XE1S,2018-07-26 22:30:00,7/26/2018,10:30:00 pm,8.4264,9.898,2018-07-27,2018-07-25 12:30:00,2018-07-27 12:30:00,0.5,2018-07-27,9.999999999994457e-05
2018-07-27 23:59:00,2018-07-25,KFR-XE1S_2018_0725_0727,2018,KFR-XE1S,2018-07-26 22:40:00,7/26/2018,10:40:00 pm,8.4274,9.898,2018-07-27,2018-07-25 12:30:00,2018-07-27 12:30:00,0.5,2018-07-27,0.0
2018-07-27 23:59:00,2018-07-25,KFR-XE1S_2018_0725_0727,2018,KFR-XE1S,2018-07-26 22:50:00,7/26/2018,10:50:00 pm,8.4282,9.898,2018-07-27,2018-07-25 12:30:00,2018-07-27 12:30:00,0.5,2018-07-27,0.0
2018-07-27 23:59:00,2018-07-25,KFR-XE1S_2018_0725_0727,2018,KFR-XE1S,2018-07-26 23:00:00,7/26/2018,11:00:00 pm,8.429,9.898,2018-07-27,2018-07-25 12:30:00,2018-07-27 12:30:00,0.5,2018-07-27,0.0
2018-07-27 23:59:00,2018-07-25,KFR-XE1S_2018_0725_0727,2018,KFR-XE1S,2018-07-26 23:10:00,7/26/2018,11:10:00 pm,8.4297,9.898,2018-07-27,2018-07-25 12:30:00,2018-07-27 12:30:00,0.5,2018-07-27,0.0
2018-07-27 23:59:00,2018-07-25,KFR-XE1S_2018_0725_0727,2018,KFR-XE1S,2018-07-26 23:20:00,7/26/2018,11:20:00 pm,8.4304,9.898,2018-07-27,2018-07-25 12:30:00,2018-07-27 12:30:00,0.5,2018-07-27,0.0
2018-07-27 23:59:00,2018-07-25,KFR-XE1S_2018_0725_0727,2018,KFR-XE1S,2018-07-26 23:30:00,7/26/2018,11:30:00 pm,8.4311,9.898,2018-07-27,2018-07-25 12:30:00,2018-07-27 12:30:00,0.5,2018-07-27,0.0
2018-07-27 23:59:00,2018-07-25,KFR-XE1S_2018_0725_0727,2018,KFR-XE1S,2018-07-26 23:40:00,7/26/2018,11:40:00 pm,8.4313,9.898,2018-07-27,2018-07-25 12:30:00,2018-07-27 12:30:00,0.5,2018-07-27,0.0
2018-07-27 23:59:00,2018-07-25,KFR-XE1S_2018_0725_0727,2018,KFR-XE1S,2018-07-26 23:50:00,7/26/2018,11:50:00 pm,8.4319,9.898,2018-07-27,2018-07-25 12:30:00,2018-07-27 12:30:00,0.5,2018-07-27,0.0
2018-07-27 23:59:00,2018-07-25,KFR-XE1S_2018_0725_0727,2018,KFR-XE1S,2018-07-27 00:00:00,7/27/2018,12:00:00 am,8.4326,9.898,2018-07-27,2018-07-25 12:30:00,2018-07-27 12:30:00,0.5,2018-07-27,0.0
2018-07-27 23:59:00,2018-07-25,KFR-XE1S_2018_0725_0727,2018,KFR-XE1S,2018-07-27 00:10:00,7/27/2018,12:10:00 am,8.4334,9.899,2018-07-27,2018-07-25 12:30:00,2018-07-27 12:30:00,0.5,2018-07-27,9.999999999994457e-05
2018-07-27 23:59:00,2018-07-25,KFR-XE1S_2018_0725_0727,2018,KFR-XE1S,2018-07-27 00:20:00,7/27/2018,12:20:00 am,8.4338,9.899,2018-07-27,2018-07-25 12:30:00,2018-07-27 12:30:00,0.5,2018-07-27,0.0
2018-07-27 23:59:00,2018-07-25,KFR-XE1S_2018_0725_0727,2018,KFR-XE1S,2018-07-27 00:30:00,7/27/2018,12:30:00 am,8.4342,9.9,2018-07-27,2018-07-25 12:30:00,2018-07-27 12:30:00,0.5,2018-07-27,0.00010000000000012221
2018-07-27 23:59:00,2018-07-25,KFR-XE1S_2018_0725_0727,2018,KFR-XE1S,2018-07-27 00:40:00,7/27/2018,12:40:00 am,8.4348,9.899,2018-07-27,2018-07-25 12:30:00,2018-07-27 12:30:00,0.5,2018-07-27,0.00010000000000012221
2018-07-27 23:59:00,2018-07-25,KFR-XE1S_2018_0725_0727,2018,KFR-XE1S,2018-07-27 00:50:00,7/27/2018,12:50:00 am,8.4355,9.9,2018-07-27,2018-07-25 12:30:00,2018-07-27 12:30:00,0.5,2018-07-27,0.00010000000000012221
2018-07-27 23:59:00,2018-07-25,KFR-XE1S_2018_0725_0727,2018,KFR-XE1S,2018-07-27 01:00:00,7/27/2018,01:00:00 am,8.4357,9.9,2018-07-27,2018-07-25 12:30:00,2018-07-27 12:30:00,0.5,2018-07-27,0.0
2018-07-27 23:59:00,2018-07-25,KFR-XE1S_2018_0725_0727,2018,KFR-XE1S,2018-07-27 01:10:00,7/27/2018,01:10:00 am,8.4361,9.9,2018-07-27,2018-07-25 12:30:00,2018-07-27 12:30:00,0.5,2018-07-27,0.0
2018-07-27 23:59:00,2018-07-25,KFR-XE1S_2018_0725_0727,2018,KFR-XE1S,2018-07-27 01:20:00,7/27/2018,01:20:00 am,8.4364,9.901,2018-07-27,2018-07-25 12:30:00,2018-07-27 12:30:00,0.5,2018-07-27,9.999999999994457e-05
2018-07-27 23:59:00,2018-07-25,KFR-XE1S_2018_0725_0727,2018,KFR-XE1S,2018-07-27 01:30:00,7/27/2018,01:30:00 am,8.4366,9.901,2018-07-27,2018-07-25 12:30:00,2018-07-27 12:30:00,0.5,2018-07-27,0.0
2018-07-27 23:59:00,2018-07-25,KFR-XE1S_2018_0725_0727,2018,KFR-XE1S,2018-07-27 01:40:00,7/27/2018,01:40:00 am,8.4369,9.901,2018-07-27,2018-07-25 12:30:00,2018-07-27 12:30:00,0.5,2018-07-27,0.0
2018-07-27 23:59:00,2018-07-25,KFR-XE1S_2018_0725_0727,2018,KFR-XE1S,2018-07-27 01:50:00,7/27/2018,01:50:00 am,8.4369,9.901,2018-07-27,2018-07-25 12:30:00,2018-07-27 12:30:00,0.5,2018-07-27,0.0
2018-07-27 23:59:00,2018-07-25,KFR-XE1S_2018_0725_0727,2018,KFR-XE1S,2018-07-27 02:00:00,7/27/2018,02:00:00 am,8.4372,9.902,2018-07-27,2018-07-25 12:30:00,2018-07-27 12:30:00,0.5,2018-07-27,9.999999999994457e-05
2018-07-27 23:59:00,2018-07-25,KFR-XE1S_2018_0725_0727,2018,KFR-XE1S,2018-07-27 02:10:00,7/27/2018,02:10:00 am,8.4377,9.902,2018-07-27,2018-07-25 12:30:00,2018-07-27 12:30:00,0.5,2018-07-27,0.0
2018-07-27 23:59:00,2018-07-25,KFR-XE1S_2018_0725_0727,2018,KFR-XE1S,2018-07-27 02:20:00,7/27/2018,02:20:00 am,8.4377,9.903,2018-07-27,2018-07-25 12:30:00,2018-07-27 12:30:00,0.5,2018-07-27,0.00010000000000012221
2018-07-27 23:59:00,2018-07-25,KFR-XE1S_2018_0725_0727,2018,KFR-XE1S,2018-07-27 02:30:00,7/27/2018,02:30:00 am,8.438,9.903,2018-07-27,2018-07-25 12:30:00,2018-07-27 12:30:00,0.5,2018-07-27,0.0
2018-07-27 23:59:00,2018-07-25,KFR-XE1S_2018_0725_0727,2018,KFR-XE1S,2018-07-27 02:40:00,7/27/2018,02:40:00 am,8.438,9.903,2018-07-27,2018-07-25 12:30:00,2018-07-27 12:30:00,0.5,2018-07-27,0.0
2018-07-27 23:59:00,2018-07-25,KFR-XE1S_2018_0725_0727,2018,KFR-XE1S,2018-07-27 02:50:00,7/27/2018,02:50:00 am,8.4384,9.903,2018-07-27,2018-07-25 12:30:00,2018-07-27 12:30:00,0.5,2018-07-27,0.0
2018-07-27 23:59:00,2018-07-25,KFR-XE1S_2018_0725_0727,2018,KFR-XE1S,2018-07-27 03:00:00,7/27/2018,03:00:00 am,8.4387,9.904,2018-07-27,2018-07-25 12:30:00,2018-07-27 12:30:00,0.5,2018-07-27,9.999999999994457e-05
2018-07-27 23:59:00,2018-07-25,KFR-XE1S_2018_0725_0727,2018,KFR-XE1S,2018-07-27 03:10:00,7/27/2018,03:10:00 am,8.4387,9.904,2018-07-27,2018-07-25 12:30:00,2018-07-27 12:30:00,0.5,2018-07-27,0.0
2018-07-27 23:59:00,2018-07-25,KFR-XE1S_2018_0725_0727,2018,KFR-XE1S,2018-07-27 03:20:00,7/27/2018,03:20:00 am,8.4389,9.905,2018-07-27,2018-07-25 12:30:00,2018-07-27 12:30:00,0.5,2018-07-27,9.999999999994457e-05
2018-07-27 23:59:00,2018-07-25,KFR-XE1S_2018_0725_0727,2018,KFR-XE1S,2018-07-27 03:30:00,7/27/2018,03:30:00 am,8.439,9.905,2018-07-27,2018-07-25 12:30:00,2018-07-27 12:30:00,0.5,2018-07-27,0.0
2018-07-27 23:59:00,2018-07-25,KFR-XE1S_2018_0725_0727,2018,KFR-XE1S,2018-07-27 03:40:00,7/27/2018,03:40:00 am,8.4391,9.905,2018-07-27,2018-07-25 12:30:00,2018-07-27 12:30:00,0.5,2018-07-27,0.0
2018-07-27 23:59:00,2018-07-25,KFR-XE1S_2018_0725_0727,2018,KFR-XE1S,2018-07-27 03:50:00,7/27/2018,03:50:00 am,8.4394,9.906,2018-07-27,2018-07-25 12:30:00,2018-07-27 12:30:00,0.5,2018-07-27,0.00010000000000012221
2018-07-27 23:59:00,2018-07-25,KFR-XE1S_2018_0725_0727,2018,KFR-XE1S,2018-07-27 04:00:00,7/27/2018,04:00:00 am,8.4393,9.906,2018-07-27,2018-07-25 12:30:00,2018-07-27 12:30:00,0.5,2018-07-27,0.0
2018-07-27 23:59:00,2018-07-25,KFR-XE1S_2018_0725_0727,2018,KFR-XE1S,2018-07-27 04:10:00,7/27/2018,04:10:00 am,8.4399,9.906,2018-07-27,2018-07-25 12:30:00,2018-07-27 12:30:00,0.5,2018-07-27,0.0
2018-07-27 23:59:00,2018-07-25,KFR-XE1S_2018_0725_0727,2018,KFR-XE1S,2018-07-27 04:20:00,7/27/2018,04:20:00 am,8.4402,9.907,2018-07-27,2018-07-25 12:30:00,2018-07-27 12:30:00,0.5,2018-07-27,9.999999999994457e-05
2018-07-27 23:59:00,2018-07-25,KFR-XE1S_2018_0725_0727,2018,KFR-XE1S,2018-07-27 04:30:00,7/27/2018,04:30:00 am,8.4404,9.907,2018-07-27,2018-07-25 12:30:00,2018-07-27 12:30:00,0.5,2018-07-27,0.0
2018-07-27 23:59:00,2018-07-25,KFR-XE1S_2018_0725_0727,2018,KFR-XE1S,2018-07-27 04:40:00,7/27/2018,04:40:00 am,8.441,9.908,2018-07-27,2018-07-25 12:30:00,2018-07-27 12:30:00,0.5,2018-07-27,9.999999999994457e-05
2018-07-27 23:59:00,2018-07-25,KFR-XE1S_2018_0725_0727,2018,KFR-XE1S,2018-07-27 04:50:00,7/27/2018,04:50:00 am,8.441,9.908,2018-07-27,2018-07-25 12:30:00,2018-07-27 12:30:00,0.5,2018-07-27,0.0
2018-07-27 23:59:00,2018-07-25,KFR-XE1S_2018_0725_0727,2018,KFR-XE1S,2018-07-27 05:00:00,7/27/2018,05:00:00 am,8.4412,9.908,2018-07-27,2018-07-25 12:30:00,2018-07-27 12:30:00,0.5,2018-07-27,0.0
2018-07-27 23:59:00,2018-07-25,KFR-XE1S_2018_0725_0727,2018,KFR-XE1S,2018-07-27 05:10:00,7/27/2018,05:10:00 am,8.4416,9.909,2018-07-27,2018-07-25 12:30:00,2018-07-27 12:30:00,0.5,2018-07-27,0.00010000000000012221
2018-07-27 23:59:00,2018-07-25,KFR-XE1S_2018_0725_0727,2018,KFR-XE1S,2018-07-27 05:20:00,7/27/2018,05:20:00 am,8.4417,9.909,2018-07-27,2018-07-25 12:30:00,2018-07-27 12:30:00,0.5,2018-07-27,0.0
2018-07-27 23:59:00,2018-07-25,KFR-XE1S_2018_0725_0727,2018,KFR-XE1S,2018-07-27 05:30:00,7/27/2018,05:30:00 am,8.442,9.91,2018-07-27,2018-07-25 12:30:00,2018-07-27 12:30:00,0.5,2018-07-27,9.999999999994457e-05
2018-07-27 23:59:00,2018-07-25,KFR-XE1S_2018_0725_0727,2018,KFR-XE1S,2018-07-27 05:40:00,7/27/2018,05:40:00 am,8.4425,9.91,2018-07-27,2018-07-25 12:30:00,2018-07-27 12:30:00,0.5,2018-07-27,0.0
2018-07-27 23:59:00,2018-07-25,KFR-XE1S_2018_0725_0727,2018,KFR-XE1S,2018-07-27 05:50:00,7/27/2018,05:50:00 am,8.4431,9.91,2018-07-27,2018-07-25 12:30:00,2018-07-27 12:30:00,0.5,2018-07-27,0.0
2018-07-27 23:59:00,2018-07-25,KFR-XE1S_2018_0725_0727,2018,KFR-XE1S,2018-07-27 06:00:00,7/27/2018,06:00:00 am,8.4435,9.911,2018-07-27,2018-07-25 12:30:00,2018-07-27 12:30:00,0.5,2018-07-27,9.999999999994457e-05
2018-07-27 23:59:00,2018-07-25,KFR-XE1S_2018_0725_0727,2018,KFR-XE1S,2018-07-27 06:10:00,7/27/2018,06:10:00 am,8.4435,9.911,2018-07-27,2018-07-25 12:30:00,2018-07-27 12:30:00,0.5,2018-07-27,0.0
2018-07-27 23:59:00,2018-07-25,KFR-XE1S_2018_0725_0727,2018,KFR-XE1S,2018-07-27 06:20:00,7/27/2018,06:20:00 am,8.444,9.912,2018-07-27,2018-07-25 12:30:00,2018-07-27 12:30:00,0.5,2018-07-27,0.00010000000000012221
2018-07-27 23:59:00,2018-07-25,KFR-XE1S_2018_0725_0727,2018,KFR-XE1S,2018-07-27 06:30:00,7/27/2018,06:30:00 am,8.4445,9.912,2018-07-27,2018-07-25 12:30:00,2018-07-27 12:30:00,0.5,2018-07-27,0.0
2018-07-27 23:59:00,2018-07-25,KFR-XE1S_2018_0725_0727,2018,KFR-XE1S,2018-07-27 06:40:00,7/27/2018,06:40:00 am,8.4447,9.912,2018-07-27,2018-07-25 12:30:00,2018-07-27 12:30:00,0.5,2018-07-27,0.0
2018-07-27 23:59:00,2018-07-25,KFR-XE1S_2018_0725_0727,2018,KFR-XE1S,2018-07-27 06:50:00,7/27/2018,06:50:00 am,8.4452,9.913,2018-07-27,2018-07-25 12:30:00,2018-07-27 12:30:00,0.5,2018-07-27,9.999999999994457e-05
2018-07-27 23:59:00,2018-07-25,KFR-XE1S_2018_0725_0727,2018,KFR-XE1S,2018-07-27 07:00:00,7/27/2018,07:00:00 am,8.4456,9.914,2018-07-27,2018-07-25 12:30:00,2018-07-27 12:30:00,0.5,2018-07-27,9.999999999994457e-05
2018-07-27 23:59:00,2018-07-25,KFR-XE1S_2018_0725_0727,2018,KFR-XE1S,2018-07-27 07:10:00,7/27/2018,07:10:00 am,8.4461,9.914,2018-07-27,2018-07-25 12:30:00,2018-07-27 12:30:00,0.5,2018-07-27,0.0
2018-07-27 23:59:00,2018-07-25,KFR-XE1S_2018_0725_0727,2018,KFR-XE1S,2018-07-27 07:20:00,7/27/2018,07:20:00 am,8.4456,9.915,2018-07-27,2018-07-25 12:30:00,2018-07-27 12:30:00,0.5,2018-07-27,9.999999999994457e-05
2018-07-27 23:59:00,2018-07-25,KFR-XE1S_2018_0725_0727,2018,KFR-XE1S,2018-07-27 07:30:00,7/27/2018,07:30:00 am,8.4462,9.915,2018-07-27,2018-07-25 12:30:00,2018-07-27 12:30:00,0.5,2018-07-27,0.0
2018-07-27 23:59:00,2018-07-25,KFR-XE1S_2018_0725_0727,2018,KFR-XE1S,2018-07-27 07:40:00,7/27/2018,07:40:00 am,8.4464,9.916,2018-07-27,2018-07-25 12:30:00,2018-07-27 12:30:00,0.5,2018-07-27,0.00010000000000012221
2018-07-27 23:59:00,2018-07-25,KFR-XE1S_2018_0725_0727,2018,KFR-XE1S,2018-07-27 07:50:00,7/27/2018,07:50:00 am,8.4464,9.917,2018-07-27,2018-07-25 12:30:00,2018-07-27 12:30:00,0.5,2018-07-27,9.999999999994457e-05
2018-07-27 23:59:00,2018-07-25,KFR-XE1S_2018_0725_0727,2018,KFR-XE1S,2018-07-27 08:00:00,7/27/2018,08:00:00 am,8.4464,9.917,2018-07-27,2018-07-25 12:30:00,2018-07-27 12:30:00,0.5,2018-07-27,0.0
2018-07-27 23:59:00,2018-07-25,KFR-XE1S_2018_0725_0727,2018,KFR-XE1S,2018-07-27 08:10:00,7/27/2018,08:10:00 am,8.4467,9.918,2018-07-27,2018-07-25 12:30:00,2018-07-27 12:30:00,0.5,2018-07-27,9.999999999994457e-05
2018-07-27 23:59:00,2018-07-25,KFR-XE1S_2018_0725_0727,2018,KFR-XE1S,2018-07-27 08:20:00,7/27/2018,08:20:00 am,8.4467,9.918,2018-07-27,2018-07-25 12:30:00,2018-07-27 12:30:00,0.5,2018-07-27,0.0
2018-07-27 23:59:00,2018-07-25,KFR-XE1S_2018_0725_0727,2018,KFR-XE1S,2018-07-27 08:30:00,7/27/2018,08:30:00 am,8.447,9.919,2018-07-27,2018-07-25 12:30:00,2018-07-27 12:30:00,0.5,2018-07-27,0.00010000000000012221
2018-07-27 23:59:00,2018-07-25,KFR-XE1S_2018_0725_0727,2018,KFR-XE1S,2018-07-27 08:40:00,7/27/2018,08:40:00 am,8.4471,9.919,2018-07-27,2018-07-25 12:30:00,2018-07-27 12:30:00,0.5,2018-07-27,0.0
2018-07-27 23:59:00,2018-07-25,KFR-XE1S_2018_0725_0727,2018,KFR-XE1S,2018-07-27 08:50:00,7/27/2018,08:50:00 am,8.4476,9.92,2018-07-27,2018-07-25 12:30:00,2018-07-27 12:30:00,0.5,2018-07-27,9.999999999994457e-05
2018-07-27 23:59:00,2018-07-25,KFR-XE1S_2018_0725_0727,2018,KFR-XE1S,2018-07-27 09:00:00,7/27/2018,09:00:00 am,8.4476,9.921,2018-07-27,2018-07-25 12:30:00,2018-07-27 12:30:00,0.5,2018-07-27,9.999999999994457e-05
2018-07-27 23:59:00,2018-07-25,KFR-XE1S_2018_0725_0727,2018,KFR-XE1S,2018-07-27 09:10:00,7/27/2018,09:10:00 am,8.4474,9.921,2018-07-27,2018-07-25 12:30:00,2018-07-27 12:30:00,0.5,2018-07-27,0.0
2018-07-27 23:59:00,2018-07-25,KFR-XE1S_2018_0725_0727,2018,KFR-XE1S,2018-07-27 09:20:00,7/27/2018,09:20:00 am,8.4471,9.922,2018-07-27,2018-07-25 12:30:00,2018-07-27 12:30:00,0.5,2018-07-27,0.00010000000000012221
2018-07-27 23:59:00,2018-07-25,KFR-XE1S_2018_0725_0727,2018,KFR-XE1S,2018-07-27 09:30:00,7/27/2018,09:30:00 am,8.4471,9.923,2018-07-27,2018-07-25 12:30:00,2018-07-27 12:30:00,0.5,2018-07-27,9.999999999994457e-05
2018-07-27 23:59:00,2018-07-25,KFR-XE1S_2018_0725_0727,2018,KFR-XE1S,2018-07-27 09:40:00,7/27/2018,09:40:00 am,8.4465,9.924,2018-07-27,2018-07-25 12:30:00,2018-07-27 12:30:00,0.5,2018-07-27,9.999999999994457e-05
2018-07-27 23:59:00,2018-07-25,KFR-XE1S_2018_0725_0727,2018,KFR-XE1S,2018-07-27 09:50:00,7/27/2018,09:50:00 am,8.4463,9.924,2018-07-27,2018-07-25 12:30:00,2018-07-27 12:30:00,0.5,2018-07-27,0.0
2018-07-27 23:59:00,2018-07-25,KFR-XE1S_2018_0725_0727,2018,KFR-XE1S,2018-07-27 10:00:00,7/27/2018,10:00:00 am,8.4464,9.926,2018-07-27,2018-07-25 12:30:00,2018-07-27 12:30:00,0.5,2018-07-27,0.0002000000000000668
2018-07-27 23:59:00,2018-07-25,KFR-XE1S_2018_0725_0727,2018,KFR-XE1S,2018-07-27 10:10:00,7/27/2018,10:10:00 am,8.446,9.926,2018-07-27,2018-07-25 12:30:00,2018-07-27 12:30:00,0.5,2018-07-27,0.0
2018-07-27 23:59:00,2018-07-25,KFR-XE1S_2018_0725_0727,2018,KFR-XE1S,2018-07-27 10:20:00,7/27/2018,10:20:00 am,8.4461,9.928,2018-07-27,2018-07-25 12:30:00,2018-07-27 12:30:00,0.5,2018-07-27,0.0002000000000000668
2018-07-27 23:59:00,2018-07-25,KFR-XE1S_2018_0725_0727,2018,KFR-XE1S,2018-07-27 10:30:00,7/27/2018,10:30:00 am,8.4457,9.929,2018-07-27,2018-07-25 12:30:00,2018-07-27 12:30:00,0.5,2018-07-27,9.999999999994457e-05
2018-07-27 23:59:00,2018-07-25,KFR-XE1S_2018_0725_0727,2018,KFR-XE1S,2018-07-27 10:40:00,7/27/2018,10:40:00 am,8.4453,9.93,2018-07-27,2018-07-25 12:30:00,2018-07-27 12:30:00,0.5,2018-07-27,9.999999999994457e-05
2018-07-27 23:59:00,2018-07-25,KFR-XE1S_2018_0725_0727,2018,KFR-XE1S,2018-07-27 10:50:00,7/27/2018,10:50:00 am,8.4443,9.931,2018-07-27,2018-07-25 12:30:00,2018-07-27 12:30:00,0.5,2018-07-27,9.999999999994457e-05
2018-07-27 23:59:00,2018-07-25,KFR-XE1S_2018_0725_0727,2018,KFR-XE1S,2018-07-27 11:00:00,7/27/2018,11:00:00 am,8.4433,9.932,2018-07-27,2018-07-25 12:30:00,2018-07-27 12:30:00,0.5,2018-07-27,0.00010000000000012221
2018-07-27 23:59:00,2018-07-25,KFR-XE1S_2018_0725_0727,2018,KFR-XE1S,2018-07-27 11:10:00,7/27/2018,11:10:00 am,8.4424,9.933,2018-07-27,2018-07-25 12:30:00,2018-07-27 12:30:00,0.5,2018-07-27,9.999999999994457e-05
2018-07-27 23:59:00,2018-07-25,KFR-XE1S_2018_0725_0727,2018,KFR-XE1S,2018-07-27 11:20:00,7/27/2018,11:20:00 am,8.4413,9.934,2018-07-27,2018-07-25 12:30:00,2018-07-27 12:30:00,0.5,2018-07-27,9.999999999994457e-05
2018-07-27 23:59:00,2018-07-25,KFR-XE1S_2018_0725_0727,2018,KFR-XE1S,2018-07-27 11:30:00,7/27/2018,11:30:00 am,8.4399,9.935,2018-07-27,2018-07-25 12:30:00,2018-07-27 12:30:00,0.5,2018-07-27,0.00010000000000012221
2018-07-27 23:59:00,2018-07-25,KFR-XE1S_2018_0725_0727,2018,KFR-XE1S,2018-07-27 11:40:00,7/27/2018,11:40:00 am,8.4391,9.937,2018-07-27,2018-07-25 12:30:00,2018-07-27 12:30:00,0.5,2018-07-27,0.00019999999999988915
2018-07-27 23:59:00,2018-07-25,KFR-XE1S_2018_0725_0727,2018,KFR-XE1S,2018-07-27 11:50:00,7/27/2018,11:50:00 am,8.4379,9.938,2018-07-27,2018-07-25 12:30:00,2018-07-27 12:30:00,0.5,2018-07-27,0.00010000000000012221
2018-07-27 23:59:00,2018-07-25,KFR-XE1S_2018_0725_0727,2018,KFR-XE1S,2018-07-27 12:00:00,7/27/2018,12:00:00 pm,8.4368,9.939,2018-07-27,2018-07-25 12:30:00,2018-07-27 12:30:00,0.5,2018-07-27,9.999999999994457e-05
2018-07-27 23:59:00,2018-07-25,KFR-XE1S_2018_0725_0727,2018,KFR-XE1S,2018-07-27 12:10:00,7/27/2018,12:10:00 pm,8.4356,9.94,2018-07-27,2018-07-25 12:30:00,2018-07-27 12:30:00,0.5,2018-07-27,9.999999999994457e-05
2018-07-27 23:59:00,2018-07-25,KFR-XE1S_2018_0725_0727,2018,KFR-XE1S,2018-07-27 12:20:00,7/27/2018,12:20:00 pm,8.4346,9.942,2018-07-27,2018-07-25 12:30:00,2018-07-27 12:30:00,0.5,2018-07-27,0.0002000000000000668
2018-07-27 23:59:00,2018-07-25,KFR-XE1S_2018_0725_0727,2018,KFR-XE1S,2018-07-27 12:30:00,7/27/2018,12:30:00 pm,8.4335,9.943,2018-07-27,2018-07-25 12:30:00,2018-07-27 12:30:00,0.5,2018-07-27,9.999999999994457e-05
