," 1 Year EDDI (gridMET Drought) at -120.2609E,39.4333N, 1980-01-05 to 2025-11-30"
"1980-01-05",-0.39
"1980-01-10",-0.39
"1980-01-15",-0.39
"1980-01-20",-0.54
"1980-01-25",-0.46
"1980-01-30",-0.46
"1980-02-04",-0.39
"1980-02-09",-0.46
"1980-02-14",-0.54
"1980-02-19",-0.62
"1980-02-24",-0.62
"1980-02-29",-0.54
"1980-03-05",-0.54
"1980-03-10",-0.62
"1980-03-15",-0.62
"1980-03-20",-0.54
"1980-03-25",-0.54
"1980-03-30",-0.46
"1980-04-04",-0.46
"1980-04-09",-0.54
"1980-04-14",-0.54
"1980-04-19",-0.46
"1980-04-24",-0.46
"1980-04-29",-0.54
"1980-05-04",-0.39
"1980-05-09",-0.24
"1980-05-14",-0.54
"1980-05-19",-0.54
"1980-05-24",-0.71
"1980-05-29",-0.8
"1980-06-03",-1.01
"1980-06-08",-1.28
"1980-06-13",-1.28
"1980-06-18",-1.28
"1980-06-23",-1.28
"1980-06-28",-1.28
"1980-07-03",-1.28
"1980-07-08",-1.28
"1980-07-13",-1.28
"1980-07-18",-1.28
"1980-07-23",-1.28
"1980-07-28",-1.28
"1980-08-02",-1.28
"1980-08-07",-1.28
"1980-08-12",-1.28
"1980-08-17",-1.13
"1980-08-22",-0.9
"1980-08-27",-0.9
"1980-09-01",-0.9
"1980-09-06",-0.9
"1980-09-11",-1.13
"1980-09-16",-1.28
"1980-09-21",-1.28
"1980-09-26",-1.13
"1980-10-01",-1.13
"1980-10-06",-1.28
"1980-10-11",-1.28
"1980-10-16",-1.28
"1980-10-21",-1.28
"1980-10-26",-1.28
"1980-10-31",-1.13
"1980-11-05",-0.9
"1980-11-10",-1.13
"1980-11-15",-1.28
"1980-11-20",-1.28
"1980-11-25",-1.28
"1980-11-30",-1.28
"1980-12-05",-1.28
"1980-12-10",-1.28
"1980-12-15",-1.28
"1980-12-20",-1.28
"1980-12-25",-1.28
"1980-12-30",-1.28
"1981-01-05",-1.13
"1981-01-10",-1.13
"1981-01-15",-1.13
"1981-01-20",-1.13
"1981-01-25",-1.13
"1981-01-30",-1.13
"1981-02-04",-1.13
"1981-02-09",-1.13
"1981-02-14",-1.13
"1981-02-19",-1.13
"1981-02-24",-1.13
"1981-03-01",-1.13
"1981-03-06",-1.13
"1981-03-11",-1.13
"1981-03-16",-1.13
"1981-03-21",-1.13
"1981-03-26",-1.01
"1981-03-31",-1.01
"1981-04-05",-1.01
"1981-04-10",-1.01
"1981-04-15",-1.13
"1981-04-20",-1.13
"1981-04-25",-1.13
"1981-04-30",-1.13
"1981-05-05",-1.01
"1981-05-10",-0.9
"1981-05-15",-0.8
"1981-05-20",-0.8
"1981-05-25",-0.8
"1981-05-30",-0.62
"1981-06-04",-0.54
"1981-06-09",-0.39
"1981-06-14",-0.39
"1981-06-19",-0.24
"1981-06-24",-0.24
"1981-06-29",-0.17
"1981-07-04",-0.1
"1981-07-09",-0.1
"1981-07-14",-0.03
"1981-07-19",-0.03
"1981-07-24",0.03
"1981-07-29",0.03
"1981-08-03",0.03
"1981-08-08",0.03
"1981-08-13",0.03
"1981-08-18",0.1
"1981-08-23",0.1
"1981-08-28",0.1
"1981-09-02",0.1
"1981-09-07",0.17
"1981-09-12",0.17
"1981-09-17",0.17
"1981-09-22",0.24
"1981-09-27",0.17
"1981-10-02",0.17
"1981-10-07",0.17
"1981-10-12",0.1
"1981-10-17",0.1
"1981-10-22",0.17
"1981-10-27",0.17
"1981-11-01",0.1
"1981-11-06",0.1
"1981-11-11",0.1
"1981-11-16",0.1
"1981-11-21",0.1
"1981-11-26",0.1
"1981-12-01",0.03
"1981-12-06",0.1
"1981-12-11",0.1
"1981-12-16",0.03
"1981-12-21",-0.03
"1981-12-26",-0.03
"1981-12-31",-0.03
"1982-01-05",-0.03
"1982-01-10",-0.03
"1982-01-15",-0.03
"1982-01-20",0.03
"1982-01-25",-0.03
"1982-01-30",0.03
"1982-02-04",0.03
"1982-02-09",0.03
"1982-02-14",0.03
"1982-02-19",0.03
"1982-02-24",0.03
"1982-03-01",0.03
"1982-03-06",0.03
"1982-03-11",-0.03
"1982-03-16",-0.03
"1982-03-21",-0.1
"1982-03-26",-0.03
"1982-03-31",-0.03
"1982-04-05",-0.17
"1982-04-10",-0.32
"1982-04-15",-0.39
"1982-04-20",-0.32
"1982-04-25",-0.32
"1982-04-30",-0.46
"1982-05-05",-0.54
"1982-05-10",-0.39
"1982-05-15",-0.39
"1982-05-20",-0.32
"1982-05-25",-0.24
"1982-05-30",-0.17
"1982-06-04",-0.24
"1982-06-09",-0.32
"1982-06-14",-0.32
"1982-06-19",-0.32
"1982-06-24",-0.54
"1982-06-29",-0.62
"1982-07-04",-0.9
"1982-07-09",-0.9
"1982-07-14",-0.9
"1982-07-19",-0.9
"1982-07-24",-0.9
"1982-07-29",-0.9
"1982-08-03",-1.01
"1982-08-08",-1.01
"1982-08-13",-1.13
"1982-08-18",-1.28
"1982-08-23",-1.28
"1982-08-28",-1.45
"1982-09-02",-1.45
"1982-09-07",-1.45
"1982-09-12",-1.45
"1982-09-17",-1.45
"1982-09-22",-1.69
"1982-09-27",-1.45
"1982-10-02",-1.45
"1982-10-07",-1.45
"1982-10-12",-1.45
"1982-10-17",-1.45
"1982-10-22",-1.45
"1982-10-27",-1.45
"1982-11-01",-1.45
"1982-11-06",-1.45
"1982-11-11",-1.45
"1982-11-16",-1.45
"1982-11-21",-1.45
"1982-11-26",-1.45
"1982-12-01",-1.45
"1982-12-06",-1.45
"1982-12-11",-1.45
"1982-12-16",-1.45
"1982-12-21",-1.45
"1982-12-26",-1.45
"1982-12-31",-1.45
"1983-01-05",-1.45
"1983-01-10",-1.45
"1983-01-15",-1.45
"1983-01-20",-1.45
"1983-01-25",-1.45
"1983-01-30",-1.45
"1983-02-04",-1.45
"1983-02-09",-1.45
"1983-02-14",-1.69
"1983-02-19",-1.69
"1983-02-24",-1.69
"1983-03-01",-1.69
"1983-03-06",-1.69
"1983-03-11",-1.69
"1983-03-16",-1.69
"1983-03-21",-1.69
"1983-03-26",-1.69
"1983-03-31",-2.09
"1983-04-05",-1.69
"1983-04-10",-1.69
"1983-04-15",-1.69
"1983-04-20",-2.09
"1983-04-25",-2.09
"1983-04-30",-2.09
"1983-05-05",-2.09
"1983-05-10",-2.09
"1983-05-15",-2.09
"1983-05-20",-2.09
"1983-05-25",-2.09
"1983-05-30",-2.09
"1983-06-04",-2.09
"1983-06-09",-2.09
"1983-06-14",-2.09
"1983-06-19",-2.09
"1983-06-24",-2.09
"1983-06-29",-2.09
"1983-07-04",-2.09
"1983-07-09",-2.09
"1983-07-14",-2.09
"1983-07-19",-2.09
"1983-07-24",-2.09
"1983-07-29",-2.09
"1983-08-03",-2.09
"1983-08-08",-2.09
"1983-08-13",-2.09
"1983-08-18",-2.09
"1983-08-23",-2.09
"1983-08-28",-2.09
"1983-09-02",-2.09
"1983-09-07",-2.09
"1983-09-12",-2.09
"1983-09-17",-2.09
"1983-09-22",-2.09
"1983-09-27",-2.09
"1983-10-02",-2.09
"1983-10-07",-2.09
"1983-10-12",-2.09
"1983-10-17",-2.09
"1983-10-22",-2.09
"1983-10-27",-2.09
"1983-11-01",-2.09
"1983-11-06",-2.09
"1983-11-11",-2.09
"1983-11-16",-2.09
"1983-11-21",-2.09
"1983-11-26",-2.09
"1983-12-01",-2.09
"1983-12-06",-2.09
"1983-12-11",-2.09
"1983-12-16",-2.09
"1983-12-21",-2.09
"1983-12-26",-2.09
"1983-12-31",-2.09
"1984-01-05",-2.09
"1984-01-10",-2.09
"1984-01-15",-2.09
"1984-01-20",-2.09
"1984-01-25",-2.09
"1984-01-30",-2.09
"1984-02-04",-2.09
"1984-02-09",-2.09
"1984-02-14",-2.09
"1984-02-19",-2.09
"1984-02-24",-2.09
"1984-02-29",-2.09
"1984-03-05",-2.09
"1984-03-10",-2.09
"1984-03-15",-2.09
"1984-03-20",-2.09
"1984-03-25",-2.09
"1984-03-30",-1.69
"1984-04-04",-2.09
"1984-04-09",-2.09
"1984-04-14",-2.09
"1984-04-19",-1.69
"1984-04-24",-1.69
"1984-04-29",-1.69
"1984-05-04",-1.69
"1984-05-09",-1.69
"1984-05-14",-1.69
"1984-05-19",-1.69
"1984-05-24",-1.69
"1984-05-29",-1.69
"1984-06-03",-1.69
"1984-06-08",-1.69
"1984-06-13",-1.69
"1984-06-18",-1.69
"1984-06-23",-1.69
"1984-06-28",-1.45
"1984-07-03",-1.45
"1984-07-08",-1.45
"1984-07-13",-1.45
"1984-07-18",-1.45
"1984-07-23",-1.45
"1984-07-28",-1.45
"1984-08-02",-1.45
"1984-08-07",-1.45
"1984-08-12",-1.45
"1984-08-17",-1.45
"1984-08-22",-1.45
"1984-08-27",-1.28
"1984-09-01",-1.28
"1984-09-06",-1.13
"1984-09-11",-1.01
"1984-09-16",-1.01
"1984-09-21",-1.01
"1984-09-26",-0.9
"1984-10-01",-0.8
"1984-10-06",-0.8
"1984-10-11",-0.71
"1984-10-16",-0.8
"1984-10-21",-0.9
"1984-10-26",-1.01
"1984-10-31",-1.01
"1984-11-05",-1.01
"1984-11-10",-1.01
"1984-11-15",-1.13
"1984-11-20",-1.01
"1984-11-25",-1.01
"1984-11-30",-1.13
"1984-12-05",-1.13
"1984-12-10",-1.13
"1984-12-15",-1.13
"1984-12-20",-1.13
"1984-12-25",-1.13
"1984-12-30",-1.13
"1985-01-05",-1.28
"1985-01-10",-1.28
"1985-01-15",-1.28
"1985-01-20",-1.28
"1985-01-25",-1.28
"1985-01-30",-1.28
"1985-02-04",-1.28
"1985-02-09",-1.28
"1985-02-14",-1.28
"1985-02-19",-1.28
"1985-02-24",-1.28
"1985-03-01",-1.28
"1985-03-06",-1.28
"1985-03-11",-1.28
"1985-03-16",-1.28
"1985-03-21",-1.28
"1985-03-26",-1.28
"1985-03-31",-1.28
"1985-04-05",-1.28
"1985-04-10",-1.28
"1985-04-15",-1.28
"1985-04-20",-1.28
"1985-04-25",-1.28
"1985-04-30",-1.28
"1985-05-05",-1.13
"1985-05-10",-1.28
"1985-05-15",-1.13
"1985-05-20",-1.13
"1985-05-25",-1.13
"1985-05-30",-1.28
"1985-06-04",-1.28
"1985-06-09",-1.13
"1985-06-14",-1.01
"1985-06-19",-0.8
"1985-06-24",-0.71
"1985-06-29",-0.8
"1985-07-04",-0.71
"1985-07-09",-0.71
"1985-07-14",-0.71
"1985-07-19",-0.62
"1985-07-24",-0.62
"1985-07-29",-0.62
"1985-08-03",-0.62
"1985-08-08",-0.62
"1985-08-13",-0.54
"1985-08-18",-0.54
"1985-08-23",-0.54
"1985-08-28",-0.46
"1985-09-02",-0.46
"1985-09-07",-0.71
"1985-09-12",-0.8
"1985-09-17",-0.8
"1985-09-22",-0.8
"1985-09-27",-0.71
"1985-10-02",-0.71
"1985-10-07",-0.71
"1985-10-12",-0.8
"1985-10-17",-0.71
"1985-10-22",-0.71
"1985-10-27",-0.71
"1985-11-01",-0.71
"1985-11-06",-0.71
"1985-11-11",-0.71
"1985-11-16",-0.71
"1985-11-21",-0.8
"1985-11-26",-0.8
"1985-12-01",-0.8
"1985-12-06",-0.8
"1985-12-11",-0.9
"1985-12-16",-0.9
"1985-12-21",-0.8
"1985-12-26",-0.8
"1985-12-31",-0.8
"1986-01-05",-0.8
"1986-01-10",-0.8
"1986-01-15",-0.8
"1986-01-20",-0.8
"1986-01-25",-0.8
"1986-01-30",-0.8
"1986-02-04",-0.8
"1986-02-09",-0.8
"1986-02-14",-0.8
"1986-02-19",-0.8
"1986-02-24",-0.8
"1986-03-01",-0.71
"1986-03-06",-0.71
"1986-03-11",-0.71
"1986-03-16",-0.9
"1986-03-21",-0.9
"1986-03-26",-0.8
"1986-03-31",-0.71
"1986-04-05",-0.71
"1986-04-10",-0.9
"1986-04-15",-0.9
"1986-04-20",-0.9
"1986-04-25",-0.9
"1986-04-30",-0.9
"1986-05-05",-1.28
"1986-05-10",-1.13
"1986-05-15",-1.01
"1986-05-20",-1.01
"1986-05-25",-1.01
"1986-05-30",-0.9
"1986-06-04",-0.71
"1986-06-09",-0.71
"1986-06-14",-0.8
"1986-06-19",-1.01
"1986-06-24",-1.01
"1986-06-29",-1.01
"1986-07-04",-1.01
"1986-07-09",-1.13
"1986-07-14",-1.13
"1986-07-19",-1.01
"1986-07-24",-1.01
"1986-07-29",-1.01
"1986-08-03",-0.9
"1986-08-08",-0.9
"1986-08-13",-0.8
"1986-08-18",-0.8
"1986-08-23",-0.8
"1986-08-28",-0.8
"1986-09-02",-0.8
"1986-09-07",-0.8
"1986-09-12",-0.71
"1986-09-17",-0.71
"1986-09-22",-0.71
"1986-09-27",-0.8
"1986-10-02",-1.01
"1986-10-07",-1.13
"1986-10-12",-0.9
"1986-10-17",-1.01
"1986-10-22",-1.13
"1986-10-27",-1.13
"1986-11-01",-1.28
"1986-11-06",-1.28
"1986-11-11",-1.28
"1986-11-16",-0.9
"1986-11-21",-0.9
"1986-11-26",-0.9
"1986-12-01",-0.9
"1986-12-06",-0.9
"1986-12-11",-0.8
"1986-12-16",-0.8
"1986-12-21",-0.9
"1986-12-26",-0.9
"1986-12-31",-0.9
"1987-01-05",-1.01
"1987-01-10",-1.01
"1987-01-15",-1.01
"1987-01-20",-1.01
"1987-01-25",-1.01
"1987-01-30",-1.01
"1987-02-04",-1.01
"1987-02-09",-1.01
"1987-02-14",-0.9
"1987-02-19",-0.9
"1987-02-24",-1.01
"1987-03-01",-1.01
"1987-03-06",-1.01
"1987-03-11",-1.01
"1987-03-16",-1.01
"1987-03-21",-1.01
"1987-03-26",-1.13
"1987-03-31",-1.13
"1987-04-05",-1.13
"1987-04-10",-1.13
"1987-04-15",-1.01
"1987-04-20",-1.01
"1987-04-25",-0.8
"1987-04-30",-0.8
"1987-05-05",-0.71
"1987-05-10",-0.71
"1987-05-15",-0.46
"1987-05-20",-0.62
"1987-05-25",-0.62
"1987-05-30",-0.71
"1987-06-04",-0.8
"1987-06-09",-0.8
"1987-06-14",-0.71
"1987-06-19",-0.71
"1987-06-24",-0.9
"1987-06-29",-0.9
"1987-07-04",-0.8
"1987-07-09",-0.8
"1987-07-14",-0.62
"1987-07-19",-0.71
"1987-07-24",-0.71
"1987-07-29",-0.71
"1987-08-03",-0.71
"1987-08-08",-0.71
"1987-08-13",-0.62
"1987-08-18",-0.71
"1987-08-23",-0.71
"1987-08-28",-0.71
"1987-09-02",-0.62
"1987-09-07",-0.54
"1987-09-12",-0.62
"1987-09-17",-0.54
"1987-09-22",-0.39
"1987-09-27",-0.32
"1987-10-02",-0.17
"1987-10-07",-0.1
"1987-10-12",-0.1
"1987-10-17",-0.1
"1987-10-22",-0.1
"1987-10-27",-0.03
"1987-11-01",-0.1
"1987-11-06",-0.32
"1987-11-11",-0.32
"1987-11-16",-0.32
"1987-11-21",-0.32
"1987-11-26",-0.39
"1987-12-01",-0.39
"1987-12-06",-0.39
"1987-12-11",-0.39
"1987-12-16",-0.39
"1987-12-21",-0.39
"1987-12-26",-0.39
"1987-12-31",-0.39
"1988-01-05",-0.46
"1988-01-10",-0.46
"1988-01-15",-0.46
"1988-01-20",-0.62
"1988-01-25",-0.54
"1988-01-30",-0.54
"1988-02-04",-0.54
"1988-02-09",-0.54
"1988-02-14",-0.46
"1988-02-19",-0.32
"1988-02-24",-0.32
"1988-02-29",-0.24
"1988-03-05",-0.24
"1988-03-10",-0.17
"1988-03-15",-0.17
"1988-03-20",0.03
"1988-03-25",0.03
"1988-03-30",0.03
"1988-04-04",0.03
"1988-04-09",0.1
"1988-04-14",0.1
"1988-04-19",0.03
"1988-04-24",-0.17
"1988-04-29",-0.17
"1988-05-04",-0.24
"1988-05-09",-0.54
"1988-05-14",-0.62
"1988-05-19",-0.46
"1988-05-24",-0.39
"1988-05-29",-0.39
"1988-06-03",-0.39
"1988-06-08",-0.54
"1988-06-13",-0.62
"1988-06-18",-0.54
"1988-06-23",-0.39
"1988-06-28",-0.46
"1988-07-03",-0.39
"1988-07-08",-0.39
"1988-07-13",-0.39
"1988-07-18",-0.39
"1988-07-23",-0.32
"1988-07-28",-0.24
"1988-08-02",-0.24
"1988-08-07",-0.24
"1988-08-12",-0.24
"1988-08-17",-0.24
"1988-08-22",-0.24
"1988-08-27",-0.24
"1988-09-01",-0.17
"1988-09-06",-0.1
"1988-09-11",-0.03
"1988-09-16",-0.03
"1988-09-21",-0.1
"1988-09-26",-0.17
"1988-10-01",-0.24
"1988-10-06",-0.24
"1988-10-11",-0.17
"1988-10-16",-0.24
"1988-10-21",-0.32
"1988-10-26",-0.24
"1988-10-31",-0.17
"1988-11-05",-0.1
"1988-11-10",-0.1
"1988-11-15",-0.1
"1988-11-20",-0.03
"1988-11-25",-0.03
"1988-11-30",-0.03
"1988-12-05",-0.03
"1988-12-10",-0.03
"1988-12-15",0.1
"1988-12-20",0.1
"1988-12-25",0.03
"1988-12-30",0.03
"1989-01-05",0.1
"1989-01-10",0.1
"1989-01-15",0.1
"1989-01-20",0.1
"1989-01-25",0.1
"1989-01-30",0.1
"1989-02-04",0.1
"1989-02-09",0.1
"1989-02-14",0.1
"1989-02-19",-0.03
"1989-02-24",-0.1
"1989-03-01",-0.1
"1989-03-06",-0.1
"1989-03-11",-0.1
"1989-03-16",-0.1
"1989-03-21",-0.17
"1989-03-26",-0.24
"1989-03-31",-0.39
"1989-04-05",-0.39
"1989-04-10",-0.24
"1989-04-15",-0.17
"1989-04-20",-0.17
"1989-04-25",-0.1
"1989-04-30",-0.03
"1989-05-05",-0.03
"1989-05-10",0.17
"1989-05-15",0.03
"1989-05-20",0.03
"1989-05-25",-0.1
"1989-05-30",0.03
"1989-06-04",0.03
"1989-06-09",0.03
"1989-06-14",0.1
"1989-06-19",0.03
"1989-06-24",-0.03
"1989-06-29",-0.03
"1989-07-04",-0.03
"1989-07-09",-0.03
"1989-07-14",-0.1
"1989-07-19",-0.1
"1989-07-24",-0.1
"1989-07-29",-0.1
"1989-08-03",-0.1
"1989-08-08",-0.17
"1989-08-13",-0.17
"1989-08-18",-0.17
"1989-08-23",-0.17
"1989-08-28",-0.17
"1989-09-02",-0.32
"1989-09-07",-0.32
"1989-09-12",-0.32
"1989-09-17",-0.32
"1989-09-22",-0.32
"1989-09-27",-0.39
"1989-10-02",-0.54
"1989-10-07",-0.54
"1989-10-12",-0.54
"1989-10-17",-0.54
"1989-10-22",-0.54
"1989-10-27",-0.54
"1989-11-01",-0.62
"1989-11-06",-0.62
"1989-11-11",-0.54
"1989-11-16",-0.54
"1989-11-21",-0.54
"1989-11-26",-0.54
"1989-12-01",-0.62
"1989-12-06",-0.62
"1989-12-11",-0.62
"1989-12-16",-0.62
"1989-12-21",-0.54
"1989-12-26",-0.46
"1989-12-31",-0.46
"1990-01-05",-0.32
"1990-01-10",-0.32
"1990-01-15",-0.32
"1990-01-20",-0.32
"1990-01-25",-0.32
"1990-01-30",-0.32
"1990-02-04",-0.32
"1990-02-09",-0.32
"1990-02-14",-0.24
"1990-02-19",-0.24
"1990-02-24",-0.24
"1990-03-01",-0.32
"1990-03-06",-0.32
"1990-03-11",-0.32
"1990-03-16",-0.46
"1990-03-21",-0.39
"1990-03-26",-0.39
"1990-03-31",-0.32
"1990-04-05",-0.32
"1990-04-10",-0.39
"1990-04-15",-0.32
"1990-04-20",-0.39
"1990-04-25",-0.39
"1990-04-30",-0.32
"1990-05-05",-0.32
"1990-05-10",-0.32
"1990-05-15",-0.24
"1990-05-20",-0.39
"1990-05-25",-0.46
"1990-05-30",-0.54
"1990-06-04",-0.62
"1990-06-09",-0.46
"1990-06-14",-0.54
"1990-06-19",-0.62
"1990-06-24",-0.62
"1990-06-29",-0.39
"1990-07-04",-0.46
"1990-07-09",-0.46
"1990-07-14",-0.54
"1990-07-19",-0.54
"1990-07-24",-0.54
"1990-07-29",-0.54
"1990-08-03",-0.54
"1990-08-08",-0.46
"1990-08-13",-0.46
"1990-08-18",-0.46
"1990-08-23",-0.46
"1990-08-28",-0.54
"1990-09-02",-0.54
"1990-09-07",-0.46
"1990-09-12",-0.46
"1990-09-17",-0.46
"1990-09-22",-0.46
"1990-09-27",-0.54
"1990-10-02",-0.46
"1990-10-07",-0.46
"1990-10-12",-0.46
"1990-10-17",-0.46
"1990-10-22",-0.46
"1990-10-27",-0.39
"1990-11-01",-0.39
"1990-11-06",-0.39
"1990-11-11",-0.39
"1990-11-16",-0.39
"1990-11-21",-0.39
"1990-11-26",-0.32
"1990-12-01",-0.32
"1990-12-06",-0.24
"1990-12-11",-0.17
"1990-12-16",-0.24
"1990-12-21",-0.32
"1990-12-26",-0.32
"1990-12-31",-0.32
"1991-01-05",-0.24
"1991-01-10",-0.24
"1991-01-15",-0.24
"1991-01-20",-0.17
"1991-01-25",-0.17
"1991-01-30",-0.17
"1991-02-04",-0.17
"1991-02-09",-0.03
"1991-02-14",-0.03
"1991-02-19",0.1
"1991-02-24",0.1
"1991-03-01",0.1
"1991-03-06",0.1
"1991-03-11",0.1
"1991-03-16",0.1
"1991-03-21",-0.03
"1991-03-26",-0.1
"1991-03-31",-0.17
"1991-04-05",-0.24
"1991-04-10",-0.17
"1991-04-15",-0.24
"1991-04-20",-0.24
"1991-04-25",-0.24
"1991-04-30",-0.24
"1991-05-05",-0.46
"1991-05-10",-0.62
"1991-05-15",-0.71
"1991-05-20",-0.71
"1991-05-25",-0.54
"1991-05-30",-0.46
"1991-06-04",-0.32
"1991-06-09",-0.24
"1991-06-14",-0.17
"1991-06-19",-0.17
"1991-06-24",-0.17
"1991-06-29",-0.32
"1991-07-04",-0.32
"1991-07-09",-0.32
"1991-07-14",-0.32
"1991-07-19",-0.32
"1991-07-24",-0.39
"1991-07-29",-0.39
"1991-08-03",-0.39
"1991-08-08",-0.39
"1991-08-13",-0.39
"1991-08-18",-0.32
"1991-08-23",-0.32
"1991-08-28",-0.32
"1991-09-02",-0.24
"1991-09-07",-0.24
"1991-09-12",-0.24
"1991-09-17",-0.24
"1991-09-22",-0.17
"1991-09-27",-0.03
"1991-10-02",-0.03
"1991-10-07",-0.03
"1991-10-12",-0.03
"1991-10-17",-0.03
"1991-10-22",-0.03
"1991-10-27",-0.1
"1991-11-01",-0.24
"1991-11-06",-0.24
"1991-11-11",-0.24
"1991-11-16",-0.24
"1991-11-21",-0.24
"1991-11-26",-0.24
"1991-12-01",-0.24
"1991-12-06",-0.32
"1991-12-11",-0.32
"1991-12-16",-0.32
"1991-12-21",-0.24
"1991-12-26",-0.24
"1991-12-31",-0.24
"1992-01-05",-0.17
"1992-01-10",-0.17
"1992-01-15",-0.17
"1992-01-20",-0.24
"1992-01-25",-0.24
"1992-01-30",-0.24
"1992-02-04",-0.24
"1992-02-09",-0.24
"1992-02-14",-0.32
"1992-02-19",-0.39
"1992-02-24",-0.54
"1992-02-29",-0.46
"1992-03-05",-0.46
"1992-03-10",-0.46
"1992-03-15",-0.32
"1992-03-20",-0.24
"1992-03-25",-0.17
"1992-03-30",-0.1
"1992-04-04",-0.03
"1992-04-09",-0.03
"1992-04-14",-0.03
"1992-04-19",-0.03
"1992-04-24",0.03
"1992-04-29",0.17
"1992-05-04",0.32
"1992-05-09",0.54
"1992-05-14",0.54
"1992-05-19",0.63
"1992-05-24",0.63
"1992-05-29",0.71
"1992-06-03",0.71
"1992-06-08",0.71
"1992-06-13",0.71
"1992-06-18",0.54
"1992-06-23",0.54
"1992-06-28",0.63
"1992-07-03",0.54
"1992-07-08",0.47
"1992-07-13",0.47
"1992-07-18",0.47
"1992-07-23",0.47
"1992-07-28",0.47
"1992-08-02",0.47
"1992-08-07",0.47
"1992-08-12",0.47
"1992-08-17",0.47
"1992-08-22",0.47
"1992-08-27",0.47
"1992-09-01",0.39
"1992-09-06",0.39
"1992-09-11",0.39
"1992-09-16",0.39
"1992-09-21",0.39
"1992-09-26",0.39
"1992-10-01",0.47
"1992-10-06",0.32
"1992-10-11",0.32
"1992-10-16",0.32
"1992-10-21",0.39
"1992-10-26",0.39
"1992-10-31",0.39
"1992-11-05",0.39
"1992-11-10",0.39
"1992-11-15",0.39
"1992-11-20",0.47
"1992-11-25",0.47
"1992-11-30",0.47
"1992-12-05",0.47
"1992-12-10",0.54
"1992-12-15",0.47
"1992-12-20",0.47
"1992-12-25",0.47
"1992-12-30",0.54
"1993-01-05",0.63
"1993-01-10",0.63
"1993-01-15",0.63
"1993-01-20",0.63
"1993-01-25",0.63
"1993-01-30",0.54
"1993-02-04",0.47
"1993-02-09",0.54
"1993-02-14",0.63
"1993-02-19",0.63
"1993-02-24",0.47
"1993-03-01",0.32
"1993-03-06",0.47
"1993-03-11",0.47
"1993-03-16",0.47
"1993-03-21",0.47
"1993-03-26",0.47
"1993-03-31",0.47
"1993-04-05",0.39
"1993-04-10",0.39
"1993-04-15",0.39
"1993-04-20",0.39
"1993-04-25",0.39
"1993-04-30",0.32
"1993-05-05",0.17
"1993-05-10",0.03
"1993-05-15",0.1
"1993-05-20",0.1
"1993-05-25",-0.03
"1993-05-30",-0.24
"1993-06-04",-0.46
"1993-06-09",-0.62
"1993-06-14",-0.46
"1993-06-19",-0.39
"1993-06-24",-0.32
"1993-06-29",-0.24
"1993-07-04",-0.24
"1993-07-09",-0.24
"1993-07-14",-0.24
"1993-07-19",-0.24
"1993-07-24",-0.24
"1993-07-29",-0.32
"1993-08-03",-0.32
"1993-08-08",-0.32
"1993-08-13",-0.32
"1993-08-18",-0.39
"1993-08-23",-0.39
"1993-08-28",-0.39
"1993-09-02",-0.39
"1993-09-07",-0.39
"1993-09-12",-0.39
"1993-09-17",-0.39
"1993-09-22",-0.54
"1993-09-27",-0.62
"1993-10-02",-0.62
"1993-10-07",-0.62
"1993-10-12",-0.62
"1993-10-17",-0.62
"1993-10-22",-0.62
"1993-10-27",-0.62
"1993-11-01",-0.54
"1993-11-06",-0.54
"1993-11-11",-0.62
"1993-11-16",-0.8
"1993-11-21",-0.71
"1993-11-26",-0.71
"1993-12-01",-0.71
"1993-12-06",-0.71
"1993-12-11",-0.71
"1993-12-16",-0.71
"1993-12-21",-0.71
"1993-12-26",-0.71
"1993-12-31",-0.71
"1994-01-05",-0.71
"1994-01-10",-0.71
"1994-01-15",-0.62
"1994-01-20",-0.46
"1994-01-25",-0.62
"1994-01-30",-0.62
"1994-02-04",-0.62
"1994-02-09",-0.62
"1994-02-14",-0.62
"1994-02-19",-0.54
"1994-02-24",-0.39
"1994-03-01",-0.39
"1994-03-06",-0.39
"1994-03-11",-0.39
"1994-03-16",-0.24
"1994-03-21",-0.32
"1994-03-26",-0.32
"1994-03-31",-0.24
"1994-04-05",-0.1
"1994-04-10",-0.1
"1994-04-15",-0.1
"1994-04-20",-0.1
"1994-04-25",-0.03
"1994-04-30",-0.1
"1994-05-05",-0.1
"1994-05-10",-0.1
"1994-05-15",-0.17
"1994-05-20",-0.24
"1994-05-25",-0.32
"1994-05-30",-0.1
"1994-06-04",0.1
"1994-06-09",0.1
"1994-06-14",0.17
"1994-06-19",0.17
"1994-06-24",0.17
"1994-06-29",0.24
"1994-07-04",0.24
"1994-07-09",0.24
"1994-07-14",0.24
"1994-07-19",0.24
"1994-07-24",0.32
"1994-07-29",0.39
"1994-08-03",0.39
"1994-08-08",0.39
"1994-08-13",0.39
"1994-08-18",0.63
"1994-08-23",0.71
"1994-08-28",0.71
"1994-09-02",0.63
"1994-09-07",0.8
"1994-09-12",0.63
"1994-09-17",0.63
"1994-09-22",0.71
"1994-09-27",0.8
"1994-10-02",0.54
"1994-10-07",0.47
"1994-10-12",0.54
"1994-10-17",0.71
"1994-10-22",0.63
"1994-10-27",0.8
"1994-11-01",0.8
"1994-11-06",0.54
"1994-11-11",0.54
"1994-11-16",0.47
"1994-11-21",0.39
"1994-11-26",0.39
"1994-12-01",0.39
"1994-12-06",0.39
"1994-12-11",0.39
"1994-12-16",0.39
"1994-12-21",0.39
"1994-12-26",0.39
"1994-12-31",0.39
"1995-01-05",0.47
"1995-01-10",0.39
"1995-01-15",0.39
"1995-01-20",0.39
"1995-01-25",0.32
"1995-01-30",0.24
"1995-02-04",0.39
"1995-02-09",0.32
"1995-02-14",0.32
"1995-02-19",0.32
"1995-02-24",0.39
"1995-03-01",0.54
"1995-03-06",0.39
"1995-03-11",0.39
"1995-03-16",0.32
"1995-03-21",0.32
"1995-03-26",0.32
"1995-03-31",0.24
"1995-04-05",0.24
"1995-04-10",0.32
"1995-04-15",0.24
"1995-04-20",0.1
"1995-04-25",0.24
"1995-04-30",0.1
"1995-05-05",0.1
"1995-05-10",-0.03
"1995-05-15",-0.1
"1995-05-20",-0.03
"1995-05-25",0.03
"1995-05-30",-0.03
"1995-06-04",-0.03
"1995-06-09",-0.17
"1995-06-14",-0.24
"1995-06-19",-0.39
"1995-06-24",-0.46
"1995-06-29",-0.54
"1995-07-04",-0.54
"1995-07-09",-0.62
"1995-07-14",-0.8
"1995-07-19",-0.8
"1995-07-24",-0.8
"1995-07-29",-0.8
"1995-08-03",-0.8
"1995-08-08",-0.8
"1995-08-13",-0.9
"1995-08-18",-0.9
"1995-08-23",-1.01
"1995-08-28",-1.13
"1995-09-02",-1.13
"1995-09-07",-1.28
"1995-09-12",-1.28
"1995-09-17",-1.13
"1995-09-22",-1.13
"1995-09-27",-1.28
"1995-10-02",-1.28
"1995-10-07",-1.01
"1995-10-12",-1.01
"1995-10-17",-0.9
"1995-10-22",-0.8
"1995-10-27",-0.8
"1995-11-01",-0.8
"1995-11-06",-0.8
"1995-11-11",-0.8
"1995-11-16",-0.62
"1995-11-21",-0.62
"1995-11-26",-0.62
"1995-12-01",-0.54
"1995-12-06",-0.54
"1995-12-11",-0.54
"1995-12-16",-0.54
"1995-12-21",-0.62
"1995-12-26",-0.62
"1995-12-31",-0.62
"1996-01-05",-0.62
"1996-01-10",-0.62
"1996-01-15",-0.62
"1996-01-20",-0.71
"1996-01-25",-0.71
"1996-01-30",-0.71
"1996-02-04",-0.71
"1996-02-09",-0.71
"1996-02-14",-0.71
"1996-02-19",-0.71
"1996-02-24",-0.71
"1996-02-29",-0.8
"1996-03-05",-0.9
"1996-03-10",-0.9
"1996-03-15",-0.8
"1996-03-20",-0.62
"1996-03-25",-0.62
"1996-03-30",-0.62
"1996-04-04",-0.54
"1996-04-09",-0.46
"1996-04-14",-0.46
"1996-04-19",-0.54
"1996-04-24",-0.62
"1996-04-29",-0.39
"1996-05-04",-0.17
"1996-05-09",-0.17
"1996-05-14",-0.03
"1996-05-19",-0.1
"1996-05-24",-0.17
"1996-05-29",-0.32
"1996-06-03",-0.17
"1996-06-08",-0.03
"1996-06-13",0.03
"1996-06-18",0.24
"1996-06-23",0.24
"1996-06-28",0.03
"1996-07-03",0.1
"1996-07-08",0.17
"1996-07-13",0.17
"1996-07-18",0.17
"1996-07-23",0.17
"1996-07-28",0.17
"1996-08-02",0.17
"1996-08-07",0.17
"1996-08-12",0.17
"1996-08-17",0.17
"1996-08-22",0.17
"1996-08-27",0.17
"1996-09-01",0.17
"1996-09-06",0.1
"1996-09-11",0.1
"1996-09-16",0.1
"1996-09-21",0.1
"1996-09-26",0.1
"1996-10-01",0.1
"1996-10-06",0.1
"1996-10-11",0.17
"1996-10-16",0.17
"1996-10-21",0.03
"1996-10-26",0.03
"1996-10-31",0.03
"1996-11-05",0.03
"1996-11-10",0.03
"1996-11-15",-0.03
"1996-11-20",-0.03
"1996-11-25",-0.17
"1996-11-30",-0.17
"1996-12-05",-0.17
"1996-12-10",-0.24
"1996-12-15",-0.17
"1996-12-20",-0.1
"1996-12-25",-0.17
"1996-12-30",-0.17
"1997-01-05",-0.1
"1997-01-10",-0.1
"1997-01-15",-0.1
"1997-01-20",-0.1
"1997-01-25",-0.1
"1997-01-30",-0.1
"1997-02-04",-0.1
"1997-02-09",-0.17
"1997-02-14",-0.17
"1997-02-19",-0.1
"1997-02-24",-0.03
"1997-03-01",-0.03
"1997-03-06",-0.03
"1997-03-11",0.03
"1997-03-16",0.03
"1997-03-21",0.1
"1997-03-26",0.1
"1997-03-31",0.1
"1997-04-05",0.1
"1997-04-10",0.03
"1997-04-15",0.03
"1997-04-20",0.17
"1997-04-25",0.17
"1997-04-30",0.03
"1997-05-05",0.03
"1997-05-10",0.1
"1997-05-15",0.17
"1997-05-20",0.32
"1997-05-25",0.24
"1997-05-30",0.24
"1997-06-04",0.24
"1997-06-09",0.17
"1997-06-14",-0.1
"1997-06-19",-0.1
"1997-06-24",0.03
"1997-06-29",0.17
"1997-07-04",0.03
"1997-07-09",0.03
"1997-07-14",0.03
"1997-07-19",0.03
"1997-07-24",-0.03
"1997-07-29",-0.03
"1997-08-03",-0.03
"1997-08-08",-0.03
"1997-08-13",-0.03
"1997-08-18",-0.03
"1997-08-23",-0.03
"1997-08-28",-0.1
"1997-09-02",-0.03
"1997-09-07",-0.17
"1997-09-12",-0.17
"1997-09-17",-0.1
"1997-09-22",-0.03
"1997-09-27",-0.1
"1997-10-02",-0.1
"1997-10-07",-0.17
"1997-10-12",-0.24
"1997-10-17",-0.17
"1997-10-22",-0.17
"1997-10-27",-0.17
"1997-11-01",-0.03
"1997-11-06",-0.03
"1997-11-11",-0.17
"1997-11-16",-0.17
"1997-11-21",-0.17
"1997-11-26",-0.1
"1997-12-01",-0.1
"1997-12-06",-0.1
"1997-12-11",-0.1
"1997-12-16",-0.1
"1997-12-21",-0.17
"1997-12-26",-0.1
"1997-12-31",-0.1
"1998-01-05",0.03
"1998-01-10",0.03
"1998-01-15",0.03
"1998-01-20",-0.03
"1998-01-25",0.03
"1998-01-30",-0.03
"1998-02-04",-0.03
"1998-02-09",-0.1
"1998-02-14",-0.1
"1998-02-19",-0.17
"1998-02-24",-0.17
"1998-03-01",-0.17
"1998-03-06",-0.17
"1998-03-11",-0.24
"1998-03-16",-0.39
"1998-03-21",-0.46
"1998-03-26",-0.46
"1998-03-31",-0.54
"1998-04-05",-0.62
"1998-04-10",-0.62
"1998-04-15",-0.8
"1998-04-20",-0.71
"1998-04-25",-0.71
"1998-04-30",-0.71
"1998-05-05",-0.8
"1998-05-10",-1.01
"1998-05-15",-1.28
"1998-05-20",-1.28
"1998-05-25",-1.45
"1998-05-30",-1.45
"1998-06-04",-1.45
"1998-06-09",-1.45
"1998-06-14",-1.45
"1998-06-19",-1.45
"1998-06-24",-1.45
"1998-06-29",-1.69
"1998-07-04",-1.69
"1998-07-09",-1.69
"1998-07-14",-1.69
"1998-07-19",-1.69
"1998-07-24",-1.69
"1998-07-29",-1.69
"1998-08-03",-1.69
"1998-08-08",-1.69
"1998-08-13",-1.69
"1998-08-18",-1.69
"1998-08-23",-1.69
"1998-08-28",-1.69
"1998-09-02",-1.69
"1998-09-07",-1.69
"1998-09-12",-1.69
"1998-09-17",-1.69
"1998-09-22",-1.45
"1998-09-27",-1.69
"1998-10-02",-1.69
"1998-10-07",-1.69
"1998-10-12",-1.69
"1998-10-17",-1.69
"1998-10-22",-1.69
"1998-10-27",-1.69
"1998-11-01",-1.69
"1998-11-06",-1.69
"1998-11-11",-1.69
"1998-11-16",-1.69
"1998-11-21",-1.69
"1998-11-26",-1.69
"1998-12-01",-1.69
"1998-12-06",-1.69
"1998-12-11",-1.69
"1998-12-16",-1.69
"1998-12-21",-1.69
"1998-12-26",-1.69
"1998-12-31",-1.69
"1999-01-05",-1.69
"1999-01-10",-1.69
"1999-01-15",-1.69
"1999-01-20",-1.69
"1999-01-25",-1.69
"1999-01-30",-1.69
"1999-02-04",-1.69
"1999-02-09",-1.45
"1999-02-14",-1.45
"1999-02-19",-1.45
"1999-02-24",-1.45
"1999-03-01",-1.45
"1999-03-06",-1.45
"1999-03-11",-1.45
"1999-03-16",-1.45
"1999-03-21",-1.45
"1999-03-26",-1.45
"1999-03-31",-1.45
"1999-04-05",-1.45
"1999-04-10",-1.45
"1999-04-15",-1.45
"1999-04-20",-1.45
"1999-04-25",-1.45
"1999-04-30",-1.45
"1999-05-05",-1.45
"1999-05-10",-1.45
"1999-05-15",-1.45
"1999-05-20",-1.45
"1999-05-25",-1.28
"1999-05-30",-1.13
"1999-06-04",-1.13
"1999-06-09",-1.01
"1999-06-14",-0.9
"1999-06-19",-0.9
"1999-06-24",-0.8
"1999-06-29",-0.71
"1999-07-04",-0.62
"1999-07-09",-0.54
"1999-07-14",-0.46
"1999-07-19",-0.46
"1999-07-24",-0.46
"1999-07-29",-0.46
"1999-08-03",-0.46
"1999-08-08",-0.54
"1999-08-13",-0.71
"1999-08-18",-0.62
"1999-08-23",-0.62
"1999-08-28",-0.62
"1999-09-02",-0.71
"1999-09-07",-0.62
"1999-09-12",-0.54
"1999-09-17",-0.62
"1999-09-22",-0.62
"1999-09-27",-0.46
"1999-10-02",-0.39
"1999-10-07",-0.39
"1999-10-12",-0.32
"1999-10-17",-0.32
"1999-10-22",-0.24
"1999-10-27",-0.32
"1999-11-01",-0.32
"1999-11-06",-0.17
"1999-11-11",-0.03
"1999-11-16",0.03
"1999-11-21",0.03
"1999-11-26",0.03
"1999-12-01",0.1
"1999-12-06",0.03
"1999-12-11",0.03
"1999-12-16",-0.03
"1999-12-21",0.03
"1999-12-26",0.1
"1999-12-31",0.1
"2000-01-05",0.17
"2000-01-10",0.17
"2000-01-15",0.17
"2000-01-20",0.17
"2000-01-25",0.17
"2000-01-30",0.17
"2000-02-04",0.17
"2000-02-09",0.17
"2000-02-14",0.17
"2000-02-19",0.17
"2000-02-24",0.17
"2000-02-29",0.17
"2000-03-05",0.17
"2000-03-10",0.17
"2000-03-15",0.17
"2000-03-20",0.17
"2000-03-25",0.17
"2000-03-30",0.32
"2000-04-04",0.47
"2000-04-09",0.47
"2000-04-14",0.47
"2000-04-19",0.47
"2000-04-24",0.54
"2000-04-29",0.54
"2000-05-04",0.63
"2000-05-09",0.63
"2000-05-14",0.63
"2000-05-19",0.39
"2000-05-24",0.47
"2000-05-29",0.47
"2000-06-03",0.54
"2000-06-08",0.54
"2000-06-13",0.54
"2000-06-18",0.63
"2000-06-23",0.63
"2000-06-28",0.71
"2000-07-03",0.71
"2000-07-08",0.63
"2000-07-13",0.54
"2000-07-18",0.54
"2000-07-23",0.54
"2000-07-28",0.54
"2000-08-02",0.71
"2000-08-07",0.71
"2000-08-12",0.9
"2000-08-17",1.01
"2000-08-22",1.01
"2000-08-27",1.01
"2000-09-01",1.01
"2000-09-06",0.71
"2000-09-11",0.8
"2000-09-16",0.71
"2000-09-21",0.9
"2000-09-26",0.71
"2000-10-01",0.63
"2000-10-06",0.71
"2000-10-11",0.47
"2000-10-16",0.47
"2000-10-21",0.32
"2000-10-26",0.32
"2000-10-31",0.24
"2000-11-05",0.24
"2000-11-10",0.24
"2000-11-15",0.24
"2000-11-20",0.17
"2000-11-25",0.17
"2000-11-30",0.17
"2000-12-05",0.24
"2000-12-10",0.24
"2000-12-15",0.24
"2000-12-20",0.24
"2000-12-25",0.24
"2000-12-30",0.24
"2001-01-05",0.32
"2001-01-10",0.24
"2001-01-15",0.24
"2001-01-20",0.32
"2001-01-25",0.39
"2001-01-30",0.39
"2001-02-04",0.32
"2001-02-09",0.24
"2001-02-14",0.24
"2001-02-19",0.24
"2001-02-24",0.24
"2001-03-01",0.24
"2001-03-06",0.24
"2001-03-11",0.32
"2001-03-16",0.39
"2001-03-21",0.39
"2001-03-26",0.39
"2001-03-31",0.39
"2001-04-05",0.32
"2001-04-10",0.24
"2001-04-15",0.32
"2001-04-20",0.32
"2001-04-25",0.32
"2001-04-30",0.39
"2001-05-05",0.24
"2001-05-10",0.39
"2001-05-15",0.47
"2001-05-20",0.47
"2001-05-25",0.54
"2001-05-30",0.63
"2001-06-04",0.63
"2001-06-09",0.63
"2001-06-14",0.63
"2001-06-19",0.71
"2001-06-24",0.71
"2001-06-29",0.54
"2001-07-04",0.63
"2001-07-09",0.71
"2001-07-14",0.8
"2001-07-19",0.8
"2001-07-24",0.71
"2001-07-29",0.71
"2001-08-03",0.54
"2001-08-08",0.54
"2001-08-13",0.63
"2001-08-18",0.54
"2001-08-23",0.54
"2001-08-28",0.63
"2001-09-02",0.9
"2001-09-07",1.13
"2001-09-12",1.13
"2001-09-17",1.13
"2001-09-22",1.13
"2001-09-27",1.01
"2001-10-02",1.01
"2001-10-07",1.13
"2001-10-12",1.28
"2001-10-17",1.69
"2001-10-22",2.09
"2001-10-27",2.09
"2001-11-01",2.09
"2001-11-06",2.09
"2001-11-11",2.09
"2001-11-16",2.09
"2001-11-21",2.09
"2001-11-26",2.09
"2001-12-01",2.09
"2001-12-06",2.09
"2001-12-11",2.09
"2001-12-16",2.09
"2001-12-21",1.69
"2001-12-26",1.69
"2001-12-31",1.45
"2002-01-05",1.45
"2002-01-10",1.45
"2002-01-15",1.45
"2002-01-20",1.45
"2002-01-25",1.45
"2002-01-30",1.45
"2002-02-04",1.45
"2002-02-09",1.45
"2002-02-14",1.45
"2002-02-19",1.45
"2002-02-24",1.69
"2002-03-01",2.09
"2002-03-06",2.09
"2002-03-11",2.09
"2002-03-16",1.69
"2002-03-21",1.69
"2002-03-26",1.45
"2002-03-31",1.28
"2002-04-05",2.09
"2002-04-10",2.09
"2002-04-15",2.09
"2002-04-20",2.09
"2002-04-25",2.09
"2002-04-30",2.09
"2002-05-05",1.69
"2002-05-10",1.45
"2002-05-15",1.69
"2002-05-20",1.45
"2002-05-25",1.13
"2002-05-30",1.01
"2002-06-04",1.01
"2002-06-09",0.9
"2002-06-14",0.9
"2002-06-19",0.9
"2002-06-24",0.8
"2002-06-29",1.01
"2002-07-04",1.13
"2002-07-09",1.28
"2002-07-14",1.45
"2002-07-19",1.45
"2002-07-24",1.45
"2002-07-29",1.45
"2002-08-03",1.28
"2002-08-08",1.45
"2002-08-13",1.45
"2002-08-18",1.45
"2002-08-23",1.45
"2002-08-28",1.45
"2002-09-02",1.45
"2002-09-07",1.45
"2002-09-12",1.45
"2002-09-17",1.45
"2002-09-22",1.45
"2002-09-27",1.45
"2002-10-02",1.45
"2002-10-07",1.28
"2002-10-12",1.13
"2002-10-17",1.13
"2002-10-22",1.01
"2002-10-27",0.9
"2002-11-01",0.9
"2002-11-06",1.01
"2002-11-11",0.8
"2002-11-16",1.01
"2002-11-21",1.01
"2002-11-26",1.13
"2002-12-01",1.45
"2002-12-06",1.45
"2002-12-11",1.45
"2002-12-16",1.45
"2002-12-21",1.45
"2002-12-26",1.45
"2002-12-31",1.69
"2003-01-05",2.09
"2003-01-10",1.69
"2003-01-15",1.69
"2003-01-20",1.69
"2003-01-25",1.69
"2003-01-30",1.69
"2003-02-04",1.69
"2003-02-09",1.69
"2003-02-14",1.69
"2003-02-19",1.69
"2003-02-24",1.45
"2003-03-01",1.45
"2003-03-06",1.45
"2003-03-11",1.69
"2003-03-16",2.09
"2003-03-21",2.09
"2003-03-26",2.09
"2003-03-31",2.09
"2003-04-05",1.28
"2003-04-10",1.28
"2003-04-15",1.13
"2003-04-20",1.28
"2003-04-25",0.9
"2003-04-30",0.9
"2003-05-05",0.9
"2003-05-10",0.9
"2003-05-15",0.8
"2003-05-20",0.9
"2003-05-25",1.01
"2003-05-30",1.13
"2003-06-04",1.13
"2003-06-09",1.13
"2003-06-14",1.13
"2003-06-19",1.28
"2003-06-24",1.13
"2003-06-29",1.13
"2003-07-04",1.01
"2003-07-09",0.9
"2003-07-14",1.13
"2003-07-19",1.01
"2003-07-24",1.01
"2003-07-29",1.01
"2003-08-03",0.9
"2003-08-08",1.01
"2003-08-13",0.8
"2003-08-18",0.71
"2003-08-23",0.63
"2003-08-28",0.54
"2003-09-02",0.54
"2003-09-07",0.54
"2003-09-12",0.47
"2003-09-17",0.54
"2003-09-22",0.47
"2003-09-27",0.54
"2003-10-02",0.8
"2003-10-07",0.8
"2003-10-12",0.71
"2003-10-17",0.63
"2003-10-22",0.9
"2003-10-27",1.28
"2003-11-01",1.13
"2003-11-06",1.13
"2003-11-11",1.28
"2003-11-16",1.13
"2003-11-21",1.13
"2003-11-26",1.01
"2003-12-01",1.01
"2003-12-06",1.01
"2003-12-11",1.01
"2003-12-16",1.01
"2003-12-21",1.01
"2003-12-26",1.13
"2003-12-31",1.01
"2004-01-05",0.8
"2004-01-10",0.8
"2004-01-15",0.9
"2004-01-20",0.8
"2004-01-25",0.8
"2004-01-30",0.8
"2004-02-04",0.8
"2004-02-09",0.8
"2004-02-14",0.8
"2004-02-19",0.8
"2004-02-24",0.8
"2004-02-29",0.8
"2004-03-05",0.8
"2004-03-10",0.8
"2004-03-15",0.71
"2004-03-20",0.8
"2004-03-25",0.9
"2004-03-30",0.9
"2004-04-04",0.9
"2004-04-09",0.9
"2004-04-14",0.9
"2004-04-19",0.9
"2004-04-24",1.13
"2004-04-29",1.45
"2004-05-04",2.09
"2004-05-09",2.09
"2004-05-14",2.09
"2004-05-19",2.09
"2004-05-24",2.09
"2004-05-29",1.28
"2004-06-03",1.28
"2004-06-08",1.28
"2004-06-13",1.28
"2004-06-18",1.13
"2004-06-23",1.45
"2004-06-28",1.45
"2004-07-03",1.45
"2004-07-08",1.45
"2004-07-13",1.28
"2004-07-18",1.28
"2004-07-23",1.13
"2004-07-28",1.13
"2004-08-02",1.45
"2004-08-07",1.69
"2004-08-12",1.69
"2004-08-17",1.69
"2004-08-22",1.69
"2004-08-27",1.69
"2004-09-01",2.09
"2004-09-06",1.69
"2004-09-11",2.09
"2004-09-16",2.09
"2004-09-21",1.69
"2004-09-26",1.69
"2004-10-01",2.09
"2004-10-06",1.69
"2004-10-11",1.69
"2004-10-16",2.09
"2004-10-21",1.13
"2004-10-26",0.71
"2004-10-31",0.71
"2004-11-05",0.71
"2004-11-10",0.9
"2004-11-15",0.9
"2004-11-20",0.8
"2004-11-25",0.8
"2004-11-30",0.8
"2004-12-05",0.8
"2004-12-10",0.9
"2004-12-15",0.9
"2004-12-20",0.9
"2004-12-25",0.9
"2004-12-30",1.28
"2005-01-05",1.01
"2005-01-10",0.9
"2005-01-15",0.8
"2005-01-20",1.13
"2005-01-25",1.13
"2005-01-30",1.13
"2005-02-04",1.01
"2005-02-09",1.01
"2005-02-14",1.01
"2005-02-19",1.01
"2005-02-24",1.01
"2005-03-01",1.01
"2005-03-06",1.01
"2005-03-11",1.01
"2005-03-16",1.01
"2005-03-21",0.9
"2005-03-26",0.8
"2005-03-31",0.71
"2005-04-05",0.71
"2005-04-10",0.63
"2005-04-15",0.63
"2005-04-20",0.63
"2005-04-25",0.63
"2005-04-30",0.63
"2005-05-05",0.47
"2005-05-10",0.24
"2005-05-15",0.24
"2005-05-20",0.24
"2005-05-25",0.32
"2005-05-30",0.32
"2005-06-04",0.32
"2005-06-09",0.32
"2005-06-14",0.24
"2005-06-19",0.1
"2005-06-24",0.1
"2005-06-29",0.1
"2005-07-04",0.17
"2005-07-09",0.1
"2005-07-14",0.1
"2005-07-19",0.1
"2005-07-24",0.1
"2005-07-29",0.1
"2005-08-03",0.1
"2005-08-08",0.1
"2005-08-13",0.1
"2005-08-18",0.03
"2005-08-23",0.03
"2005-08-28",0.03
"2005-09-02",0.03
"2005-09-07",0.03
"2005-09-12",0.03
"2005-09-17",0.03
"2005-09-22",0.03
"2005-09-27",0.03
"2005-10-02",0.03
"2005-10-07",0.03
"2005-10-12",0.03
"2005-10-17",0.03
"2005-10-22",0.1
"2005-10-27",0.1
"2005-11-01",0.17
"2005-11-06",0.17
"2005-11-11",0.17
"2005-11-16",0.17
"2005-11-21",0.24
"2005-11-26",0.24
"2005-12-01",0.24
"2005-12-06",0.17
"2005-12-11",0.17
"2005-12-16",0.17
"2005-12-21",0.17
"2005-12-26",0.17
"2005-12-31",0.17
"2006-01-05",0.24
"2006-01-10",0.32
"2006-01-15",0.32
"2006-01-20",0.24
"2006-01-25",0.24
"2006-01-30",0.32
"2006-02-04",0.24
"2006-02-09",0.39
"2006-02-14",0.39
"2006-02-19",0.39
"2006-02-24",0.32
"2006-03-01",0.39
"2006-03-06",0.32
"2006-03-11",0.24
"2006-03-16",0.24
"2006-03-21",0.24
"2006-03-26",0.24
"2006-03-31",0.17
"2006-04-05",0.17
"2006-04-10",0.17
"2006-04-15",0.17
"2006-04-20",0.24
"2006-04-25",0.1
"2006-04-30",0.24
"2006-05-05",0.39
"2006-05-10",0.32
"2006-05-15",0.39
"2006-05-20",0.54
"2006-05-25",0.39
"2006-05-30",0.39
"2006-06-04",0.39
"2006-06-09",0.39
"2006-06-14",0.39
"2006-06-19",0.39
"2006-06-24",0.39
"2006-06-29",0.39
"2006-07-04",0.39
"2006-07-09",0.39
"2006-07-14",0.39
"2006-07-19",0.39
"2006-07-24",0.39
"2006-07-29",0.32
"2006-08-03",0.32
"2006-08-08",0.24
"2006-08-13",0.24
"2006-08-18",0.24
"2006-08-23",0.24
"2006-08-28",0.24
"2006-09-02",0.24
"2006-09-07",0.24
"2006-09-12",0.24
"2006-09-17",0.24
"2006-09-22",0.17
"2006-09-27",0.24
"2006-10-02",0.24
"2006-10-07",0.24
"2006-10-12",0.24
"2006-10-17",0.24
"2006-10-22",0.24
"2006-10-27",0.24
"2006-11-01",0.32
"2006-11-06",0.32
"2006-11-11",0.32
"2006-11-16",0.32
"2006-11-21",0.32
"2006-11-26",0.32
"2006-12-01",0.32
"2006-12-06",0.32
"2006-12-11",0.32
"2006-12-16",0.32
"2006-12-21",0.32
"2006-12-26",0.32
"2006-12-31",0.32
"2007-01-05",0.39
"2007-01-10",0.47
"2007-01-15",0.54
"2007-01-20",0.54
"2007-01-25",0.47
"2007-01-30",0.63
"2007-02-04",0.71
"2007-02-09",0.71
"2007-02-14",0.47
"2007-02-19",0.54
"2007-02-24",0.63
"2007-03-01",0.47
"2007-03-06",0.63
"2007-03-11",0.71
"2007-03-16",0.8
"2007-03-21",1.01
"2007-03-26",1.01
"2007-03-31",1.01
"2007-04-05",1.01
"2007-04-10",1.01
"2007-04-15",1.01
"2007-04-20",1.01
"2007-04-25",1.01
"2007-04-30",1.01
"2007-05-05",1.01
"2007-05-10",1.01
"2007-05-15",1.01
"2007-05-20",1.01
"2007-05-25",1.28
"2007-05-30",1.45
"2007-06-04",1.69
"2007-06-09",1.45
"2007-06-14",2.09
"2007-06-19",2.09
"2007-06-24",1.69
"2007-06-29",1.69
"2007-07-04",1.69
"2007-07-09",2.09
"2007-07-14",2.09
"2007-07-19",2.09
"2007-07-24",2.09
"2007-07-29",2.09
"2007-08-03",2.09
"2007-08-08",2.09
"2007-08-13",2.09
"2007-08-18",2.09
"2007-08-23",2.09
"2007-08-28",2.09
"2007-09-02",1.69
"2007-09-07",2.09
"2007-09-12",1.69
"2007-09-17",1.69
"2007-09-22",2.09
"2007-09-27",2.09
"2007-10-02",1.69
"2007-10-07",2.09
"2007-10-12",2.09
"2007-10-17",1.28
"2007-10-22",1.69
"2007-10-27",1.69
"2007-11-01",1.28
"2007-11-06",1.69
"2007-11-11",1.69
"2007-11-16",1.69
"2007-11-21",1.28
"2007-11-26",1.28
"2007-12-01",1.13
"2007-12-06",1.13
"2007-12-11",1.13
"2007-12-16",1.13
"2007-12-21",1.13
"2007-12-26",1.01
"2007-12-31",0.9
"2008-01-05",1.13
"2008-01-10",1.01
"2008-01-15",1.13
"2008-01-20",1.01
"2008-01-25",0.9
"2008-01-30",0.9
"2008-02-04",0.9
"2008-02-09",0.9
"2008-02-14",0.9
"2008-02-19",0.9
"2008-02-24",0.9
"2008-02-29",0.9
"2008-03-05",0.9
"2008-03-10",0.9
"2008-03-15",0.9
"2008-03-20",0.71
"2008-03-25",0.71
"2008-03-30",0.63
"2008-04-04",0.63
"2008-04-09",0.71
"2008-04-14",0.71
"2008-04-19",0.71
"2008-04-24",0.71
"2008-04-29",0.71
"2008-05-04",0.71
"2008-05-09",0.71
"2008-05-14",0.71
"2008-05-19",0.71
"2008-05-24",0.71
"2008-05-29",0.54
"2008-06-03",0.47
"2008-06-08",0.47
"2008-06-13",0.47
"2008-06-18",0.47
"2008-06-23",0.47
"2008-06-28",0.47
"2008-07-03",0.54
"2008-07-08",0.54
"2008-07-13",0.63
"2008-07-18",0.63
"2008-07-23",0.63
"2008-07-28",0.63
"2008-08-02",0.63
"2008-08-07",0.63
"2008-08-12",0.54
"2008-08-17",0.39
"2008-08-22",0.39
"2008-08-27",0.39
"2008-09-01",0.47
"2008-09-06",0.47
"2008-09-11",0.54
"2008-09-16",0.8
"2008-09-21",0.8
"2008-09-26",0.9
"2008-10-01",0.9
"2008-10-06",1.01
"2008-10-11",0.9
"2008-10-16",1.01
"2008-10-21",1.28
"2008-10-26",1.45
"2008-10-31",1.69
"2008-11-05",1.28
"2008-11-10",1.13
"2008-11-15",1.45
"2008-11-20",1.69
"2008-11-25",1.69
"2008-11-30",1.69
"2008-12-05",1.69
"2008-12-10",2.09
"2008-12-15",1.69
"2008-12-20",2.09
"2008-12-25",2.09
"2008-12-30",2.09
"2009-01-05",1.69
"2009-01-10",2.09
"2009-01-15",2.09
"2009-01-20",2.09
"2009-01-25",2.09
"2009-01-30",2.09
"2009-02-04",2.09
"2009-02-09",2.09
"2009-02-14",2.09
"2009-02-19",2.09
"2009-02-24",2.09
"2009-03-01",1.69
"2009-03-06",1.69
"2009-03-11",1.28
"2009-03-16",1.45
"2009-03-21",1.45
"2009-03-26",1.28
"2009-03-31",1.45
"2009-04-05",1.45
"2009-04-10",1.69
"2009-04-15",1.45
"2009-04-20",1.45
"2009-04-25",1.69
"2009-04-30",1.69
"2009-05-05",1.28
"2009-05-10",1.28
"2009-05-15",1.45
"2009-05-20",1.69
"2009-05-25",1.69
"2009-05-30",2.09
"2009-06-04",2.09
"2009-06-09",2.09
"2009-06-14",1.45
"2009-06-19",1.45
"2009-06-24",1.28
"2009-06-29",1.28
"2009-07-04",1.28
"2009-07-09",1.01
"2009-07-14",0.9
"2009-07-19",0.9
"2009-07-24",0.9
"2009-07-29",0.9
"2009-08-03",1.01
"2009-08-08",0.9
"2009-08-13",1.01
"2009-08-18",0.8
"2009-08-23",0.8
"2009-08-28",0.8
"2009-09-02",0.71
"2009-09-07",0.63
"2009-09-12",0.71
"2009-09-17",0.47
"2009-09-22",0.63
"2009-09-27",0.63
"2009-10-02",0.71
"2009-10-07",0.63
"2009-10-12",0.8
"2009-10-17",0.54
"2009-10-22",0.54
"2009-10-27",0.54
"2009-11-01",0.54
"2009-11-06",0.8
"2009-11-11",1.01
"2009-11-16",0.71
"2009-11-21",0.63
"2009-11-26",0.63
"2009-12-01",0.71
"2009-12-06",0.63
"2009-12-11",0.47
"2009-12-16",0.54
"2009-12-21",0.54
"2009-12-26",0.63
"2009-12-31",0.63
"2010-01-05",0.71
"2010-01-10",0.71
"2010-01-15",0.71
"2010-01-20",0.71
"2010-01-25",0.71
"2010-01-30",0.71
"2010-02-04",0.63
"2010-02-09",0.63
"2010-02-14",0.71
"2010-02-19",0.71
"2010-02-24",0.71
"2010-03-01",0.71
"2010-03-06",0.71
"2010-03-11",0.63
"2010-03-16",0.54
"2010-03-21",0.54
"2010-03-26",0.54
"2010-03-31",0.54
"2010-04-05",0.54
"2010-04-10",0.54
"2010-04-15",0.54
"2010-04-20",0.54
"2010-04-25",0.47
"2010-04-30",0.47
"2010-05-05",0.54
"2010-05-10",0.47
"2010-05-15",0.32
"2010-05-20",0.17
"2010-05-25",0.17
"2010-05-30",0.1
"2010-06-04",-0.1
"2010-06-09",-0.1
"2010-06-14",-0.03
"2010-06-19",-0.03
"2010-06-24",-0.1
"2010-06-29",-0.1
"2010-07-04",-0.17
"2010-07-09",-0.17
"2010-07-14",-0.17
"2010-07-19",-0.17
"2010-07-24",-0.17
"2010-07-29",-0.17
"2010-08-03",-0.17
"2010-08-08",-0.1
"2010-08-13",-0.1
"2010-08-18",-0.1
"2010-08-23",-0.1
"2010-08-28",-0.03
"2010-09-02",-0.1
"2010-09-07",-0.03
"2010-09-12",-0.1
"2010-09-17",-0.17
"2010-09-22",-0.24
"2010-09-27",-0.24
"2010-10-02",-0.32
"2010-10-07",-0.32
"2010-10-12",-0.39
"2010-10-17",-0.39
"2010-10-22",-0.39
"2010-10-27",-0.46
"2010-11-01",-0.46
"2010-11-06",-0.46
"2010-11-11",-0.46
"2010-11-16",-0.46
"2010-11-21",-0.46
"2010-11-26",-0.46
"2010-12-01",-0.46
"2010-12-06",-0.46
"2010-12-11",-0.46
"2010-12-16",-0.46
"2010-12-21",-0.46
"2010-12-26",-0.54
"2010-12-31",-0.54
"2011-01-05",-0.54
"2011-01-10",-0.54
"2011-01-15",-0.54
"2011-01-20",-0.39
"2011-01-25",-0.39
"2011-01-30",-0.39
"2011-02-04",-0.46
"2011-02-09",-0.39
"2011-02-14",-0.39
"2011-02-19",-0.46
"2011-02-24",-0.46
"2011-03-01",-0.62
"2011-03-06",-0.62
"2011-03-11",-0.54
"2011-03-16",-0.54
"2011-03-21",-0.71
"2011-03-26",-0.9
"2011-03-31",-0.9
"2011-04-05",-0.8
"2011-04-10",-0.8
"2011-04-15",-0.71
"2011-04-20",-0.8
"2011-04-25",-1.01
"2011-04-30",-1.01
"2011-05-05",-0.9
"2011-05-10",-0.8
"2011-05-15",-0.9
"2011-05-20",-0.9
"2011-05-25",-0.9
"2011-05-30",-1.01
"2011-06-04",-0.9
"2011-06-09",-0.9
"2011-06-14",-1.13
"2011-06-19",-1.13
"2011-06-24",-1.13
"2011-06-29",-1.13
"2011-07-04",-1.13
"2011-07-09",-1.01
"2011-07-14",-1.01
"2011-07-19",-1.13
"2011-07-24",-1.13
"2011-07-29",-1.13
"2011-08-03",-1.13
"2011-08-08",-1.13
"2011-08-13",-1.01
"2011-08-18",-1.01
"2011-08-23",-1.13
"2011-08-28",-1.01
"2011-09-02",-1.01
"2011-09-07",-1.01
"2011-09-12",-0.9
"2011-09-17",-0.9
"2011-09-22",-0.9
"2011-09-27",-1.01
"2011-10-02",-0.9
"2011-10-07",-0.9
"2011-10-12",-1.13
"2011-10-17",-1.13
"2011-10-22",-1.01
"2011-10-27",-0.9
"2011-11-01",-0.9
"2011-11-06",-1.13
"2011-11-11",-0.9
"2011-11-16",-1.01
"2011-11-21",-1.13
"2011-11-26",-1.13
"2011-12-01",-1.01
"2011-12-06",-1.01
"2011-12-11",-1.01
"2011-12-16",-1.01
"2011-12-21",-1.01
"2011-12-26",-1.01
"2011-12-31",-1.01
"2012-01-05",-0.9
"2012-01-10",-0.9
"2012-01-15",-0.9
"2012-01-20",-0.9
"2012-01-25",-0.9
"2012-01-30",-0.9
"2012-02-04",-0.9
"2012-02-09",-0.9
"2012-02-14",-1.01
"2012-02-19",-1.01
"2012-02-24",-0.9
"2012-02-29",-0.9
"2012-03-05",-0.8
"2012-03-10",-0.8
"2012-03-15",-0.71
"2012-03-20",-0.8
"2012-03-25",-0.71
"2012-03-30",-0.8
"2012-04-04",-0.9
"2012-04-09",-0.71
"2012-04-14",-0.62
"2012-04-19",-0.62
"2012-04-24",-0.54
"2012-04-29",-0.62
"2012-05-04",-0.62
"2012-05-09",-0.46
"2012-05-14",-0.32
"2012-05-19",-0.17
"2012-05-24",0.1
"2012-05-29",0.17
"2012-06-03",0.17
"2012-06-08",0.24
"2012-06-13",0.32
"2012-06-18",0.32
"2012-06-23",0.32
"2012-06-28",0.32
"2012-07-03",0.32
"2012-07-08",0.32
"2012-07-13",0.32
"2012-07-18",0.32
"2012-07-23",0.24
"2012-07-28",0.24
"2012-08-02",0.24
"2012-08-07",0.32
"2012-08-12",0.32
"2012-08-17",0.32
"2012-08-22",0.32
"2012-08-27",0.32
"2012-09-01",0.32
"2012-09-06",0.32
"2012-09-11",0.32
"2012-09-16",0.32
"2012-09-21",0.32
"2012-09-26",0.32
"2012-10-01",0.32
"2012-10-06",0.54
"2012-10-11",0.63
"2012-10-16",0.8
"2012-10-21",0.71
"2012-10-26",0.63
"2012-10-31",0.63
"2012-11-05",0.63
"2012-11-10",0.63
"2012-11-15",0.63
"2012-11-20",0.71
"2012-11-25",0.9
"2012-11-30",0.9
"2012-12-05",0.9
"2012-12-10",0.71
"2012-12-15",0.8
"2012-12-20",0.63
"2012-12-25",0.54
"2012-12-30",0.47
"2013-01-05",0.54
"2013-01-10",0.54
"2013-01-15",0.47
"2013-01-20",0.47
"2013-01-25",0.54
"2013-01-30",0.47
"2013-02-04",0.54
"2013-02-09",0.47
"2013-02-14",0.54
"2013-02-19",0.47
"2013-02-24",0.54
"2013-03-01",0.63
"2013-03-06",0.54
"2013-03-11",0.54
"2013-03-16",0.63
"2013-03-21",0.63
"2013-03-26",0.63
"2013-03-31",0.8
"2013-04-05",0.8
"2013-04-10",0.8
"2013-04-15",0.8
"2013-04-20",0.8
"2013-04-25",0.8
"2013-04-30",0.8
"2013-05-05",0.8
"2013-05-10",0.8
"2013-05-15",0.9
"2013-05-20",0.8
"2013-05-25",0.8
"2013-05-30",0.8
"2013-06-04",0.9
"2013-06-09",1.01
"2013-06-14",1.01
"2013-06-19",1.01
"2013-06-24",1.01
"2013-06-29",0.8
"2013-07-04",0.9
"2013-07-09",1.13
"2013-07-14",1.01
"2013-07-19",1.13
"2013-07-24",1.28
"2013-07-29",1.28
"2013-08-03",1.13
"2013-08-08",1.28
"2013-08-13",1.28
"2013-08-18",1.28
"2013-08-23",1.13
"2013-08-28",0.9
"2013-09-02",0.8
"2013-09-07",0.9
"2013-09-12",0.9
"2013-09-17",0.9
"2013-09-22",0.54
"2013-09-27",0.47
"2013-10-02",0.39
"2013-10-07",0.39
"2013-10-12",0.39
"2013-10-17",0.39
"2013-10-22",0.47
"2013-10-27",0.47
"2013-11-01",0.47
"2013-11-06",0.47
"2013-11-11",0.47
"2013-11-16",0.54
"2013-11-21",0.54
"2013-11-26",0.54
"2013-12-01",0.54
"2013-12-06",0.54
"2013-12-11",0.63
"2013-12-16",0.63
"2013-12-21",0.8
"2013-12-26",0.8
"2013-12-31",0.8
"2014-01-05",1.28
"2014-01-10",1.28
"2014-01-15",1.28
"2014-01-20",1.28
"2014-01-25",1.28
"2014-01-30",1.28
"2014-02-04",1.28
"2014-02-09",1.28
"2014-02-14",1.28
"2014-02-19",1.28
"2014-02-24",1.28
"2014-03-01",1.28
"2014-03-06",1.28
"2014-03-11",1.45
"2014-03-16",1.28
"2014-03-21",1.28
"2014-03-26",1.69
"2014-03-31",1.13
"2014-04-05",1.13
"2014-04-10",1.45
"2014-04-15",1.69
"2014-04-20",1.69
"2014-04-25",1.45
"2014-04-30",1.13
"2014-05-05",1.13
"2014-05-10",1.13
"2014-05-15",1.13
"2014-05-20",1.28
"2014-05-25",1.45
"2014-05-30",1.69
"2014-06-04",1.45
"2014-06-09",1.69
"2014-06-14",1.69
"2014-06-19",1.69
"2014-06-24",2.09
"2014-06-29",2.09
"2014-07-04",2.09
"2014-07-09",1.69
"2014-07-14",1.69
"2014-07-19",1.69
"2014-07-24",1.69
"2014-07-29",1.69
"2014-08-03",1.69
"2014-08-08",1.13
"2014-08-13",1.13
"2014-08-18",1.13
"2014-08-23",1.28
"2014-08-28",1.13
"2014-09-02",1.28
"2014-09-07",1.28
"2014-09-12",1.28
"2014-09-17",1.28
"2014-09-22",1.28
"2014-09-27",1.28
"2014-10-02",1.13
"2014-10-07",1.45
"2014-10-12",1.45
"2014-10-17",1.45
"2014-10-22",1.45
"2014-10-27",1.13
"2014-11-01",1.45
"2014-11-06",1.45
"2014-11-11",1.45
"2014-11-16",1.28
"2014-11-21",1.45
"2014-11-26",1.45
"2014-12-01",1.28
"2014-12-06",1.28
"2014-12-11",1.28
"2014-12-16",1.28
"2014-12-21",1.28
"2014-12-26",1.28
"2014-12-31",1.13
"2015-01-05",0.9
"2015-01-10",1.13
"2015-01-15",1.01
"2015-01-20",0.9
"2015-01-25",1.01
"2015-01-30",1.01
"2015-02-04",1.13
"2015-02-09",1.13
"2015-02-14",1.13
"2015-02-19",1.13
"2015-02-24",1.13
"2015-03-01",1.13
"2015-03-06",1.13
"2015-03-11",1.13
"2015-03-16",1.13
"2015-03-21",1.13
"2015-03-26",1.13
"2015-03-31",1.69
"2015-04-05",1.69
"2015-04-10",1.13
"2015-04-15",1.28
"2015-04-20",1.13
"2015-04-25",1.28
"2015-04-30",1.28
"2015-05-05",1.45
"2015-05-10",1.69
"2015-05-15",1.28
"2015-05-20",1.13
"2015-05-25",0.9
"2015-05-30",0.9
"2015-06-04",0.8
"2015-06-09",0.8
"2015-06-14",0.8
"2015-06-19",0.8
"2015-06-24",0.9
"2015-06-29",0.9
"2015-07-04",0.8
"2015-07-09",0.8
"2015-07-14",0.71
"2015-07-19",0.71
"2015-07-24",0.8
"2015-07-29",0.8
"2015-08-03",0.8
"2015-08-08",0.8
"2015-08-13",0.71
"2015-08-18",0.9
"2015-08-23",0.9
"2015-08-28",1.28
"2015-09-02",1.13
"2015-09-07",1.01
"2015-09-12",1.01
"2015-09-17",1.01
"2015-09-22",1.01
"2015-09-27",1.13
"2015-10-02",1.28
"2015-10-07",0.9
"2015-10-12",1.01
"2015-10-17",0.9
"2015-10-22",0.8
"2015-10-27",1.01
"2015-11-01",1.01
"2015-11-06",0.9
"2015-11-11",0.71
"2015-11-16",0.8
"2015-11-21",0.9
"2015-11-26",0.71
"2015-12-01",0.63
"2015-12-06",0.71
"2015-12-11",0.8
"2015-12-16",0.71
"2015-12-21",0.71
"2015-12-26",0.71
"2015-12-31",0.71
"2016-01-05",0.71
"2016-01-10",0.63
"2016-01-15",0.63
"2016-01-20",0.71
"2016-01-25",0.63
"2016-01-30",0.63
"2016-02-04",0.63
"2016-02-09",0.71
"2016-02-14",0.71
"2016-02-19",0.63
"2016-02-24",0.63
"2016-02-29",0.63
"2016-03-05",0.63
"2016-03-10",0.39
"2016-03-15",0.39
"2016-03-20",0.32
"2016-03-25",0.32
"2016-03-30",0.32
"2016-04-04",0.32
"2016-04-09",0.39
"2016-04-14",0.39
"2016-04-19",0.39
"2016-04-24",0.39
"2016-04-29",0.39
"2016-05-04",0.24
"2016-05-09",0.17
"2016-05-14",0.17
"2016-05-19",0.32
"2016-05-24",0.32
"2016-05-29",0.17
"2016-06-03",0.32
"2016-06-08",0.32
"2016-06-13",0.32
"2016-06-18",0.24
"2016-06-23",0.24
"2016-06-28",0.24
"2016-07-03",0.17
"2016-07-08",0.32
"2016-07-13",0.24
"2016-07-18",0.17
"2016-07-23",0.24
"2016-07-28",0.24
"2016-08-02",0.32
"2016-08-07",0.32
"2016-08-12",0.32
"2016-08-17",0.32
"2016-08-22",0.24
"2016-08-27",0.24
"2016-09-01",0.24
"2016-09-06",0.24
"2016-09-11",0.24
"2016-09-16",0.24
"2016-09-21",0.17
"2016-09-26",0.17
"2016-10-01",0.24
"2016-10-06",0.24
"2016-10-11",0.24
"2016-10-16",0.24
"2016-10-21",0.24
"2016-10-26",0.17
"2016-10-31",0.17
"2016-11-05",0.24
"2016-11-10",0.24
"2016-11-15",0.24
"2016-11-20",0.32
"2016-11-25",0.32
"2016-11-30",0.32
"2016-12-05",0.24
"2016-12-10",0.24
"2016-12-15",0.24
"2016-12-20",0.32
"2016-12-25",0.32
"2016-12-30",0.39
"2017-01-05",0.47
"2017-01-10",0.54
"2017-01-15",0.54
"2017-01-20",0.54
"2017-01-25",0.39
"2017-01-30",0.54
"2017-02-04",0.63
"2017-02-09",0.71
"2017-02-14",0.54
"2017-03-11",0.39
"2017-03-16",0.47
"2017-03-21",0.47
"2017-03-26",0.47
"2017-03-31",0.47
"2017-04-05",0.47
"2017-04-10",0.39
"2017-04-15",0.39
"2017-04-20",0.39
"2017-04-25",0.39
"2017-04-30",0.47
"2017-05-05",0.47
"2017-05-10",0.54
"2017-05-15",0.32
"2017-05-20",0.32
"2017-05-25",0.47
"2017-05-30",0.47
"2017-06-04",0.39
"2017-06-09",0.32
"2017-06-14",0.32
"2017-06-19",0.32
"2017-06-24",0.32
"2017-06-29",0.32
"2017-07-04",0.32
"2017-07-09",0.32
"2017-07-14",0.32
"2017-07-19",0.39
"2017-07-24",0.39
"2017-07-29",0.24
"2017-08-03",0.17
"2017-08-08",0.17
"2017-08-13",0.17
"2017-08-18",0.17
"2017-08-23",0.1
"2017-08-28",0.03
"2017-09-02",0.03
"2017-09-07",0.03
"2017-09-12",0.03
"2017-09-17",0.03
"2017-09-22",0.03
"2017-09-27",-0.03
"2017-10-02",-0.03
"2017-10-07",-0.03
"2017-10-12",-0.03
"2017-10-17",0.03
"2017-10-22",-0.03
"2017-10-27",0.03
"2017-11-01",0.17
"2017-11-06",0.1
"2017-11-11",0.1
"2017-11-16",0.1
"2017-11-21",0.1
"2017-11-26",0.1
"2017-12-01",0.1
"2017-12-06",0.1
"2017-12-11",0.1
"2017-12-16",0.17
"2017-12-21",0.17
"2017-12-26",0.24
"2017-12-31",0.24
"2018-01-05",0.32
"2018-01-10",0.32
"2018-01-15",0.54
"2018-01-20",0.39
"2018-01-25",0.39
"2018-01-30",0.54
"2018-02-04",0.39
"2018-02-09",0.63
"2018-02-14",0.63
"2018-02-19",0.63
"2018-02-24",0.71
"2018-03-01",0.71
"2018-03-06",0.63
"2018-03-11",0.54
"2018-03-16",0.39
"2018-03-21",0.32
"2018-03-26",0.32
"2018-03-31",0.39
"2018-04-05",0.47
"2018-04-10",0.39
"2018-04-15",0.47
"2018-04-20",0.47
"2018-04-25",0.54
"2018-04-30",0.54
"2018-05-05",0.54
"2018-05-10",0.63
"2018-05-15",0.63
"2018-05-20",0.54
"2018-05-25",0.39
"2018-05-30",0.39
"2018-06-04",0.39
"2018-06-09",0.39
"2018-06-14",0.47
"2018-06-19",0.39
"2018-06-24",0.32
"2018-06-29",0.32
"2018-07-04",0.32
"2018-07-09",0.39
"2018-07-14",0.47
"2018-07-19",0.47
"2018-07-24",0.39
"2018-07-29",0.47
"2018-08-03",0.47
"2018-08-08",0.47
"2018-08-13",0.54
"2018-08-18",0.47
"2018-08-23",0.71
"2018-08-28",0.63
"2018-09-02",0.54
"2018-09-07",0.39
"2018-09-12",0.71
"2018-09-17",0.71
"2018-09-22",1.01
"2018-09-27",1.13
"2018-10-02",1.28
"2018-10-07",1.01
"2018-10-12",0.9
"2018-10-17",0.8
"2018-10-22",0.9
"2018-10-27",0.9
"2018-11-01",0.8
"2018-11-06",1.13
"2018-11-11",1.28
"2018-11-16",1.69
"2018-11-21",1.69
"2018-11-26",1.45
"2018-12-01",1.01
"2018-12-06",1.01
"2018-12-11",1.01
"2018-12-16",1.01
"2018-12-21",0.9
"2018-12-26",0.8
"2018-12-31",0.71
"2019-01-05",0.71
"2019-01-10",0.71
"2019-01-15",0.71
"2019-01-20",0.71
"2019-01-25",0.71
"2019-01-30",0.71
"2019-02-04",0.71
"2019-02-09",0.71
"2019-02-14",0.54
"2019-02-19",0.39
"2019-02-24",0.63
"2019-03-01",0.71
"2019-03-06",0.71
"2019-03-11",0.54
"2019-03-16",0.54
"2019-03-21",0.54
"2019-03-26",0.54
"2019-03-31",0.54
"2019-04-05",0.54
"2019-04-10",0.54
"2019-04-15",0.54
"2019-04-20",0.54
"2019-04-25",0.54
"2019-04-30",0.63
"2019-05-05",0.63
"2019-05-10",0.63
"2019-05-15",0.63
"2019-05-20",0.54
"2019-05-25",0.47
"2019-05-30",0.47
"2019-06-04",0.39
"2019-06-09",0.39
"2019-06-14",0.39
"2019-06-19",0.47
"2019-06-24",0.32
"2019-06-29",0.32
"2019-07-04",0.32
"2019-07-09",0.32
"2019-07-14",0.32
"2019-07-19",0.17
"2019-07-24",0.17
"2019-07-29",0.17
"2019-08-03",0.1
"2019-08-08",0.1
"2019-08-13",-0.03
"2019-08-18",-0.03
"2019-08-23",-0.03
"2019-08-28",-0.03
"2019-09-02",-0.03
"2019-09-07",-0.03
"2019-09-12",-0.03
"2019-09-17",-0.03
"2019-09-22",-0.03
"2019-09-27",-0.03
"2019-10-02",-0.17
"2019-10-07",-0.03
"2019-10-12",-0.03
"2019-10-17",-0.1
"2019-10-22",-0.17
"2019-10-27",-0.1
"2019-11-01",-0.03
"2019-11-06",-0.1
"2019-11-11",-0.1
"2019-11-16",-0.1
"2019-11-21",-0.03
"2019-11-26",-0.03
"2019-12-01",-0.03
"2019-12-06",-0.1
"2019-12-11",-0.1
"2019-12-16",-0.1
"2019-12-21",-0.1
"2019-12-26",-0.1
"2019-12-31",-0.17
"2020-01-05",-0.1
"2020-01-10",0.03
"2020-01-15",0.03
"2020-01-20",0.03
"2020-01-25",0.03
"2020-01-30",0.03
"2020-02-04",0.1
"2020-02-09",0.1
"2020-02-14",0.17
"2020-02-19",0.17
"2020-02-24",0.17
"2020-02-29",0.17
"2020-03-05",0.17
"2020-03-10",0.32
"2020-03-15",0.32
"2020-03-20",0.32
"2020-03-25",0.32
"2020-03-30",0.32
"2020-04-04",0.32
"2020-04-09",0.39
"2020-04-14",0.39
"2020-04-19",0.39
"2020-04-24",0.39
"2020-04-29",0.47
"2020-05-04",0.39
"2020-05-09",0.54
"2020-05-14",0.32
"2020-05-19",0.32
"2020-05-24",0.47
"2020-05-29",0.63
"2020-06-03",0.63
"2020-06-08",0.47
"2020-06-13",0.47
"2020-06-18",0.39
"2020-06-23",0.47
"2020-06-28",0.54
"2020-07-03",0.54
"2020-07-08",0.63
"2020-07-13",0.63
"2020-07-18",0.8
"2020-07-23",0.8
"2020-07-28",0.8
"2020-08-02",0.8
"2020-08-07",0.8
"2020-08-12",0.9
"2020-08-17",0.9
"2020-08-22",0.8
"2020-08-27",0.8
"2020-09-01",0.8
"2020-09-06",1.01
"2020-09-11",1.45
"2020-09-16",1.45
"2020-09-21",1.45
"2020-09-26",2.09
"2020-10-01",2.09
"2020-10-06",2.09
"2020-10-11",2.09
"2020-10-16",2.09
"2020-10-21",2.09
"2020-10-26",2.09
"2020-10-31",2.09
"2020-11-05",2.09
"2020-11-10",2.09
"2020-11-15",2.09
"2020-11-20",2.09
"2020-11-25",2.09
"2020-11-30",2.09
"2020-12-05",2.09
"2020-12-10",2.09
"2020-12-15",2.09
"2020-12-20",2.09
"2020-12-25",2.09
"2020-12-30",2.09
"2021-01-05",2.09
"2021-01-10",2.09
"2021-01-15",2.09
"2021-01-20",2.09
"2021-01-25",2.09
"2021-01-30",2.09
"2021-02-04",2.09
"2021-02-09",2.09
"2021-02-14",2.09
"2021-02-19",2.09
"2021-02-24",2.09
"2021-03-01",2.09
"2021-03-06",2.09
"2021-03-11",2.09
"2021-03-16",2.09
"2021-03-21",2.09
"2021-03-26",2.09
"2021-03-31",2.09
"2021-04-05",2.09
"2021-04-10",2.09
"2021-04-15",2.09
"2021-04-20",2.09
"2021-04-25",2.09
"2021-04-30",2.09
"2021-05-05",2.09
"2021-05-10",2.09
"2021-05-15",2.09
"2021-05-20",2.09
"2021-05-25",2.09
"2021-05-30",2.09
"2021-06-04",2.09
"2021-06-09",2.09
"2021-06-14",2.09
"2021-06-19",2.09
"2021-06-24",2.09
"2021-06-29",2.09
"2021-07-04",2.09
"2021-07-09",2.09
"2021-07-14",2.09
"2021-07-19",2.09
"2021-07-24",2.09
"2021-07-29",2.09
"2021-08-03",2.09
"2021-08-08",2.09
"2021-08-13",2.09
"2021-08-18",2.09
"2021-08-23",2.09
"2021-08-28",2.09
"2021-09-02",2.09
"2021-09-07",2.09
"2021-09-12",2.09
"2021-09-17",2.09
"2021-09-22",2.09
"2021-09-27",2.09
"2021-10-02",2.09
"2021-10-07",2.09
"2021-10-12",2.09
"2021-10-17",2.09
"2021-10-22",2.09
"2021-10-27",2.09
"2021-11-01",2.09
"2021-11-06",2.09
"2021-11-11",2.09
"2021-11-16",2.09
"2021-11-21",2.09
"2021-11-26",2.09
"2021-12-01",2.09
"2021-12-06",2.09
"2021-12-11",2.09
"2021-12-16",2.09
"2021-12-21",2.09
"2021-12-26",2.09
"2021-12-31",2.09
"2022-01-05",2.09
"2022-01-10",2.09
"2022-01-15",2.09
"2022-01-20",2.09
"2022-01-25",2.09
"2022-01-30",2.09
"2022-02-04",2.09
"2022-02-09",2.09
"2022-02-14",2.09
"2022-02-19",2.09
"2022-02-24",2.09
"2022-03-01",2.09
"2022-03-06",2.09
"2022-03-11",2.09
"2022-03-16",2.09
"2022-03-21",2.09
"2022-03-26",2.09
"2022-03-31",2.09
"2022-04-05",2.09
"2022-04-10",2.09
"2022-04-15",2.09
"2022-04-20",2.09
"2022-04-25",2.09
"2022-04-30",2.09
"2022-05-05",2.09
"2022-05-10",1.69
"2022-05-15",1.69
"2022-05-20",1.69
"2022-05-25",2.09
"2022-05-30",1.69
"2022-06-04",1.13
"2022-06-09",1.28
"2022-06-14",1.28
"2022-06-19",1.01
"2022-06-24",1.01
"2022-06-29",0.9
"2022-07-04",0.8
"2022-07-09",0.8
"2022-07-14",0.8
"2022-07-19",0.8
"2022-07-24",0.8
"2022-07-29",0.8
"2022-08-03",0.8
"2022-08-08",0.8
"2022-08-13",0.63
"2022-08-18",0.63
"2022-08-23",0.71
"2022-08-28",0.63
"2022-09-02",0.54
"2022-09-07",0.8
"2022-09-12",0.8
"2022-09-17",0.71
"2022-09-22",0.32
"2022-09-27",0.32
"2022-10-02",0.24
"2022-10-07",0.32
"2022-10-12",0.39
"2022-10-17",0.47
"2022-10-22",0.47
"2022-10-27",0.71
"2022-11-01",0.8
"2022-11-06",0.8
"2022-11-11",0.63
"2022-11-16",0.54
"2022-11-21",0.63
"2022-11-26",0.54
"2022-12-01",0.54
"2022-12-06",0.39
"2022-12-11",0.47
"2022-12-16",0.54
"2022-12-21",0.47
"2022-12-26",0.54
"2022-12-31",0.54
"2023-01-05",0.71
"2023-01-10",0.71
"2023-01-15",0.71
"2023-01-20",0.71
"2023-01-25",0.71
"2023-01-30",0.71
"2023-02-04",0.71
"2023-02-09",0.71
"2023-02-14",0.63
"2023-02-19",0.47
"2023-02-24",0.54
"2023-03-01",0.32
"2023-03-06",0.32
"2023-03-11",0.24
"2023-03-16",0.24
"2023-03-21",0.32
"2023-03-26",0.24
"2023-03-31",0.1
"2023-04-05",0.1
"2023-04-10",0.03
"2023-04-15",0.1
"2023-04-20",0.1
"2023-04-25",0.24
"2023-04-30",0.24
"2023-05-05",0.17
"2023-05-10",0.17
"2023-05-15",0.17
"2023-05-20",0.1
"2023-05-25",0.17
"2023-05-30",0.17
"2023-06-04",0.1
"2023-06-09",0.17
"2023-06-14",0.03
"2023-06-19",0.03
"2023-06-24",0.03
"2023-06-29",-0.17
"2023-07-04",-0.03
"2023-07-09",-0.03
"2023-07-14",-0.1
"2023-07-19",-0.1
"2023-07-24",-0.03
"2023-07-29",-0.03
"2023-08-03",-0.03
"2023-08-08",-0.03
"2023-08-13",-0.03
"2023-08-18",-0.03
"2023-08-23",-0.17
"2023-08-28",-0.17
"2023-09-02",-0.24
"2023-09-07",-0.39
"2023-09-12",-0.39
"2023-09-17",-0.32
"2023-09-22",-0.32
"2023-09-27",-0.39
"2023-10-02",-0.46
"2023-10-07",-0.54
"2023-10-12",-0.54
"2023-10-17",-0.62
"2023-10-22",-0.54
"2023-10-27",-0.54
"2023-11-01",-0.54
"2023-11-06",-0.54
"2023-11-11",-0.54
"2023-11-16",-0.54
"2023-11-21",-0.54
"2023-11-26",-0.54
"2023-12-01",-0.54
"2023-12-06",-0.46
"2023-12-11",-0.54
"2023-12-16",-0.46
"2023-12-21",-0.46
"2023-12-26",-0.46
"2023-12-31",-0.39
"2024-01-05",-0.32
"2024-01-10",-0.24
"2024-01-15",-0.24
"2024-01-20",-0.24
"2024-01-25",-0.17
"2024-01-30",-0.17
"2024-02-04",-0.24
"2024-02-09",-0.24
"2024-02-14",-0.24
"2024-02-19",-0.24
"2024-02-24",-0.17
"2024-02-29",-0.17
"2024-03-05",-0.17
"2024-03-10",-0.17
"2024-03-15",-0.17
"2024-03-20",-0.1
"2024-03-25",-0.03
"2024-03-30",-0.03
"2024-04-04",-0.03
"2024-04-09",-0.03
"2024-04-14",-0.03
"2024-04-19",0.1
"2024-04-24",0.03
"2024-04-29",-0.03
"2024-05-04",0.03
"2024-05-09",0.17
"2024-05-14",0.1
"2024-05-19",0.1
"2024-05-24",0.17
"2024-05-29",0.17
"2024-06-03",0.17
"2024-06-08",0.32
"2024-06-13",0.32
"2024-06-18",0.32
"2024-06-23",0.32
"2024-06-28",0.32
"2024-07-03",0.39
"2024-07-08",0.54
"2024-07-13",0.63
"2024-07-18",0.54
"2024-07-23",0.47
"2024-07-28",0.47
"2024-08-02",0.47
"2024-08-07",0.39
"2024-08-12",0.32
"2024-08-17",0.32
"2024-08-22",0.32
"2024-08-27",0.32
"2024-09-01",0.32
"2024-09-06",0.54
"2024-09-11",0.71
"2024-09-16",0.63
"2024-09-21",0.39
"2024-09-26",0.47
"2024-10-01",0.8
"2024-10-06",0.9
"2024-10-11",1.01
"2024-10-16",0.9
"2024-10-21",0.9
"2024-10-26",1.13
"2024-10-31",0.8
"2024-11-05",0.9
"2024-11-10",1.01
"2024-11-15",1.01
"2024-11-20",0.9
"2024-11-25",0.9
"2024-11-30",0.9
"2024-12-05",0.9
"2024-12-10",1.01
"2024-12-15",0.9
"2024-12-20",0.9
"2024-12-25",0.8
"2024-12-30",0.71
"2025-01-05",1.28
"2025-01-10",1.45
"2025-01-15",1.28
"2025-01-20",1.28
"2025-01-25",1.45
"2025-01-30",1.13
"2025-02-04",1.28
"2025-02-09",1.28
"2025-02-14",1.13
"2025-02-19",1.13
"2025-02-24",1.13
"2025-03-01",1.13
"2025-03-06",1.13
"2025-03-11",1.13
"2025-03-16",1.01
"2025-03-21",1.01
"2025-03-26",1.01
"2025-03-31",1.01
"2025-04-05",0.9
"2025-04-10",0.9
"2025-04-15",1.01
"2025-04-20",1.01
"2025-04-25",1.13
"2025-04-30",0.8
"2025-05-05",1.01
"2025-05-10",1.01
"2025-05-15",0.9
"2025-05-20",0.9
"2025-05-25",0.9
"2025-05-30",1.01
"2025-06-04",1.13
"2025-06-09",1.01
"2025-06-14",0.9
"2025-06-19",1.01
"2025-06-24",1.01
"2025-06-29",0.9
"2025-07-04",0.8
"2025-07-09",0.8
"2025-07-14",0.8
"2025-07-19",0.8
"2025-07-24",0.8
"2025-07-29",0.8
"2025-08-03",0.8
"2025-08-08",0.63
"2025-08-13",0.63
"2025-08-18",0.71
"2025-08-23",0.71
"2025-08-28",0.8
"2025-09-02",0.54
"2025-09-07",0.54
"2025-09-12",0.32
"2025-09-17",0.47
"2025-09-22",0.39
"2025-09-27",0.47
"2025-10-02",0.24
"2025-10-07",0.24
"2025-10-12",0.24
"2025-10-17",0.24
"2025-10-22",0.24
"2025-10-27",0.17
"2025-11-01",0.24
"2025-11-06",0.24
"2025-11-11",0.24
"2025-11-16",0.24
"2025-11-21",0.32
"2025-11-26",0.32