Date,Site,PET_mm_day
2020-01-03,SagehenTower1,0.5514964547497838
2020-01-04,SagehenTower1,0.544890124341335
2020-01-05,SagehenTower1,0.47798550948876267
2020-01-06,SagehenTower1,0.49708861527295306
2020-01-07,SagehenTower1,0.5165298502389684
2020-01-08,SagehenTower1,0.4664014369916061
2020-01-09,SagehenTower1,0.41999145200490884
2020-01-10,SagehenTower1,0.46956502731268235
2020-01-11,SagehenTower1,0.4975612014601681
2020-01-12,SagehenTower1,0.44243207602302626
2020-01-13,SagehenTower1,0.5400459399623115
2020-01-14,SagehenTower1,0.38999961109773035
2020-01-15,SagehenTower1,0.405216811748308
2020-01-16,SagehenTower1,0.5328791247172546
2020-01-17,SagehenTower1,0.4618462127884899
2020-01-18,SagehenTower1,0.5498899640917241
2020-01-19,SagehenTower1,0.5579530688994324
2020-01-20,SagehenTower1,0.6397157292659039
2020-01-21,SagehenTower1,0.5912311154076973
2020-01-22,SagehenTower1,0.6385821579805463
2020-01-23,SagehenTower1,0.5966677442366224
2020-01-24,SagehenTower1,0.6803694098804122
2020-01-25,SagehenTower1,0.7306446407494303
2020-01-26,SagehenTower1,0.6482475749265917
2020-01-27,SagehenTower1,0.6257336579800935
2020-01-28,SagehenTower1,0.652398916618644
2020-01-29,SagehenTower1,0.6073050698030461
2020-01-30,SagehenTower1,0.7231769183515369
2020-01-31,SagehenTower1,0.7718642552340864
2020-02-01,SagehenTower1,0.7467173118836421
2020-02-02,SagehenTower1,0.5593919606550545
2020-02-03,SagehenTower1,0.4170477782430856
2020-02-04,SagehenTower1,0.49397879366164604
2020-02-05,SagehenTower1,0.6538045896464687
2020-02-06,SagehenTower1,0.8004879699236133
2020-02-07,SagehenTower1,0.7938843159591905
2020-02-08,SagehenTower1,0.8122575251175503
2020-02-09,SagehenTower1,0.64948451023643194
2020-02-10,SagehenTower1,0.7126572468181076
2020-02-11,SagehenTower1,0.7856593005711753
2020-02-12,SagehenTower1,0.8032115301784695
2020-02-13,SagehenTower1,0.8293419853765682
2020-02-14,SagehenTower1,0.8717711300997436
2020-02-15,SagehenTower1,0.8400326112748235
2020-02-16,SagehenTower1,0.8326101496823035
2020-02-17,SagehenTower1,0.8889492337167818
2020-02-18,SagehenTower1,0.8813897490100384
2020-02-19,SagehenTower1,0.8992654342846632
2020-02-20,SagehenTower1,0.9444653342245639
2020-02-21,SagehenTower1,1.0374752901780968
2020-02-22,SagehenTower1,1.0417022433145875
2020-02-23,SagehenTower1,1.04284290354289
2020-02-24,SagehenTower1,1.0011897102314378
2020-02-25,SagehenTower1,1.0613647158276405
2020-02-26,SagehenTower1,1.1448681438090365
2020-02-27,SagehenTower1,1.1779842244353622
2020-02-28,SagehenTower1,1.055775230531164
2020-02-29,SagehenTower1,1.1439124319243439
2020-03-01,SagehenTower1,0.6300392564507755
2020-03-02,SagehenTower1,0.9715348984772273
2020-03-03,SagehenTower1,1.234895956336206
2020-03-04,SagehenTower1,1.3236411591402215
2020-03-05,SagehenTower1,1.3329641604735574
2020-03-06,SagehenTower1,1.3923371510502776
2020-03-07,SagehenTower1,0.8565990364953391
2020-03-08,SagehenTower1,1.0563852874730557
2020-03-09,SagehenTower1,1.2865867039212255
2020-03-10,SagehenTower1,1.4117317502141176
2020-03-11,SagehenTower1,1.3734023900199237
2020-03-12,SagehenTower1,1.4733128570108178
2020-03-13,SagehenTower1,1.4005296636090605
2020-03-14,SagehenTower1,0.5416951940400856
2020-03-15,SagehenTower1,0.5015274292695047
2020-03-16,SagehenTower1,0.49567754112429196
2020-03-17,SagehenTower1,0.5071137030699058
2020-03-18,SagehenTower1,0.778333280327563
2020-03-19,SagehenTower1,1.0772445400712107
2020-03-20,SagehenTower1,1.035815148686335
2020-03-21,SagehenTower1,1.34670802389851
2020-03-22,SagehenTower1,1.2666246421944454
2020-03-23,SagehenTower1,0.8572945081625323
2020-03-24,SagehenTower1,1.1264327902175222
2020-03-25,SagehenTower1,0.9922428181703905
2020-03-26,SagehenTower1,0.9133372025520178
2020-03-27,SagehenTower1,1.2475182290401294
2020-03-28,SagehenTower1,1.0744843253486323
2020-03-29,SagehenTower1,1.4854902105172183
2020-03-30,SagehenTower1,1.127412990990238
2020-03-31,SagehenTower1,1.60431202195333
2020-04-01,SagehenTower1,1.6731073969813275
2020-04-02,SagehenTower1,1.5660537407042587
2020-04-03,SagehenTower1,1.645172640965972
2020-04-04,SagehenTower1,1.1055765441508358
2020-04-05,SagehenTower1,0.5385619712551957
2020-04-06,SagehenTower1,1.1325414706498298
2020-04-07,SagehenTower1,1.4877655698869359
2020-04-08,SagehenTower1,1.7617039846912552
2020-04-09,SagehenTower1,1.285674422894825
2020-04-10,SagehenTower1,2.078380779879817
2020-04-11,SagehenTower1,2.09903962367158
2020-04-12,SagehenTower1,2.0202204872529204
2020-04-13,SagehenTower1,1.9665198654024727
2020-04-14,SagehenTower1,1.9846445829703785
2020-04-15,SagehenTower1,2.1120449708541194
2020-04-16,SagehenTower1,1.874914518147745
2020-04-17,SagehenTower1,1.4310990355267525
2020-04-18,SagehenTower1,2.023072770541213
2020-04-19,SagehenTower1,1.9548952581110286
2020-04-20,SagehenTower1,1.7105513916895547
2020-04-21,SagehenTower1,2.120730058496091
2020-04-22,SagehenTower1,2.2492597474940004
2020-04-23,SagehenTower1,2.4275989025960345
2020-04-24,SagehenTower1,2.4361789342228928
2020-04-25,SagehenTower1,2.0715264522923165
2020-04-26,SagehenTower1,2.458884447511953
2020-04-27,SagehenTower1,2.358320003007816
2020-04-28,SagehenTower1,2.6848046191863055
2020-04-29,SagehenTower1,2.3752283898684596
2020-04-30,SagehenTower1,2.4560778896737023
2020-05-01,SagehenTower1,2.46709435433109
2020-05-02,SagehenTower1,2.2335533780110453
2020-05-03,SagehenTower1,2.3470513299703955
2020-05-04,SagehenTower1,2.29131452413359
2020-05-05,SagehenTower1,2.4509193363291892
2020-05-06,SagehenTower1,2.56778110037957
2020-05-07,SagehenTower1,2.548367692010545
2020-05-08,SagehenTower1,2.69844497120517
2020-05-09,SagehenTower1,2.736197063525143
2020-05-10,SagehenTower1,2.56367409781979
2020-05-11,SagehenTower1,2.591319086759549
2020-05-12,SagehenTower1,0.9862382466633567
2020-05-13,SagehenTower1,1.5786694922687339
2020-05-14,SagehenTower1,1.347410858921119
2020-05-15,SagehenTower1,2.403707535479804
2020-05-16,SagehenTower1,2.4961911678712574
2020-05-17,SagehenTower1,1.6615993055357035
2020-05-18,SagehenTower1,1.4965625806100862
2020-05-19,SagehenTower1,1.9600044762537174
2020-05-20,SagehenTower1,2.217166904064631
2020-05-21,SagehenTower1,2.5843711532788487
2020-05-22,SagehenTower1,1.921879134057529
2020-05-23,SagehenTower1,2.5729252430674348
2020-05-24,SagehenTower1,2.6685704877149985
2020-05-25,SagehenTower1,3.013239082503044
2020-05-26,SagehenTower1,2.9944330623730195
2020-05-27,SagehenTower1,3.1082940168805955
2020-05-28,SagehenTower1,3.1501449496992384
2020-05-29,SagehenTower1,2.319717679332085
2020-05-30,SagehenTower1,1.8962091492288509
2020-05-31,SagehenTower1,2.5333132166573846
2020-06-01,SagehenTower1,2.132530855254903
2020-06-02,SagehenTower1,3.0099491727198777
2020-06-03,SagehenTower1,3.0921282219257926
2020-06-04,SagehenTower1,3.1139372218388153
2020-06-05,SagehenTower1,2.9294353259249966
2020-06-06,SagehenTower1,2.424893763714466
2020-06-07,SagehenTower1,1.9290168081860326
2020-06-08,SagehenTower1,2.532853819111529
2020-06-09,SagehenTower1,2.4673285185281473
2020-06-10,SagehenTower1,2.76647201974535
2020-06-11,SagehenTower1,2.9441656820703583
2020-06-12,SagehenTower1,2.3227159514699767
2020-06-13,SagehenTower1,2.3596059580403157
2020-06-14,SagehenTower1,2.7327974923214167
2020-06-15,SagehenTower1,2.0210708337232943
2020-06-16,SagehenTower1,2.7250736489354126
2020-06-17,SagehenTower1,2.655105142211805
2020-06-18,SagehenTower1,2.83922709952422
2020-06-19,SagehenTower1,3.046468142706868
2020-06-20,SagehenTower1,2.9707488371816075
2020-06-21,SagehenTower1,3.0823021623732867
2020-06-22,SagehenTower1,3.1456298742098134
2020-06-23,SagehenTower1,3.0466121832886857
2020-06-24,SagehenTower1,3.2907108751094385
2020-06-25,SagehenTower1,3.086803658251479
2020-06-26,SagehenTower1,3.301292174700799
2020-06-27,SagehenTower1,2.889623598598954
2020-06-28,SagehenTower1,2.7728889375976458
2020-06-29,SagehenTower1,2.7084927166767803
2020-06-30,SagehenTower1,2.838076341130106
2020-07-01,SagehenTower1,2.8932828527070518
2020-07-02,SagehenTower1,2.960350036378673
2020-07-03,SagehenTower1,3.033540765507209
2020-07-04,SagehenTower1,2.9252308611426154
2020-07-05,SagehenTower1,2.9741360220368063
2020-07-06,SagehenTower1,2.9687144258916263
2020-07-07,SagehenTower1,2.921653001583108
2020-07-08,SagehenTower1,2.93764213919943
2020-07-09,SagehenTower1,2.99188016093268
2020-07-10,SagehenTower1,3.0877402784340324
2020-07-11,SagehenTower1,3.0375193865376127
2020-07-12,SagehenTower1,3.1212062687331197
2020-07-13,SagehenTower1,3.0558685607417018
2020-07-14,SagehenTower1,3.140290034413267
2020-07-15,SagehenTower1,3.1329237900852687
2020-07-16,SagehenTower1,2.710290810382015
2020-07-17,SagehenTower1,3.21153424864827
2020-07-18,SagehenTower1,3.0592389911589284
2020-07-19,SagehenTower1,3.173013290628019
2020-07-20,SagehenTower1,2.3879252895463274
2020-07-21,SagehenTower1,2.909472748158582
2020-07-22,SagehenTower1,2.491169349876351
2020-07-23,SagehenTower1,2.7582647966024587
2020-07-24,SagehenTower1,3.092060695255481
2020-07-25,SagehenTower1,2.7553082212213855
2020-07-26,SagehenTower1,2.5840044385493153
2020-07-27,SagehenTower1,2.3337585989627754
2020-07-28,SagehenTower1,2.982487639232796
2020-07-29,SagehenTower1,3.048991299251569
2020-07-30,SagehenTower1,2.9968041181558958
2020-07-31,SagehenTower1,2.9516995848352097
2020-08-01,SagehenTower1,2.9490550908442374
2020-08-02,SagehenTower1,2.779993334341851
2020-08-03,SagehenTower1,2.8289695237611605
2020-08-04,SagehenTower1,2.870748936789821
2020-08-05,SagehenTower1,2.8377126314699503
2020-08-06,SagehenTower1,2.7461058268099032
2020-08-07,SagehenTower1,2.4571723136973542
2020-08-08,SagehenTower1,2.9147936508281282
2020-08-09,SagehenTower1,2.5919431503182433
2020-08-10,SagehenTower1,2.0372773004386855
2020-08-11,SagehenTower1,2.7840413397585735
2020-08-12,SagehenTower1,2.7039268858648664
2020-08-13,SagehenTower1,2.6789652373159942
2020-08-14,SagehenTower1,2.669499071000246
2020-08-15,SagehenTower1,2.725688297737586
2020-08-16,SagehenTower1,2.477872696779046
2020-08-17,SagehenTower1,2.401373137154334
2020-08-18,SagehenTower1,2.474199850873269
2020-08-19,SagehenTower1,2.2759527005938933
2020-08-20,SagehenTower1,2.5846150563800276
2020-08-21,SagehenTower1,2.36759074873985
2020-08-22,SagehenTower1,2.436377488690974
2020-08-23,SagehenTower1,2.5234346205052387
2020-08-24,SagehenTower1,2.6076819279432017
2020-08-25,SagehenTower1,2.3114165094117674
2020-08-26,SagehenTower1,2.5979873761935517
2020-08-27,SagehenTower1,2.475811260400806
2020-08-28,SagehenTower1,2.2974040119431525
2020-08-29,SagehenTower1,2.3989673730859016
2020-08-30,SagehenTower1,2.265664411444092
2020-08-31,SagehenTower1,2.1176517675478985
2020-09-01,SagehenTower1,2.4743577937181676
2020-09-02,SagehenTower1,2.473601179519352
2020-09-03,SagehenTower1,2.4771388861297448
2020-09-04,SagehenTower1,2.4671500066362237
2020-09-05,SagehenTower1,2.434690836849921
2020-09-06,SagehenTower1,1.94133322436686
2020-09-07,SagehenTower1,2.0776024603706067
2020-09-08,SagehenTower1,2.061428126931146
2020-09-09,SagehenTower1,0.9377144981968762
2020-09-10,SagehenTower1,1.5432664028237382
2020-09-11,SagehenTower1,2.014650173972722
2020-09-12,SagehenTower1,2.0056629112249955
2020-09-13,SagehenTower1,1.746327109545164
2020-09-14,SagehenTower1,1.9634689387060982
2020-09-15,SagehenTower1,1.8785592013037895
2020-09-16,SagehenTower1,1.7420760833656193
2020-09-17,SagehenTower1,1.7004831467652466
2020-09-18,SagehenTower1,1.7247304153249696
2020-09-19,SagehenTower1,1.842066989284893
2020-09-20,SagehenTower1,1.8607303621361992
2020-09-21,SagehenTower1,1.778220808857504
2020-09-22,SagehenTower1,1.8858938039458841
2020-09-23,SagehenTower1,1.8337612868251
2020-09-24,SagehenTower1,1.7510945204610577
2020-09-25,SagehenTower1,1.7634585094237496
2020-09-26,SagehenTower1,1.7382595517845931
2020-09-27,SagehenTower1,1.6709895052412027
2020-09-28,SagehenTower1,1.6271551392480423
2020-09-29,SagehenTower1,1.6211188931047351
2020-09-30,SagehenTower1,1.5848341847212741
2020-10-01,SagehenTower1,1.6468073223864304
2020-10-02,SagehenTower1,1.573685558849469
2020-10-03,SagehenTower1,1.5379085756805007
2020-10-04,SagehenTower1,1.4703502853969699
2020-10-05,SagehenTower1,1.4887719855178119
2020-10-06,SagehenTower1,1.4640828705009545
2020-10-07,SagehenTower1,1.4175062649217498
2020-10-08,SagehenTower1,1.1426073432913766
2020-10-09,SagehenTower1,1.2898669629005097
2020-10-10,SagehenTower1,1.1381089302652396
2020-10-11,SagehenTower1,1.3237037759432255
2020-10-12,SagehenTower1,1.3109086134395065
2020-10-13,SagehenTower1,1.304400497859495
2020-10-14,SagehenTower1,1.3324394939935578
2020-10-15,SagehenTower1,1.2223420274955434
2020-10-16,SagehenTower1,1.1964421292114948
2020-10-17,SagehenTower1,1.2278357114987564
2020-10-18,SagehenTower1,1.2017689387879507
2020-10-19,SagehenTower1,1.1676403134486437
2020-10-20,SagehenTower1,1.153154748485179
2020-10-21,SagehenTower1,1.1172049422557095
2020-10-22,SagehenTower1,1.026956390182833
2020-10-23,SagehenTower1,1.0181149686952629
2020-10-24,SagehenTower1,0.9925115988410279
2020-10-25,SagehenTower1,0.8399263635256377
2020-10-26,SagehenTower1,0.7252516418996529
2020-10-27,SagehenTower1,0.9094821073542886
2020-10-28,SagehenTower1,0.9046135679450615
2020-10-29,SagehenTower1,0.8818060181261022
2020-10-30,SagehenTower1,0.8783697509723863
2020-10-31,SagehenTower1,0.9032654124219952
2020-11-01,SagehenTower1,0.8980148387532306
2020-11-02,SagehenTower1,0.8966438358920585
2020-11-03,SagehenTower1,0.8659468311723818
2020-11-04,SagehenTower1,0.8576886401565521
2020-11-05,SagehenTower1,0.8630496093433552
2020-11-06,SagehenTower1,0.7097701752419268
2020-11-07,SagehenTower1,0.5742680180198796
2020-11-08,SagehenTower1,0.4103477367327583
2020-11-09,SagehenTower1,0.4667684275928801
2020-11-10,SagehenTower1,0.6094199266258201
2020-11-11,SagehenTower1,0.5971462060428065
2020-11-12,SagehenTower1,0.5670851883801826
2020-11-13,SagehenTower1,0.5736461911431296
2020-11-14,SagehenTower1,0.6165841234990775
2020-11-15,SagehenTower1,0.6713060014269964
2020-11-16,SagehenTower1,0.6970387573343032
2020-11-17,SagehenTower1,0.722030912393081
2020-11-18,SagehenTower1,0.5704904708294086
2020-11-19,SagehenTower1,0.5857242100446582
2020-11-20,SagehenTower1,0.554623606720336
2020-11-21,SagehenTower1,0.5318548331265641
2020-11-22,SagehenTower1,0.5644279851740757
2020-11-23,SagehenTower1,0.5627931883208941
2020-11-24,SagehenTower1,0.5509602835038335
2020-11-25,SagehenTower1,0.5285890184195899
2020-11-26,SagehenTower1,0.4441054166020995
2020-11-27,SagehenTower1,0.47673586104208016
2020-11-28,SagehenTower1,0.509465843015222
2020-11-29,SagehenTower1,0.5098747807493436
2020-11-30,SagehenTower1,0.5275368633249468
2020-12-01,SagehenTower1,0.5050582794241002
2020-12-02,SagehenTower1,0.4964704200988011
2020-12-03,SagehenTower1,0.5157655461190586
2020-12-04,SagehenTower1,0.5201091978189627
2020-12-05,SagehenTower1,0.5158609290806049
2020-12-06,SagehenTower1,0.533158184352377
2020-12-07,SagehenTower1,0.4943063066854766
2020-12-08,SagehenTower1,0.4898483660970858
2020-12-09,SagehenTower1,0.49427509860422364
2020-12-10,SagehenTower1,0.474770156798947
2020-12-11,SagehenTower1,0.4905896713703177
2020-12-12,SagehenTower1,0.4755413175526705
2020-12-13,SagehenTower1,0.48473525493085784
2020-12-14,SagehenTower1,0.4703712860057626
2020-12-15,SagehenTower1,0.45399806010123633
2020-12-16,SagehenTower1,0.46559403446646985
2020-12-17,SagehenTower1,0.4618206374040261
2020-12-18,SagehenTower1,0.39816843078998054
2020-12-19,SagehenTower1,0.421752019158164
2020-12-20,SagehenTower1,0.42751255106029473
2020-12-21,SagehenTower1,0.4443999162743751
2020-12-22,SagehenTower1,0.43867255244004744
2020-12-23,SagehenTower1,0.3615782884925151
2020-12-24,SagehenTower1,0.4140111049955885
2020-12-25,SagehenTower1,0.49543936783068976
2020-12-26,SagehenTower1,0.4414839415626362
2020-12-27,SagehenTower1,0.4262548146523752
2020-12-28,SagehenTower1,0.4560532075296626
2020-12-29,SagehenTower1,0.37195344835879557
2020-12-30,SagehenTower1,0.43344854951235473
2020-12-31,SagehenTower1,0.4530849992928017
2021-01-01,SagehenTower1,0.4243695809396319
2021-01-02,SagehenTower1,0.5444169817777269
2021-01-03,SagehenTower1,0.56338680920405
2021-01-04,SagehenTower1,0.5509536745371238
2021-01-05,SagehenTower1,0.48173477165901535
2021-01-06,SagehenTower1,0.49776281789998317
2021-01-07,SagehenTower1,0.47135776635232696
2021-01-08,SagehenTower1,0.5022712117412621
2021-01-09,SagehenTower1,0.457435959706078
2021-01-10,SagehenTower1,0.524288682580907
2021-01-11,SagehenTower1,0.5454104618238088
2021-01-12,SagehenTower1,0.619969974569561
2021-01-13,SagehenTower1,0.6323457964037684
2021-01-14,SagehenTower1,0.5959168090350611
2021-01-15,SagehenTower1,0.6324430526275187
2021-01-16,SagehenTower1,0.6370114047710692
2021-01-17,SagehenTower1,0.6316784131878154
2021-01-18,SagehenTower1,0.5842321941866221
2021-01-19,SagehenTower1,0.5058908687809274
2021-01-20,SagehenTower1,0.5687448463523472
2021-01-21,SagehenTower1,0.566472181072575
2021-01-22,SagehenTower1,0.5263610676179832
2021-01-23,SagehenTower1,0.5149399248116204
2021-01-24,SagehenTower1,0.4720527262138558
2021-01-25,SagehenTower1,0.4141624237758801
2021-01-26,SagehenTower1,0.3857203313367622
2021-01-27,SagehenTower1,0.48784885957110025
2021-01-28,SagehenTower1,0.4930222441654981
2021-01-29,SagehenTower1,0.5872443329844729
2021-01-30,SagehenTower1,0.6281273725039839
2021-01-31,SagehenTower1,0.5893060451233858
2021-02-01,SagehenTower1,0.7814131845027442
2021-02-02,SagehenTower1,0.616838410790844
2021-02-03,SagehenTower1,0.5566178877182655
2021-02-04,SagehenTower1,0.614099506725509
2021-02-05,SagehenTower1,0.6771865668973805
2021-02-06,SagehenTower1,0.7175655163422994
2021-02-07,SagehenTower1,0.7202200140389368
2021-02-08,SagehenTower1,0.7176412674271104
2021-02-09,SagehenTower1,0.8004580885639109
2021-02-10,SagehenTower1,0.8380437173200892
2021-02-11,SagehenTower1,0.7338299643823901
2021-02-12,SagehenTower1,0.7955789030108492
2021-02-13,SagehenTower1,0.7483187753412474
2021-02-14,SagehenTower1,0.6709623414210025
2021-02-15,SagehenTower1,0.8195479743891692
2021-02-16,SagehenTower1,0.7931015532100423
2021-02-17,SagehenTower1,0.6765217702393221
2021-02-18,SagehenTower1,0.5772443243340537
2021-02-19,SagehenTower1,0.9024055799206624
2021-02-20,SagehenTower1,0.6518022719311116
2021-02-21,SagehenTower1,0.827354507816333
2021-02-22,SagehenTower1,1.0174067904069206
2021-02-23,SagehenTower1,1.0023106411094223
2021-02-24,SagehenTower1,0.8647492744060035
2021-02-25,SagehenTower1,0.8743155629373154
2021-02-26,SagehenTower1,0.907406004108893
2021-02-27,SagehenTower1,0.8595514285909567
2021-02-28,SagehenTower1,0.9292610056372183
2021-03-01,SagehenTower1,1.034738999380599
2021-03-02,SagehenTower1,1.0210320800913055
2021-03-03,SagehenTower1,1.0182116931830254
2021-03-04,SagehenTower1,1.1391329711712976
2021-03-05,SagehenTower1,1.2652521141867221
2021-03-06,SagehenTower1,1.2116257971727107
2021-03-07,SagehenTower1,1.303494486144271
2021-03-08,SagehenTower1,0.7881390182136624
2021-03-09,SagehenTower1,0.9767254222687792
2021-03-10,SagehenTower1,0.5561810454171179
2021-03-11,SagehenTower1,0.6648940917284711
2021-03-12,SagehenTower1,1.148569540870638
2021-03-13,SagehenTower1,1.2462035604089787
2021-03-14,SagehenTower1,1.096762688409612
2021-03-15,SagehenTower1,0.6270777430909708
2021-03-16,SagehenTower1,1.3314842332266126
2021-03-17,SagehenTower1,1.0127496105459
2021-03-18,SagehenTower1,1.229302827499709
2021-03-19,SagehenTower1,1.394657280730853
2021-03-20,SagehenTower1,1.2817090908471718
2021-03-21,SagehenTower1,1.3689799584824927
2021-03-22,SagehenTower1,0.9470147120721645
2021-03-23,SagehenTower1,1.0730728551927922
2021-03-24,SagehenTower1,1.3555238078307246
2021-03-25,SagehenTower1,1.0526835944656716
2021-03-26,SagehenTower1,1.583242872551634
2021-03-27,SagehenTower1,1.7783325874179579
2021-03-28,SagehenTower1,1.8261215935119581
2021-03-29,SagehenTower1,1.83732660891354
2021-03-30,SagehenTower1,1.6057049954412552
2021-03-31,SagehenTower1,1.8447661421317008
2021-04-01,SagehenTower1,1.909198643042808
2021-04-02,SagehenTower1,2.000790473330159
2021-04-03,SagehenTower1,1.998768339674772
2021-04-04,SagehenTower1,1.960466660595085
2021-04-05,SagehenTower1,1.8360245525065384
2021-04-06,SagehenTower1,2.0217421797515676
2021-04-07,SagehenTower1,1.9506928937959482
2021-04-08,SagehenTower1,1.9501884851389717
2021-04-09,SagehenTower1,2.0593515967769904
2021-04-10,SagehenTower1,2.119366911260447
2021-04-11,SagehenTower1,2.144969428011477
2021-04-12,SagehenTower1,2.1160201591407004
2021-04-13,SagehenTower1,1.4936587149811078
2021-04-14,SagehenTower1,1.4902849825550533
2021-04-15,SagehenTower1,1.707083635018395
2021-04-16,SagehenTower1,1.7729621948348153
2021-04-17,SagehenTower1,2.084492940268138
2021-04-18,SagehenTower1,2.2812579095750634
2021-04-19,SagehenTower1,2.3132703850799863
2021-04-20,SagehenTower1,2.3060512586530573
2021-04-21,SagehenTower1,2.2609436640821876
2021-04-22,SagehenTower1,2.2096248680439063
2021-04-23,SagehenTower1,2.222889090354626
2021-04-24,SagehenTower1,1.019443460064741
2021-04-25,SagehenTower1,1.1001828686334654
2021-04-26,SagehenTower1,1.6702922935067497
2021-04-27,SagehenTower1,1.6803828262738991
2021-04-28,SagehenTower1,2.352355200446876
2021-04-29,SagehenTower1,2.5862280990560227
2021-04-30,SagehenTower1,2.2831905245029196
2021-05-01,SagehenTower1,2.511979755303197
2021-05-02,SagehenTower1,2.065998694400096
2021-05-03,SagehenTower1,2.4330911083304163
2021-05-04,SagehenTower1,2.5903995194063754
2021-05-05,SagehenTower1,2.69231036124686
2021-05-06,SagehenTower1,2.746276435257593
2021-05-07,SagehenTower1,2.512748083109474
2021-05-08,SagehenTower1,2.404348158061222
2021-05-09,SagehenTower1,2.2913261190023384
2021-05-10,SagehenTower1,2.5325001667245663
2021-05-11,SagehenTower1,2.618736911632948
2021-05-12,SagehenTower1,2.6930257834205147
2021-05-13,SagehenTower1,2.7978387987347553
2021-05-14,SagehenTower1,2.780300344929623
2021-05-15,SagehenTower1,1.4149612214588976
2021-05-16,SagehenTower1,2.1046642837280864
2021-05-17,SagehenTower1,2.5198182049056026
2021-05-18,SagehenTower1,2.6872855020172475
2021-05-19,SagehenTower1,2.6627184942704276
2021-05-20,SagehenTower1,1.047140848797541
2021-05-21,SagehenTower1,1.0959430643479005
2021-05-22,SagehenTower1,1.5892818631304881
2021-05-23,SagehenTower1,1.7750655548250112
2021-05-24,SagehenTower1,2.4952041451295184
2021-05-25,SagehenTower1,2.593539949845714
2021-05-26,SagehenTower1,2.5348730818699754
2021-05-27,SagehenTower1,2.710392543091482
2021-05-28,SagehenTower1,2.693227438177433
2021-05-29,SagehenTower1,2.74146400275683
2021-05-30,SagehenTower1,3.0397442371417682
2021-05-31,SagehenTower1,3.0724390694216286
2021-06-01,SagehenTower1,3.0609524370294077
2021-06-02,SagehenTower1,3.0803712155912457
2021-06-03,SagehenTower1,3.265336751072638
2021-06-04,SagehenTower1,3.196484099924438
2021-06-05,SagehenTower1,3.0667087962920885
2021-06-06,SagehenTower1,2.9976701005135604
2021-06-07,SagehenTower1,2.9140719700291235
2021-06-08,SagehenTower1,2.7956921146056404
2021-06-09,SagehenTower1,1.958324423145051
2021-06-10,SagehenTower1,2.6374480476483977
2021-06-11,SagehenTower1,2.695790923189862
2021-06-12,SagehenTower1,3.121381052453988
2021-06-13,SagehenTower1,3.1264402863684837
2021-06-14,SagehenTower1,2.6249358146031603
2021-06-15,SagehenTower1,3.148388492576984
2021-06-16,SagehenTower1,2.7391035660747978
2021-06-17,SagehenTower1,3.243740692466192
2021-06-18,SagehenTower1,3.260224690604767
2021-06-19,SagehenTower1,3.27774803819555
2021-06-20,SagehenTower1,3.212834479400871
2021-06-21,SagehenTower1,3.199095119465175
2021-06-22,SagehenTower1,3.2933493523610116
2021-06-23,SagehenTower1,2.9424803033717346
2021-06-24,SagehenTower1,2.1679715369234023
2021-06-25,SagehenTower1,3.0768357841627165
2021-06-26,SagehenTower1,3.3503665084457004
2021-06-27,SagehenTower1,3.3461606102173023
2021-06-28,SagehenTower1,3.333734359570217
2021-06-29,SagehenTower1,3.390077949663191
2021-06-30,SagehenTower1,3.375364415947604
2021-07-01,SagehenTower1,3.2775422436386337
2021-07-02,SagehenTower1,2.9793241207722563
2021-07-03,SagehenTower1,2.74758240092872
2021-07-04,SagehenTower1,2.727737783870946
2021-07-05,SagehenTower1,3.237984893786264
2021-07-06,SagehenTower1,3.3053297337568175
2021-07-07,SagehenTower1,3.280481876399109
2021-07-08,SagehenTower1,3.320541659986018
2021-07-09,SagehenTower1,3.360164717208974
2021-07-10,SagehenTower1,3.3873572397631766
2021-07-11,SagehenTower1,3.3542698866252567
2021-07-12,SagehenTower1,3.2596784742887426
2021-07-13,SagehenTower1,3.196935294141856
2021-07-14,SagehenTower1,3.273859229309166
2021-07-15,SagehenTower1,3.2091195611274514
2021-07-16,SagehenTower1,3.081802756931359
2021-07-17,SagehenTower1,3.0235218983222465
2021-07-18,SagehenTower1,2.981248212099539
2021-07-19,SagehenTower1,2.7990267074003636
2021-07-20,SagehenTower1,3.171591276288089
2021-07-21,SagehenTower1,3.192702481492687
2021-07-22,SagehenTower1,3.0910685147031556
2021-07-23,SagehenTower1,2.9983089933625684
2021-07-24,SagehenTower1,2.89362553375907
2021-07-25,SagehenTower1,2.378438574442274
2021-07-26,SagehenTower1,2.1280533539310476
2021-07-27,SagehenTower1,1.8447327643925922
2021-07-28,SagehenTower1,2.312096927542123
2021-07-29,SagehenTower1,2.2740045333422705
2021-07-30,SagehenTower1,1.8285877548590712
2021-07-31,SagehenTower1,1.9631799794541471
2021-08-01,SagehenTower1,2.5237338857531313
2021-08-02,SagehenTower1,2.9499539107127237
2021-08-03,SagehenTower1,2.9855856373847574
2021-08-04,SagehenTower1,2.969654890411148
2021-08-05,SagehenTower1,2.849811159914027
2021-08-06,SagehenTower1,1.9941037605438545
2021-08-07,SagehenTower1,2.495445001254096
2021-08-08,SagehenTower1,2.598511980024985
2021-08-09,SagehenTower1,2.7696388509252943
2021-08-10,SagehenTower1,2.514718657424116
2021-08-11,SagehenTower1,2.4613394331223803
2021-08-12,SagehenTower1,2.2916688424392726
2021-08-13,SagehenTower1,2.2087225483028283
2021-08-14,SagehenTower1,2.1997330145663216
2021-08-15,SagehenTower1,2.274445380607565
2021-08-16,SagehenTower1,2.545354904954118
2021-08-17,SagehenTower1,2.383370190123324
2021-08-18,SagehenTower1,2.059461675148048
2021-08-19,SagehenTower1,2.3482338974727632
2021-08-20,SagehenTower1,2.282742144715249
2021-08-21,SagehenTower1,2.3481521593443175
2021-08-22,SagehenTower1,2.1207379329620197
2021-08-23,SagehenTower1,2.2935497642358986
2021-08-24,SagehenTower1,2.37082800154591
2021-08-25,SagehenTower1,2.338067001797038
2021-08-26,SagehenTower1,2.292014818745595
2021-08-27,SagehenTower1,2.238203449267306
2021-08-28,SagehenTower1,2.242293940424244
2021-08-29,SagehenTower1,2.4187129890935544
2021-08-30,SagehenTower1,2.4572970155972578
2021-08-31,SagehenTower1,2.507021631189193
2021-09-01,SagehenTower1,2.365684842919774
2021-09-02,SagehenTower1,2.2525759882565985
2021-09-03,SagehenTower1,2.108779024434329
2021-09-04,SagehenTower1,2.218801121684596
2021-09-05,SagehenTower1,2.3030993020128028
2021-09-06,SagehenTower1,2.3016813103940392
2021-09-07,SagehenTower1,2.3722148159898366
2021-09-08,SagehenTower1,2.3156377383179865
2021-09-09,SagehenTower1,2.156455872548647
2021-09-10,SagehenTower1,1.7266051688902886
2021-09-11,SagehenTower1,2.194682811885634
2021-09-12,SagehenTower1,2.1841696588231625
2021-09-13,SagehenTower1,2.0841360972576504
2021-09-14,SagehenTower1,2.1219401839615206
2021-09-15,SagehenTower1,0.8983869633018061
2021-09-16,SagehenTower1,1.9590498252764605
2021-09-17,SagehenTower1,1.906891788283577
2021-09-18,SagehenTower1,2.047574585826455
2021-09-19,SagehenTower1,1.7578617971892223
2021-09-20,SagehenTower1,1.748084352198053
2021-09-21,SagehenTower1,1.7599140217110452
2021-09-22,SagehenTower1,1.7443537863340237
2021-09-23,SagehenTower1,1.7635971242185842
2021-09-24,SagehenTower1,1.8241727046461977
2021-09-25,SagehenTower1,1.7018312904861657
2021-09-26,SagehenTower1,1.7435653500281398
2021-09-27,SagehenTower1,1.8243286965160714
2021-09-28,SagehenTower1,1.4509214206150278
2021-09-29,SagehenTower1,1.4236138853145437
2021-09-30,SagehenTower1,1.4828831291605493
2021-10-01,SagehenTower1,1.5180325215151642
2021-10-02,SagehenTower1,1.5019551030445892
2021-10-03,SagehenTower1,1.358102499758039
2021-10-04,SagehenTower1,1.332855746869604
2021-10-05,SagehenTower1,1.285601999251343
2021-10-06,SagehenTower1,1.2244659147725274
2021-10-07,SagehenTower1,1.1855011148295178
2021-10-08,SagehenTower1,1.0692457606282362
2021-10-09,SagehenTower1,1.1771183835993793
2021-10-10,SagehenTower1,1.271566921203438
2021-10-11,SagehenTower1,0.7840983336503493
2021-10-12,SagehenTower1,0.9814666950833016
2021-10-13,SagehenTower1,0.9812478837443751
2021-10-14,SagehenTower1,1.0929246310981333
2021-10-15,SagehenTower1,1.1773063224028018
2021-10-16,SagehenTower1,1.203799922163292
2021-10-17,SagehenTower1,1.1017422237321826
2021-10-18,SagehenTower1,0.6706832400014833
2021-10-19,SagehenTower1,0.9027231823009773
2021-10-20,SagehenTower1,0.9217924481246035
2021-10-21,SagehenTower1,0.8241695156754656
2021-10-22,SagehenTower1,0.7522594140964544
2021-10-23,SagehenTower1,0.7931161423852476
2021-10-24,SagehenTower1,0.5976964550519093
2021-10-25,SagehenTower1,0.6887570474003195
2021-10-26,SagehenTower1,0.7692615907206317
2021-10-27,SagehenTower1,0.941919605457644
2021-10-28,SagehenTower1,0.9827052901274104
2021-10-29,SagehenTower1,0.9515561404639304
2021-10-30,SagehenTower1,0.7582039715703675
2021-10-31,SagehenTower1,0.8452973805473327
2021-11-01,SagehenTower1,0.8868409843162924
2021-11-02,SagehenTower1,0.8417953800178644
2021-11-03,SagehenTower1,0.9229829946186762
2021-11-04,SagehenTower1,0.8315621770951285
2021-11-05,SagehenTower1,0.7826430426442024
2021-11-06,SagehenTower1,0.725917111169939
2021-11-07,SagehenTower1,0.7042941376682389
2021-11-08,SagehenTower1,0.7169649564864353
2021-11-09,SagehenTower1,0.6591706007722263
2021-11-10,SagehenTower1,0.7079280233360864
2021-11-11,SagehenTower1,0.8039217976069192
2021-11-12,SagehenTower1,0.8052290014510215
2021-11-13,SagehenTower1,0.7671330297294879
2021-11-14,SagehenTower1,0.7836600209965919
2021-11-15,SagehenTower1,0.7639168528422231
2021-11-16,SagehenTower1,0.7190245582371854
2021-11-17,SagehenTower1,0.6457304988576639
2021-11-18,SagehenTower1,0.6871080292307099
2021-11-19,SagehenTower1,0.6258280920590484
2021-11-20,SagehenTower1,0.6226817830487985
2021-11-21,SagehenTower1,0.6018663708301958
2021-11-22,SagehenTower1,0.5861153783836919
2021-11-23,SagehenTower1,0.572401343782157
2021-11-24,SagehenTower1,0.5023676671534528
2021-11-25,SagehenTower1,0.5674234414880873
2021-11-26,SagehenTower1,0.6435751553261883
2021-11-27,SagehenTower1,0.6292603078677039
2021-11-28,SagehenTower1,0.6429473912354668
2021-11-29,SagehenTower1,0.6368411812242611
2021-11-30,SagehenTower1,0.612621578168872
2021-12-01,SagehenTower1,0.596712823360939
2021-12-02,SagehenTower1,0.589527960833887
2021-12-03,SagehenTower1,0.5945328725772772
2021-12-04,SagehenTower1,0.5680237427879887
2021-12-05,SagehenTower1,0.5553588023626371
2021-12-06,SagehenTower1,0.5955992254259935
2021-12-07,SagehenTower1,0.554844229128414
2021-12-08,SagehenTower1,0.5407477856428039
2021-12-09,SagehenTower1,0.4486549496811089
2021-12-10,SagehenTower1,0.3752872952364247
2021-12-11,SagehenTower1,0.4460398187487988
2021-12-12,SagehenTower1,0.5105091963958659
2021-12-13,SagehenTower1,0.5206505293220931
2021-12-14,SagehenTower1,0.402951982085353
2021-12-15,SagehenTower1,0.38501675223811155
2021-12-16,SagehenTower1,0.44125979498884726
2021-12-17,SagehenTower1,0.3307382185772674
2021-12-18,SagehenTower1,0.38920115903823066
2021-12-19,SagehenTower1,0.42472807767095916
2021-12-20,SagehenTower1,0.452082925258408
2021-12-21,SagehenTower1,0.45100413421694807
2021-12-22,SagehenTower1,0.5676419970711535
2021-12-23,SagehenTower1,0.5432473296864286
2021-12-24,SagehenTower1,0.4989420938724451
2021-12-25,SagehenTower1,0.4351824670842005
2021-12-26,SagehenTower1,0.38287487487236804
2021-12-27,SagehenTower1,0.4141769596535372
2021-12-28,SagehenTower1,0.40942078282722444
2021-12-29,SagehenTower1,0.4491270845065748
2021-12-30,SagehenTower1,0.37499187790563127
2021-12-31,SagehenTower1,0.3556545894837886
2022-01-01,SagehenTower1,0.33630788424657115
2022-01-02,SagehenTower1,0.3883069974559913
2022-01-03,SagehenTower1,0.4997893499589938
2022-01-04,SagehenTower1,0.5661644882314093
2022-01-05,SagehenTower1,0.5781309395636949
2022-01-06,SagehenTower1,0.5517038236683423
2022-01-07,SagehenTower1,0.5144969176630303
2022-01-08,SagehenTower1,0.4620395117321057
2022-01-09,SagehenTower1,0.44040347807576663
2022-01-10,SagehenTower1,0.4974543899686614
2022-01-11,SagehenTower1,0.5190178686524827
2022-01-12,SagehenTower1,0.5614554448429236
2022-01-13,SagehenTower1,0.5640782155086426
2022-01-14,SagehenTower1,0.506419852350202
2022-01-15,SagehenTower1,0.4943091922952198
2022-01-16,SagehenTower1,0.5308873995435489
2022-01-17,SagehenTower1,0.5684839272308516
2022-01-18,SagehenTower1,0.5575507666696482
2022-01-19,SagehenTower1,0.5390087777174435
2022-01-20,SagehenTower1,0.5924046765068512
2022-01-21,SagehenTower1,0.517800129724483
2022-01-22,SagehenTower1,0.5452333475793631
2022-01-23,SagehenTower1,0.5548812857217219
2022-01-24,SagehenTower1,0.598124584062009
2022-01-25,SagehenTower1,0.5368776372324096
2022-01-26,SagehenTower1,0.5480697511097801
2022-01-27,SagehenTower1,0.5452715151518108
2022-01-28,SagehenTower1,0.5499949642365313
2022-01-29,SagehenTower1,0.5904219519079899
2022-01-30,SagehenTower1,0.6171349584921384
2022-01-31,SagehenTower1,0.6675051553075255
2022-02-01,SagehenTower1,0.5158181320751438
2022-02-02,SagehenTower1,0.49326171594882284
2022-02-03,SagehenTower1,0.5740396600133076
2022-02-04,SagehenTower1,0.6434989779138266
2022-02-05,SagehenTower1,0.7042327770674565
2022-02-06,SagehenTower1,0.696360996911979
2022-02-07,SagehenTower1,0.7621352234569532
2022-02-08,SagehenTower1,0.7744747429676145
2022-02-09,SagehenTower1,0.7973217470736828
2022-02-10,SagehenTower1,0.8771413429959054
2022-02-11,SagehenTower1,0.8743915332190153
2022-02-12,SagehenTower1,0.8967615536935148
2022-02-13,SagehenTower1,0.8951850019376179
2022-02-14,SagehenTower1,0.9002370746964647
2022-02-15,SagehenTower1,0.5133309256283417
2022-02-16,SagehenTower1,0.7227041334975737
2022-02-17,SagehenTower1,0.8577164912985279
2022-02-18,SagehenTower1,0.9183053475228483
2022-02-19,SagehenTower1,0.940409861079869
2022-02-20,SagehenTower1,0.8403519995109358
2022-02-21,SagehenTower1,0.6318175308963903
2022-02-22,SagehenTower1,0.3835772601464206
2022-02-23,SagehenTower1,0.3680694904792861
2022-02-24,SagehenTower1,0.6713118957390306
2022-02-25,SagehenTower1,0.7320920618619544
2022-02-26,SagehenTower1,0.8462722055584205
2022-02-27,SagehenTower1,1.1364814298114243
2022-02-28,SagehenTower1,1.1584139022953621
2022-03-01,SagehenTower1,1.258452356624417
2022-03-02,SagehenTower1,1.2279101181501695
2022-03-03,SagehenTower1,1.122262324254879
2022-03-04,SagehenTower1,0.9614683657671014
2022-03-05,SagehenTower1,0.6259799818433008
2022-03-06,SagehenTower1,0.9869957346558357
2022-03-07,SagehenTower1,1.056917065242989
2022-03-08,SagehenTower1,1.0987400514530694
2022-03-09,SagehenTower1,1.1091483745237973
2022-03-10,SagehenTower1,1.0917190212737635
2022-03-11,SagehenTower1,1.2384444185477377
2022-03-12,SagehenTower1,1.341648594142049
2022-03-13,SagehenTower1,1.3239551534938923
2022-03-14,SagehenTower1,1.1977941333276678
2022-03-15,SagehenTower1,1.0764128715410328
2022-03-16,SagehenTower1,1.4505090909346656
2022-03-17,SagehenTower1,1.2587757696712887
2022-03-18,SagehenTower1,1.4770380296759384
2022-03-19,SagehenTower1,1.011466404653283
2022-03-20,SagehenTower1,1.4145016631956016
2022-03-21,SagehenTower1,1.608153920921025
2022-03-22,SagehenTower1,1.7572976056734482
2022-03-23,SagehenTower1,1.8189204816537272
2022-03-24,SagehenTower1,1.8134447576497283
2022-03-25,SagehenTower1,1.923592964130349
2022-03-26,SagehenTower1,1.7088151745833102
2022-03-27,SagehenTower1,1.7443478119959004
2022-03-28,SagehenTower1,0.9884338449561034
2022-03-29,SagehenTower1,1.4056756340325265
2022-03-30,SagehenTower1,1.3958276771928841
2022-03-31,SagehenTower1,1.7458358685304172
2022-04-01,SagehenTower1,1.9292215754702455
2022-04-02,SagehenTower1,1.699215332988025
2022-04-03,SagehenTower1,1.8443929481832142
2022-04-04,SagehenTower1,1.7229446817339618
2022-04-05,SagehenTower1,2.0282627579958676
2022-04-06,SagehenTower1,2.0109367629731048
2022-04-07,SagehenTower1,2.1794903075928675
2022-04-08,SagehenTower1,1.966963800537038
2022-04-09,SagehenTower1,1.976848402248264
2022-04-10,SagehenTower1,1.8367854798629388
2022-04-11,SagehenTower1,0.9088150585342673
2022-04-12,SagehenTower1,1.2791893847570253
2022-04-13,SagehenTower1,1.7445610385047998
2022-04-14,SagehenTower1,0.9928863685302652
2022-04-15,SagehenTower1,1.768720492008181
2022-04-16,SagehenTower1,1.421586666575619
2022-04-17,SagehenTower1,2.223394019631287
2022-04-18,SagehenTower1,2.1771360669329476
2022-04-19,SagehenTower1,1.7192624345178344
2022-04-20,SagehenTower1,2.182715933262129
2022-04-21,SagehenTower1,0.6781782509190869
2022-04-22,SagehenTower1,1.4500023149893502
2022-04-23,SagehenTower1,1.986634696872401
2022-04-24,SagehenTower1,2.114161871751188
2022-04-25,SagehenTower1,2.0194235751551926
2022-04-26,SagehenTower1,2.3003571744362308
2022-04-27,SagehenTower1,2.2039262202393144
2022-04-28,SagehenTower1,2.0386777065524906
2022-04-29,SagehenTower1,2.2365040519501256
2022-04-30,SagehenTower1,2.3406625781796055
2022-05-01,SagehenTower1,2.2610458177858197
2022-05-02,SagehenTower1,1.8990474306015455
2022-05-03,SagehenTower1,2.288041675671913
2022-05-04,SagehenTower1,2.556342765089155
2022-05-05,SagehenTower1,2.4637489109102186
2022-05-06,SagehenTower1,2.3003241472196376
2022-05-07,SagehenTower1,2.3309985210633797
2022-05-08,SagehenTower1,1.285504508444676
2022-05-09,SagehenTower1,1.2335861826550003
2022-05-10,SagehenTower1,1.498808686336822
2022-05-11,SagehenTower1,1.5673774818979533
2022-05-12,SagehenTower1,1.7786237240971252
2022-05-13,SagehenTower1,2.4416693480230416
2022-05-14,SagehenTower1,2.7060944820144326
2022-05-15,SagehenTower1,2.6489757655913233
2022-05-16,SagehenTower1,2.4846066797314053
2022-05-17,SagehenTower1,2.7127989477016845
2022-05-18,SagehenTower1,2.796935789076514
2022-05-19,SagehenTower1,2.6006626758114706
2022-05-20,SagehenTower1,2.3292514392717214
2022-05-21,SagehenTower1,2.5160622730344584
2022-05-22,SagehenTower1,2.6563928056712283
2022-05-23,SagehenTower1,2.702350509321923
2022-05-24,SagehenTower1,2.86249648454772
2022-05-25,SagehenTower1,2.913573307919124
2022-05-26,SagehenTower1,2.8662680467548105
2022-05-27,SagehenTower1,2.3303288713957904
2022-05-28,SagehenTower1,2.013538937519793
2022-05-29,SagehenTower1,2.5548894712560095
2022-05-30,SagehenTower1,1.6016645603939192
2022-05-31,SagehenTower1,2.6078764282855422
2022-06-01,SagehenTower1,2.801487025394625
2022-06-02,SagehenTower1,2.2089218157351374
2022-06-03,SagehenTower1,2.143624831595944
2022-06-04,SagehenTower1,2.5042696690970425
2022-06-05,SagehenTower1,2.0701511682531235
2022-06-06,SagehenTower1,2.904950457660709
2022-06-07,SagehenTower1,2.7625238124726703
2022-06-08,SagehenTower1,2.538469972883968
2022-06-09,SagehenTower1,3.040618966911554
2022-06-10,SagehenTower1,3.173756193333016
2022-06-11,SagehenTower1,3.081030525703229
2022-06-12,SagehenTower1,2.1755888594216635
2022-06-13,SagehenTower1,2.6220853119016287
2022-06-14,SagehenTower1,2.7865303865331117
2022-06-15,SagehenTower1,3.000191481369882
2022-06-16,SagehenTower1,3.1949586266477796
2022-06-17,SagehenTower1,2.7098487529738637
2022-06-18,SagehenTower1,2.092504527483281
2022-06-19,SagehenTower1,2.4597182008721474
2022-06-20,SagehenTower1,2.1821741536452866
2022-06-21,SagehenTower1,2.917356005217694
2022-06-22,SagehenTower1,2.552961008391185
2022-06-23,SagehenTower1,1.9012916097543784
2022-06-24,SagehenTower1,2.982980649371028
2022-06-25,SagehenTower1,2.5932420329497106
2022-06-26,SagehenTower1,3.1765852235762395
2022-06-27,SagehenTower1,3.124854925528816
2022-06-28,SagehenTower1,3.042465298481128
2022-06-29,SagehenTower1,3.1329545672022165
2022-06-30,SagehenTower1,3.031543767455222
2022-07-01,SagehenTower1,3.007684624486843
2022-07-02,SagehenTower1,2.908232995652137
2022-07-03,SagehenTower1,2.4840611625290596
2022-07-04,SagehenTower1,2.845747984285674
2022-07-05,SagehenTower1,2.781840486742661
2022-07-06,SagehenTower1,3.0098455599107146
2022-07-07,SagehenTower1,3.1570688224250056
2022-07-08,SagehenTower1,3.1082617004010094
2022-07-09,SagehenTower1,3.0575558331962758
2022-07-10,SagehenTower1,3.0805645448582966
2022-07-11,SagehenTower1,3.142204787648099
2022-07-12,SagehenTower1,3.174284880485496
2022-07-13,SagehenTower1,3.1918120373210783
2022-07-14,SagehenTower1,3.0944312398717253
2022-07-15,SagehenTower1,3.1026077653277593
2022-07-16,SagehenTower1,3.261113167694021
2022-07-17,SagehenTower1,3.2575053011936954
2022-07-18,SagehenTower1,3.1767718068843336
2022-07-19,SagehenTower1,3.162962857945457
2022-07-20,SagehenTower1,3.1564536015491558
2022-07-21,SagehenTower1,3.133278616453913
2022-07-22,SagehenTower1,3.0048775847650853
2022-07-23,SagehenTower1,3.033288930400347
2022-07-24,SagehenTower1,2.7748730675691387
2022-07-25,SagehenTower1,2.9149798556604116
2022-07-26,SagehenTower1,2.081554367438183
2022-07-27,SagehenTower1,2.713173143345141
2022-07-28,SagehenTower1,2.9952978997492985
2022-07-29,SagehenTower1,2.8561755113169336
2022-07-30,SagehenTower1,2.3843964982998656
2022-07-31,SagehenTower1,2.2722149449505213
2022-08-01,SagehenTower1,1.7373595468551666
2022-08-02,SagehenTower1,2.842779931690398
2022-08-03,SagehenTower1,2.9151659009707385
2022-08-04,SagehenTower1,3.0720822118355677
2022-08-05,SagehenTower1,1.5342316987822089
2022-08-06,SagehenTower1,3.0038841273791737
2022-08-07,SagehenTower1,2.9577820167544284
2022-08-08,SagehenTower1,2.5219553262455077
2022-08-09,SagehenTower1,2.326210234761263
2022-08-10,SagehenTower1,2.9004517193780113
2022-08-11,SagehenTower1,2.8508120512056956
2022-08-12,SagehenTower1,2.815529165633521
2022-08-13,SagehenTower1,2.666759735215363
2022-08-14,SagehenTower1,2.7389775424015763
2022-08-15,SagehenTower1,2.7137873488426805
2022-08-16,SagehenTower1,2.2687530291419398
2022-08-17,SagehenTower1,1.9748132209205609
2022-08-18,SagehenTower1,2.444404917626913
2022-08-19,SagehenTower1,2.7527986113882283
2022-08-20,SagehenTower1,2.7615907520890253
2022-08-21,SagehenTower1,2.7377028384708186
2022-08-22,SagehenTower1,2.681028666545174
2022-08-23,SagehenTower1,2.644377979627041
2022-08-24,SagehenTower1,2.6631829157745943
2022-08-25,SagehenTower1,2.675876267916474
2022-08-26,SagehenTower1,2.5913737967163244
2022-08-27,SagehenTower1,2.578063135908251
2022-08-28,SagehenTower1,2.5658364706781165
2022-08-29,SagehenTower1,2.5058412647998427
2022-08-30,SagehenTower1,2.5698267392784513
2022-08-31,SagehenTower1,2.6137309816911616
2022-09-01,SagehenTower1,2.559031435918676
2022-09-02,SagehenTower1,2.5775859728217356
2022-09-03,SagehenTower1,2.557971091807007
2022-09-04,SagehenTower1,2.524843585272064
2022-09-05,SagehenTower1,2.4935904561473397
2022-09-06,SagehenTower1,2.4489136618139717
2022-09-07,SagehenTower1,2.393351626123639
2022-09-08,SagehenTower1,2.4184704237230976
2022-09-09,SagehenTower1,1.923686387388134
2022-09-10,SagehenTower1,1.711632343832168
2022-09-11,SagehenTower1,1.8550717862499098
2022-09-12,SagehenTower1,1.2246995340737286
2022-09-13,SagehenTower1,1.7907716177048558
2022-09-14,SagehenTower1,1.786091949758082
2022-09-15,SagehenTower1,1.7524922657439812
2022-09-16,SagehenTower1,1.696442589500077
2022-09-17,SagehenTower1,1.6198920817518767
2022-09-18,SagehenTower1,1.5532640784520753
2022-09-19,SagehenTower1,1.0915920474502847
2022-09-20,SagehenTower1,1.2129468138989647
2022-09-21,SagehenTower1,1.0410184444739496
2022-09-22,SagehenTower1,1.735538909071573
2022-09-23,SagehenTower1,1.800492762017485
2022-09-24,SagehenTower1,1.8344537770483773
2022-09-25,SagehenTower1,1.8160163004164234
2022-09-26,SagehenTower1,1.8328021810431818
2022-09-27,SagehenTower1,1.791662903062719
2022-09-28,SagehenTower1,1.7029982990169854
2022-09-29,SagehenTower1,1.6754389746180818
2022-09-30,SagehenTower1,1.6371627379843527
2022-10-01,SagehenTower1,1.589736498797476
2022-10-02,SagehenTower1,1.5912380037624843
2022-10-03,SagehenTower1,1.5888742120448478
2022-10-04,SagehenTower1,1.5588182491547165
2022-10-05,SagehenTower1,1.5303807187266316
2022-10-06,SagehenTower1,1.5001199867984103
2022-10-07,SagehenTower1,1.4345457523455811
2022-10-08,SagehenTower1,1.4362375330174506
2022-10-09,SagehenTower1,1.1662611020370925
2022-10-10,SagehenTower1,1.3173466529755307
2022-10-11,SagehenTower1,1.3543751036298417
2022-10-12,SagehenTower1,1.3220397594387228
2022-10-13,SagehenTower1,1.3071755331772674
2022-10-14,SagehenTower1,1.2860369880853728
2022-10-15,SagehenTower1,1.2519901625755923
2022-10-16,SagehenTower1,1.2141645493931736
2022-10-17,SagehenTower1,1.2318816130474606
2022-10-18,SagehenTower1,1.1583186595394432
2022-10-19,SagehenTower1,1.1581593298529171
2022-10-20,SagehenTower1,1.1455694239553473
2022-10-21,SagehenTower1,1.1246494375529301
2022-10-22,SagehenTower1,0.8380522196684397
2022-10-23,SagehenTower1,0.8041562172545993
2022-10-24,SagehenTower1,0.9435772439110717
2022-10-25,SagehenTower1,0.8533969010570148
2022-10-26,SagehenTower1,0.8631160711535942
2022-10-27,SagehenTower1,0.8290582290434081
2022-10-28,SagehenTower1,0.8664473348559754
2022-10-29,SagehenTower1,0.8291561157937557
2022-10-30,SagehenTower1,0.860324221387241
2022-10-31,SagehenTower1,0.8215562194787414
2022-11-01,SagehenTower1,0.6675299845777238
2022-11-02,SagehenTower1,0.6481211757520596
2022-11-03,SagehenTower1,0.5766930328453892
2022-11-04,SagehenTower1,0.6256196598283187
2022-11-05,SagehenTower1,0.7473219385279293
2022-11-06,SagehenTower1,0.7083364346805172
2022-11-07,SagehenTower1,0.6365282940600901
2022-11-08,SagehenTower1,0.4802070488016724
2022-11-09,SagehenTower1,0.4687751975582525
2022-11-10,SagehenTower1,0.5223625450510326
2022-11-11,SagehenTower1,0.553392185633242
2022-11-12,SagehenTower1,0.6048550540074887
2022-11-13,SagehenTower1,0.5122322253556342
2022-11-14,SagehenTower1,0.5111535381163421
2022-11-15,SagehenTower1,0.5019142488501264
2022-11-16,SagehenTower1,0.5145654298022069
2022-11-17,SagehenTower1,0.5500660144749993
2022-11-18,SagehenTower1,0.47230369816499046
2022-11-19,SagehenTower1,0.45863880962881964
2022-11-20,SagehenTower1,0.48944927896261736
2022-11-21,SagehenTower1,0.5025293343753229
2022-11-22,SagehenTower1,0.5556990615323993
2022-11-23,SagehenTower1,0.5479960155451175
2022-11-24,SagehenTower1,0.5335692436594981
2022-11-25,SagehenTower1,0.5675033309863804
2022-11-26,SagehenTower1,0.5751626657611274
2022-11-27,SagehenTower1,0.5351946343455883
2022-11-28,SagehenTower1,0.49176109726263745
2022-11-29,SagehenTower1,0.4748481996821094
2022-11-30,SagehenTower1,0.49188143657449973
2022-12-01,SagehenTower1,0.4123966900212187
2022-12-02,SagehenTower1,0.33866999723697383
2022-12-03,SagehenTower1,0.40502173953333415
2022-12-04,SagehenTower1,0.5162225395399044
2022-12-05,SagehenTower1,0.48758051114971007
2022-12-06,SagehenTower1,0.42884206736972197
2022-12-07,SagehenTower1,0.3796422732662599
2022-12-08,SagehenTower1,0.3812097156288859
2022-12-09,SagehenTower1,0.4934114142549948
2022-12-10,SagehenTower1,0.5365863411068461
2022-12-11,SagehenTower1,0.43848147528022563
2022-12-12,SagehenTower1,0.40112807352414964
2022-12-13,SagehenTower1,0.5353656532247901
2022-12-14,SagehenTower1,0.4096882120488949
2022-12-15,SagehenTower1,0.40786481204203673
2022-12-16,SagehenTower1,0.39568868957503756
2022-12-17,SagehenTower1,0.3620557619407597
2022-12-18,SagehenTower1,0.35524378239592874
2022-12-19,SagehenTower1,0.3734874312426417
2022-12-20,SagehenTower1,0.5438336058284776
2022-12-21,SagehenTower1,0.49330783056548444
2022-12-22,SagehenTower1,0.4718507351263524
2022-12-23,SagehenTower1,0.5353532881566953
2022-12-24,SagehenTower1,0.4857084473651536
2022-12-25,SagehenTower1,0.5241762136424661
2022-12-26,SagehenTower1,0.5849177753562934
2022-12-27,SagehenTower1,0.528177182619541
2022-12-28,SagehenTower1,0.45127719089726104
2022-12-29,SagehenTower1,0.5123261235073934
2022-12-30,SagehenTower1,0.5798887138403175
2022-12-31,SagehenTower1,0.5340892692051993
2023-01-01,SagehenTower1,0.46109887995733495
2023-01-02,SagehenTower1,0.35651486856763026
2023-01-03,SagehenTower1,0.4421478730803252
2023-01-04,SagehenTower1,0.5268947720963065
2023-01-05,SagehenTower1,0.5098103556061941
2023-01-06,SagehenTower1,0.4740205082559356
2023-01-07,SagehenTower1,0.4750687899759772
2023-01-08,SagehenTower1,0.5174732782129989
2023-01-09,SagehenTower1,0.48685090141035514
2023-01-10,SagehenTower1,0.48318697281813827
2023-01-11,SagehenTower1,0.4991022479608536
2023-01-12,SagehenTower1,0.6175753948173888
2023-01-13,SagehenTower1,0.6251372496896904
2023-01-14,SagehenTower1,0.4943912919249558
2023-01-15,SagehenTower1,0.4661793024434891
2023-01-16,SagehenTower1,0.5049969012987904
2023-01-17,SagehenTower1,0.47576757782838464
2023-01-18,SagehenTower1,0.41509103702274547
2023-01-19,SagehenTower1,0.3916133199102605
2023-01-20,SagehenTower1,0.4111809481998165
2023-01-21,SagehenTower1,0.45750707253498757
2023-01-22,SagehenTower1,0.45208526806724464
2023-01-23,SagehenTower1,0.46146704573706865
2023-01-24,SagehenTower1,0.5059635662355513
2023-01-25,SagehenTower1,0.5181100614951828
2023-01-26,SagehenTower1,0.5813424468022154
2023-01-27,SagehenTower1,0.5470175855640651
2023-01-28,SagehenTower1,0.5457429669404954
2023-01-29,SagehenTower1,0.32284238405538906
2023-01-30,SagehenTower1,0.27658882894276365
2023-01-31,SagehenTower1,0.4497022857706234
2023-02-01,SagehenTower1,0.5860888053189163
2023-02-02,SagehenTower1,0.6400895907289245
2023-02-03,SagehenTower1,0.6214744849736484
2023-02-04,SagehenTower1,0.6917319567936657
2023-02-05,SagehenTower1,0.46931609110922407
2023-02-06,SagehenTower1,0.547755916638928
2023-02-07,SagehenTower1,0.6225223494227254
2023-02-08,SagehenTower1,0.7173084352235496
2023-02-09,SagehenTower1,0.789751601005332
2023-02-10,SagehenTower1,0.7836992440986161
2023-02-11,SagehenTower1,0.6155569943428786
2023-02-12,SagehenTower1,0.7499674178050906
2023-02-13,SagehenTower1,0.8036496110259302
2023-02-14,SagehenTower1,0.5322916147556918
2023-02-15,SagehenTower1,0.5576577270858717
2023-02-16,SagehenTower1,0.5869302400449724
2023-02-17,SagehenTower1,0.7146434147667962
2023-02-18,SagehenTower1,0.7182532961347886
2023-02-19,SagehenTower1,0.8256221303817836
2023-02-20,SagehenTower1,0.9324026966915014
2023-02-21,SagehenTower1,0.7045589050768107
2023-02-22,SagehenTower1,0.3664190376632146
2023-02-23,SagehenTower1,0.36754035117444367
2023-02-24,SagehenTower1,0.41289421551986694
2023-02-25,SagehenTower1,0.6242904128817672
2023-02-26,SagehenTower1,0.6008318564460776
2023-02-27,SagehenTower1,0.45516624221458546
2023-02-28,SagehenTower1,0.4142599682168329
2023-03-01,SagehenTower1,0.4339133336488814
2023-03-02,SagehenTower1,0.7844928198336033
2023-03-03,SagehenTower1,1.0129808694808742
2023-03-04,SagehenTower1,0.5299368610075911
2023-03-05,SagehenTower1,0.5302023709629339
2023-03-06,SagehenTower1,0.5222334953787847
2023-03-07,SagehenTower1,0.6055092439439809
2023-03-08,SagehenTower1,0.7327355986812328
2023-03-09,SagehenTower1,0.8990306322403787
2023-03-10,SagehenTower1,0.8237230593048067
2023-03-11,SagehenTower1,0.20396940742527475
2023-03-12,SagehenTower1,0.05166283902562316
2023-03-13,SagehenTower1,0.026705697287639937
2023-03-15,SagehenTower1,0.3641949665870994
2023-03-16,SagehenTower1,1.2242298515370624
2023-03-17,SagehenTower1,1.303251575173519
2023-03-18,SagehenTower1,1.2591900451257467
2023-03-19,SagehenTower1,0.7974227878263938
2023-03-20,SagehenTower1,1.332568503195129
2023-03-21,SagehenTower1,0.7206749870115501
2023-03-22,SagehenTower1,1.1132021180614384
2023-03-23,SagehenTower1,1.2272726153370555
2023-03-24,SagehenTower1,1.2323222015399382
2023-03-25,SagehenTower1,1.0886517899421533
2023-03-26,SagehenTower1,1.0511802612413346
2023-03-27,SagehenTower1,1.2259286708188282
2023-03-28,SagehenTower1,0.5568459456425405
2023-03-29,SagehenTower1,0.9063885152757916
2023-03-30,SagehenTower1,1.3175856519349214
2023-03-31,SagehenTower1,1.41756115007626
2023-04-01,SagehenTower1,1.2999606458722008
2023-04-02,SagehenTower1,1.43038426353665
2023-04-03,SagehenTower1,0.6063887156840484
2023-04-04,SagehenTower1,1.1913680580424013
2023-04-05,SagehenTower1,1.4618689808968048
2023-04-06,SagehenTower1,1.6131815335352973
2023-04-07,SagehenTower1,0.8514232188548744
2023-04-08,SagehenTower1,1.6966654780083452
2023-04-09,SagehenTower1,2.184449917141935
2023-04-10,SagehenTower1,2.156315973058893
2023-04-11,SagehenTower1,2.008375401095086
2023-04-12,SagehenTower1,2.0102021156847973
2023-04-13,SagehenTower1,1.7675605072594716
2023-04-14,SagehenTower1,1.8776366427826667
2023-04-15,SagehenTower1,2.0245832637793835
2023-04-16,SagehenTower1,2.092794347491851
2023-04-17,SagehenTower1,1.7146228535795935
2023-04-18,SagehenTower1,1.1025207589031678
2023-04-19,SagehenTower1,1.6035369619041435
2023-04-20,SagehenTower1,1.9689764171377113
2023-04-21,SagehenTower1,2.0387336944910692
2023-04-22,SagehenTower1,2.24199424515345
2023-04-23,SagehenTower1,2.1587928861825163
2023-04-24,SagehenTower1,2.286170026942028
2023-04-25,SagehenTower1,2.2471981149061833
2023-04-26,SagehenTower1,2.3743610657235137
2023-04-27,SagehenTower1,2.4802440291846373
2023-04-28,SagehenTower1,2.551229919615102
2023-04-29,SagehenTower1,2.5282270806205145
2023-04-30,SagehenTower1,2.0893171060878744
2023-05-01,SagehenTower1,2.2942782549823306
2023-05-02,SagehenTower1,1.06352194135077
2023-05-03,SagehenTower1,1.4725411646346673
2023-05-04,SagehenTower1,1.0555747887208238
2023-05-05,SagehenTower1,1.5087383629589
2023-05-06,SagehenTower1,1.2760200559509423
2023-05-07,SagehenTower1,1.4264106655124449
2023-05-08,SagehenTower1,1.7440147793684782
2023-05-09,SagehenTower1,1.8927707129077385
2023-05-10,SagehenTower1,2.3445898511234327
2023-05-11,SagehenTower1,2.4996352959237647
2023-05-12,SagehenTower1,2.6245128254581576
2023-05-13,SagehenTower1,2.6571390679095623
2023-05-14,SagehenTower1,2.3261818548502076
2023-05-15,SagehenTower1,2.6783980020861335
2023-05-16,SagehenTower1,2.714355380851555
2023-05-17,SagehenTower1,2.7382753810370835
2023-05-18,SagehenTower1,2.782585962600559
2023-05-19,SagehenTower1,2.8572989455919346
2023-05-20,SagehenTower1,2.9581246008862574
2023-05-21,SagehenTower1,2.9618112779457553
2023-05-22,SagehenTower1,2.7935964683384844
2023-05-23,SagehenTower1,2.0958275498001036
2023-05-24,SagehenTower1,2.5050527651743693
2023-05-25,SagehenTower1,1.8703717347752722
2023-05-26,SagehenTower1,1.9678719123970205
2023-05-27,SagehenTower1,2.65085380610416
2023-05-28,SagehenTower1,1.8580960947430534
2023-05-29,SagehenTower1,2.2546761183722834
2023-05-30,SagehenTower1,1.7964949255605969
2023-05-31,SagehenTower1,2.6890838316926957
2023-06-01,SagehenTower1,2.7065553100975057
2023-06-02,SagehenTower1,2.804885391106605
2023-06-03,SagehenTower1,2.7657359962737194
2023-06-04,SagehenTower1,2.5847987138997586
2023-06-05,SagehenTower1,1.772676610483954
2023-06-06,SagehenTower1,2.28559492818398
2023-06-07,SagehenTower1,2.3285567910488316
2023-06-08,SagehenTower1,1.912439150728305
2023-06-09,SagehenTower1,2.7571232817341502
2023-06-10,SagehenTower1,1.5159532166962284
2023-06-11,SagehenTower1,2.1312151814451563
2023-06-12,SagehenTower1,1.4048200152410646
2023-06-13,SagehenTower1,2.0318277484788454
2023-06-14,SagehenTower1,2.664328462737778
2023-06-15,SagehenTower1,2.8532537058442657
2023-06-16,SagehenTower1,2.8906006426906483
2023-06-17,SagehenTower1,2.8656269452611585
2023-06-18,SagehenTower1,2.994437823275588
2023-06-19,SagehenTower1,2.47019884416257
2023-06-20,SagehenTower1,2.5570163190831545
2023-06-21,SagehenTower1,2.4751853352978412
2023-06-22,SagehenTower1,1.8490202116645273
2023-06-23,SagehenTower1,2.1356464533609647
2023-06-24,SagehenTower1,2.525447128050854
2023-06-25,SagehenTower1,2.8149235882258576
2023-06-26,SagehenTower1,1.7936710250794574
2023-06-27,SagehenTower1,2.074404639920636
2023-06-28,SagehenTower1,2.1399206430411604
2023-06-29,SagehenTower1,2.9750594922831017
2023-06-30,SagehenTower1,3.1280351573529086
2023-07-01,SagehenTower1,3.214857776727571
2023-07-02,SagehenTower1,3.2022833609911854
2023-07-03,SagehenTower1,3.1437926062592423
2023-07-04,SagehenTower1,2.998964257227463
2023-07-05,SagehenTower1,3.1942700655664833
2023-07-06,SagehenTower1,3.0769851413218587
2023-07-07,SagehenTower1,3.0122021138056865
2023-07-08,SagehenTower1,3.0373919148026434
2023-07-09,SagehenTower1,2.9888334434657873
2023-07-10,SagehenTower1,2.977484163881708
2023-07-11,SagehenTower1,2.9105356255985244
2023-07-12,SagehenTower1,2.946459421123379
2023-07-13,SagehenTower1,2.9699245921181063
2023-07-14,SagehenTower1,3.1425929313448955
2023-07-15,SagehenTower1,3.257023113376048
2023-07-16,SagehenTower1,3.0052379165592917
2023-07-17,SagehenTower1,2.9733655749913064
2023-07-18,SagehenTower1,3.1956983426023964
2023-07-19,SagehenTower1,3.1245712387753186
2023-07-20,SagehenTower1,3.096325827055352
2023-07-21,SagehenTower1,3.1129233682299766
2023-07-22,SagehenTower1,3.013637637003871
2023-07-23,SagehenTower1,2.774066201305889
2023-07-24,SagehenTower1,2.510936437392796
2023-07-25,SagehenTower1,3.0032491453539203
2023-07-26,SagehenTower1,2.9557319071046906
2023-07-27,SagehenTower1,3.0457295893670473
2023-07-28,SagehenTower1,3.0210720228480756
2023-07-29,SagehenTower1,2.9788186118474926
2023-07-30,SagehenTower1,2.9463361471136005
2023-07-31,SagehenTower1,3.0117594114240296
2023-08-01,SagehenTower1,2.678404265418006
2023-08-02,SagehenTower1,2.8789827170734967
2023-08-03,SagehenTower1,2.8685410555749455
2023-08-04,SagehenTower1,2.7054029684321836
2023-08-05,SagehenTower1,2.6711485890243574
2023-08-06,SagehenTower1,2.701330808400861
2023-08-07,SagehenTower1,2.848728110681937
2023-08-08,SagehenTower1,2.7785968374701713
2023-08-09,SagehenTower1,2.786523954409286
2023-08-10,SagehenTower1,2.7058271310932915
2023-08-11,SagehenTower1,2.3669493847388994
2023-08-12,SagehenTower1,2.5096573510808113
2023-08-13,SagehenTower1,2.731680908349687
2023-08-14,SagehenTower1,1.661718646186083
2023-08-15,SagehenTower1,2.462032488619635
2023-08-16,SagehenTower1,2.451999219016072
2023-08-17,SagehenTower1,2.702588214330061
2023-08-18,SagehenTower1,2.0265368270631234
2023-08-19,SagehenTower1,2.112602160676798
2023-08-20,SagehenTower1,1.2355708541033847
2023-08-21,SagehenTower1,1.5574183548162626
2023-08-22,SagehenTower1,2.0846386381848174
2023-08-23,SagehenTower1,2.4153792402173604
2023-08-24,SagehenTower1,2.4942338983022263
2023-08-25,SagehenTower1,2.6339574366406637
2023-08-26,SagehenTower1,2.6384083590834915
2023-08-27,SagehenTower1,2.6298855950594047
2023-08-28,SagehenTower1,2.6441659857576134
2023-08-29,SagehenTower1,2.5256449858788845
2023-08-30,SagehenTower1,2.4925265410341115
2023-08-31,SagehenTower1,2.389884269179364
2023-09-01,SagehenTower1,1.1779295722436398
2023-09-02,SagehenTower1,1.2299832141124358
2023-09-03,SagehenTower1,1.194705338668788
2023-09-04,SagehenTower1,2.0283568658956947
2023-09-05,SagehenTower1,2.333893775220359
2023-09-06,SagehenTower1,2.2966246232741208
2023-09-07,SagehenTower1,2.263960450786657
2023-09-08,SagehenTower1,2.241531460421727
2023-09-09,SagehenTower1,2.2827754338608055
2023-09-10,SagehenTower1,2.2730993377482474
2023-09-11,SagehenTower1,2.2491775220862342
2023-09-12,SagehenTower1,2.175294927500656
2023-09-13,SagehenTower1,1.9491980659011923
2023-09-14,SagehenTower1,2.1267578134630827
2023-09-15,SagehenTower1,1.87509162260302
2023-09-16,SagehenTower1,1.6776988772431793
2023-09-17,SagehenTower1,1.9499666523218584
2023-09-18,SagehenTower1,1.574892705234324
2023-09-19,SagehenTower1,1.7016478976062848
2023-09-20,SagehenTower1,1.8669287356613842
2023-09-21,SagehenTower1,1.618800660900664
2023-09-22,SagehenTower1,1.7277930864130906
2023-09-23,SagehenTower1,1.6802725551009101
2023-09-24,SagehenTower1,1.4762282039225818
2023-09-25,SagehenTower1,1.782863853325768
2023-09-26,SagehenTower1,1.7585247977556906
2023-09-27,SagehenTower1,1.6400146408123897
2023-09-28,SagehenTower1,1.633378777908566
2023-09-29,SagehenTower1,1.5588541836150898
2023-09-30,SagehenTower1,1.0144146828351852
2023-10-01,SagehenTower1,0.7807317695821451
2023-10-02,SagehenTower1,1.3736294384876895
2023-10-03,SagehenTower1,1.2482701177723678
2023-10-04,SagehenTower1,1.4920409142612812
2023-10-05,SagehenTower1,1.499595559290708
2023-10-06,SagehenTower1,1.5265772215513775
2023-10-07,SagehenTower1,1.5119022346038369
2023-10-08,SagehenTower1,1.4646286141386857
2023-10-09,SagehenTower1,1.2653299121012982
2023-10-10,SagehenTower1,1.1790175123720403
2023-10-11,SagehenTower1,1.1336074943272407
2023-10-12,SagehenTower1,1.1625708549710436
2023-10-13,SagehenTower1,1.1597344915215753
2023-10-14,SagehenTower1,1.1901836996111754
2023-10-15,SagehenTower1,1.2877124471226342
2023-10-16,SagehenTower1,1.1925856070401106
2023-10-17,SagehenTower1,1.2377506050397649
2023-10-18,SagehenTower1,1.2527168143075873
2023-10-19,SagehenTower1,1.2419396479957248
2023-10-20,SagehenTower1,1.1760787505246124
2023-10-21,SagehenTower1,1.1875927315642285
2023-10-22,SagehenTower1,0.8572518276397056
2023-10-23,SagehenTower1,0.99752075764579
2023-10-24,SagehenTower1,1.0496896346273998
2023-10-25,SagehenTower1,0.7342744973107129
2023-10-26,SagehenTower1,0.8625891082394395
2023-10-27,SagehenTower1,0.818992177261936
2023-10-28,SagehenTower1,0.7345781610917005
2023-10-29,SagehenTower1,0.7609616105522012
2023-10-30,SagehenTower1,0.7989992584259205
2023-10-31,SagehenTower1,0.8415828202092037
2023-11-01,SagehenTower1,0.8384874226491483
2023-11-02,SagehenTower1,0.8797749150676463
2023-11-03,SagehenTower1,0.9504895653061867
2023-11-04,SagehenTower1,0.889444189942852
2023-11-05,SagehenTower1,0.8962670531013859
2023-11-06,SagehenTower1,0.6502780424771372
2023-11-07,SagehenTower1,0.6348707678635782
2023-11-08,SagehenTower1,0.6752658688959575
2023-11-09,SagehenTower1,0.6443043616245593
2023-11-10,SagehenTower1,0.7280977167100536
2023-11-11,SagehenTower1,0.7555798771410615
2023-11-12,SagehenTower1,0.7175983346829771
2023-11-13,SagehenTower1,0.708637805316582
2023-11-14,SagehenTower1,0.6966238566094118
2023-11-15,SagehenTower1,0.6875335452545274
2023-11-16,SagehenTower1,0.6519803965978237
2023-11-17,SagehenTower1,0.6559966188777057
2023-11-18,SagehenTower1,0.5839354788202977
2023-11-19,SagehenTower1,0.5657501146313394
2023-11-20,SagehenTower1,0.5659067773410855
2023-11-21,SagehenTower1,0.6077024659108409
2023-11-22,SagehenTower1,0.6373233961062688
2023-11-23,SagehenTower1,0.5557533642089979
2023-11-24,SagehenTower1,0.4763814915751714
2023-11-25,SagehenTower1,0.4523161168480354
2023-11-26,SagehenTower1,0.46185957713710013
2023-11-27,SagehenTower1,0.478049873726904
2023-11-28,SagehenTower1,0.4908001480244891
2023-11-29,SagehenTower1,0.46522984532874484
2023-11-30,SagehenTower1,0.53623519088256
2023-12-01,SagehenTower1,0.49767398850301203
2023-12-02,SagehenTower1,0.5662220617683797
2023-12-03,SagehenTower1,0.5765616367127994
2023-12-04,SagehenTower1,0.5771880098123796
2023-12-05,SagehenTower1,0.5842725623366675
2023-12-06,SagehenTower1,0.6052910089158045
2023-12-07,SagehenTower1,0.4690139605331841
2023-12-08,SagehenTower1,0.4219462599469234
2023-12-09,SagehenTower1,0.40832102416338995
2023-12-10,SagehenTower1,0.463856461478875
2023-12-11,SagehenTower1,0.46870327733690464
2023-12-12,SagehenTower1,0.4514766094376334
2023-12-13,SagehenTower1,0.43958611777133916
2023-12-14,SagehenTower1,0.4676264251724561
2023-12-15,SagehenTower1,0.47894518681297643
2023-12-16,SagehenTower1,0.49091481261548015
2023-12-17,SagehenTower1,0.5212655109771374
2023-12-18,SagehenTower1,0.5736506725741679
2023-12-19,SagehenTower1,0.5593689830264824
2023-12-20,SagehenTower1,0.540212413401424
2023-12-21,SagehenTower1,0.5364752147483641
2023-12-22,SagehenTower1,0.5038714315070336
2023-12-23,SagehenTower1,0.4779549506946046
2023-12-24,SagehenTower1,0.4808816399670167
2023-12-25,SagehenTower1,0.5876556500871926
2023-12-26,SagehenTower1,0.5669534929738521
2023-12-27,SagehenTower1,0.5759574145669227
2023-12-28,SagehenTower1,0.5987341301904867
2023-12-29,SagehenTower1,0.5471315232368468
2023-12-30,SagehenTower1,0.5196272135640093
2023-12-31,SagehenTower1,0.4703571968519164
2024-01-01,SagehenTower1,0.4828672454604966
2024-01-02,SagehenTower1,0.5032181736957442
2024-01-03,SagehenTower1,0.5084427862689825
2024-01-04,SagehenTower1,0.4770496295169672
2024-01-05,SagehenTower1,0.44260659280425974
2024-01-06,SagehenTower1,0.38476081927635364
2024-01-07,SagehenTower1,0.313188470618426
2024-01-08,SagehenTower1,0.3490726123555943
2024-01-09,SagehenTower1,0.47868037279541603
2024-01-10,SagehenTower1,0.45276225848397744
2024-01-11,SagehenTower1,0.34307812440748586
2024-01-12,SagehenTower1,0.39985621610236965
2024-01-13,SagehenTower1,0.5482574531292048
2024-01-14,SagehenTower1,0.588281227455797
2024-01-15,SagehenTower1,0.5660756315939353
2024-01-16,SagehenTower1,0.5445393995693013
2024-01-17,SagehenTower1,0.5731171056728677
2024-01-18,SagehenTower1,0.6030712865002267
2024-01-19,SagehenTower1,0.6617290137599301
2024-01-20,SagehenTower1,0.5955032648555422
2024-01-21,SagehenTower1,0.6179250727140785
2024-01-22,SagehenTower1,0.6215332614028316
2024-01-23,SagehenTower1,0.6539119735749708
2024-01-24,SagehenTower1,0.6394370179447706
2024-01-25,SagehenTower1,0.6193272208977036
2024-01-26,SagehenTower1,0.6435264415962898
2024-01-27,SagehenTower1,0.7364520277976592
2024-01-28,SagehenTower1,0.7914228377827959
2024-01-29,SagehenTower1,0.7879860721222137
2024-01-30,SagehenTower1,0.7752954015018579
2024-01-31,SagehenTower1,0.7159468027817703
2024-02-01,SagehenTower1,0.6345161774459076
2024-02-02,SagehenTower1,0.5799882805654265
2024-02-03,SagehenTower1,0.5052674759571447
2024-02-04,SagehenTower1,0.5086834553472682
2024-02-05,SagehenTower1,0.49037448552370255
2024-02-06,SagehenTower1,0.5322731037786063
2024-02-07,SagehenTower1,0.5810197374000464
2024-02-08,SagehenTower1,0.5364290718973745
2024-02-09,SagehenTower1,0.5422523423506432
2024-02-10,SagehenTower1,0.6060840542416848
2024-02-11,SagehenTower1,0.6802846546401536
2024-02-12,SagehenTower1,0.7633324332802899
2024-02-13,SagehenTower1,0.7440275441053126
2024-02-14,SagehenTower1,0.5640855960239013
2024-02-15,SagehenTower1,0.7326868480936275
2024-02-16,SagehenTower1,0.6746841195086952
2024-02-17,SagehenTower1,0.6895259822590905
2024-02-18,SagehenTower1,0.9845548282610406
2024-02-19,SagehenTower1,0.6383273831709149
2024-02-20,SagehenTower1,0.852672162217572
2024-02-21,SagehenTower1,0.7821561177661915
2024-02-22,SagehenTower1,0.8912925408810146
2024-02-23,SagehenTower1,0.8314366100984455
2024-02-24,SagehenTower1,1.028727978022048
2024-02-25,SagehenTower1,1.0481989746860323
2024-02-26,SagehenTower1,0.8374185998853154
2024-02-27,SagehenTower1,1.0158089130754706
2024-02-28,SagehenTower1,1.0776410778117569
2024-02-29,SagehenTower1,0.6232032618647095
2024-03-01,SagehenTower1,0.5006904296816403
2024-03-02,SagehenTower1,0.43883952553091615
2024-03-03,SagehenTower1,0.4566025099373527
2024-03-04,SagehenTower1,0.5354901551411837
2024-03-05,SagehenTower1,0.6562563427070413
2024-03-06,SagehenTower1,0.9991760749968943
2024-03-07,SagehenTower1,0.9078093200652506
2024-03-08,SagehenTower1,1.1189934880846193
2024-03-09,SagehenTower1,1.0184334264415715
2024-03-10,SagehenTower1,1.0212011951892928
2024-03-11,SagehenTower1,1.2904667191879649
2024-03-12,SagehenTower1,1.071308648385371
2024-03-13,SagehenTower1,1.1929213249336112
2024-03-14,SagehenTower1,1.2429624828891033
2024-03-15,SagehenTower1,1.3091425781020851
2024-03-16,SagehenTower1,1.4265678508329698
2024-03-17,SagehenTower1,1.4717529146289499
2024-03-18,SagehenTower1,1.5806376959337056
2024-03-19,SagehenTower1,1.6485896400753675
2024-03-20,SagehenTower1,1.5803635912645697
2024-03-21,SagehenTower1,1.7247723239210793
2024-03-22,SagehenTower1,1.440949598457651
2024-03-23,SagehenTower1,0.9429058117793283
2024-03-24,SagehenTower1,1.0642211368885317
2024-03-25,SagehenTower1,1.3445425100616593
2024-03-26,SagehenTower1,1.561638683335653
2024-03-27,SagehenTower1,1.2582972314206289
2024-03-28,SagehenTower1,0.7925473987254347
2024-03-29,SagehenTower1,0.7297608614207249
2024-03-30,SagehenTower1,0.876195072445362
2024-03-31,SagehenTower1,1.2003347082677638
2024-04-01,SagehenTower1,1.6965032931090611
2024-04-02,SagehenTower1,2.0248382442848634
2024-04-03,SagehenTower1,1.5450426521173612
2024-04-04,SagehenTower1,1.166184275418983
2024-04-05,SagehenTower1,0.7567273621060095
2024-04-06,SagehenTower1,1.2898618140292997
2024-04-07,SagehenTower1,1.0950502729356872
2024-04-08,SagehenTower1,1.6628422391016549
2024-04-09,SagehenTower1,2.0423868103988663
2024-04-10,SagehenTower1,1.9846039636206536
2024-04-11,SagehenTower1,2.214241087143064
2024-04-12,SagehenTower1,1.7485897606520353
2024-04-13,SagehenTower1,1.2945429829602828
2024-04-14,SagehenTower1,1.41758955543176
2024-04-15,SagehenTower1,2.0204768919567058
2024-04-16,SagehenTower1,1.51426049973882
2024-04-17,SagehenTower1,2.012130926251497
2024-04-18,SagehenTower1,2.2730283678568295
2024-04-19,SagehenTower1,2.3019983704310643
2024-04-20,SagehenTower1,2.3269814822023354
2024-04-21,SagehenTower1,2.427154417853529
2024-04-22,SagehenTower1,2.404140592014043
2024-04-23,SagehenTower1,1.6235359748851461
2024-04-24,SagehenTower1,2.206625378710861
2024-04-25,SagehenTower1,1.447831893002861
2024-04-26,SagehenTower1,1.620865463434715
2024-04-27,SagehenTower1,2.0512728822155
2024-04-28,SagehenTower1,2.298248656946304
2024-04-29,SagehenTower1,2.30561533076544
2024-04-30,SagehenTower1,2.194873598541198
2024-05-01,SagehenTower1,2.242402481734152
2024-05-02,SagehenTower1,2.2983409619021495
2024-05-03,SagehenTower1,2.4544559420272547
2024-05-04,SagehenTower1,0.6994252087327629
2024-05-05,SagehenTower1,1.6662978045304664
2024-05-06,SagehenTower1,2.207443800313712
2024-05-07,SagehenTower1,2.3079736017604016
2024-05-08,SagehenTower1,2.2059325391931757
2024-05-09,SagehenTower1,2.4894071355041563
2024-05-10,SagehenTower1,2.5756773086612736
2024-05-11,SagehenTower1,2.6434511606115416
2024-05-12,SagehenTower1,2.4337205998368527
2024-05-13,SagehenTower1,2.76991625604327
2024-05-14,SagehenTower1,2.7491962050314656
2024-05-15,SagehenTower1,2.847656001593224
2024-05-16,SagehenTower1,2.8290038131114112
2024-05-17,SagehenTower1,2.8315005814341276
2024-05-18,SagehenTower1,2.81229371300974
2024-05-19,SagehenTower1,2.731950684608354
2024-05-20,SagehenTower1,2.121849878146007
2024-05-21,SagehenTower1,2.5621820663944654
2024-05-22,SagehenTower1,2.6289219405158297
2024-05-23,SagehenTower1,1.8694634138836437
2024-05-24,SagehenTower1,2.3349988890984124
2024-05-25,SagehenTower1,2.5797984101884075
2024-05-26,SagehenTower1,2.6918855272652737
2024-05-27,SagehenTower1,2.8869881719329893
2024-05-28,SagehenTower1,2.845445602368391
2024-05-29,SagehenTower1,2.8429699929646794
2024-05-30,SagehenTower1,2.7667724076516715
2024-05-31,SagehenTower1,2.8807000194345216
2024-06-01,SagehenTower1,2.8679169974653367
2024-06-02,SagehenTower1,2.7833486391904168
2024-06-03,SagehenTower1,1.6978977162684148
2024-06-04,SagehenTower1,3.0504304366534933
2024-06-05,SagehenTower1,3.182798689806933
2024-06-06,SagehenTower1,3.237125884697364
2024-06-07,SagehenTower1,3.2284059516058132
2024-06-08,SagehenTower1,2.594661381849022
2024-06-09,SagehenTower1,3.1325065277556576
2024-06-10,SagehenTower1,2.918855687346672
2024-06-11,SagehenTower1,3.2866625749666945
2024-06-12,SagehenTower1,3.3033311908053413
2024-06-13,SagehenTower1,3.1831744785720217
2024-06-14,SagehenTower1,3.0736676729830243
2024-06-15,SagehenTower1,2.9265810288039398
2024-06-16,SagehenTower1,2.884735898020678
2024-06-17,SagehenTower1,2.5602536848649144
2024-06-18,SagehenTower1,2.556543610308811
2024-06-19,SagehenTower1,2.9009949909891977
2024-06-20,SagehenTower1,2.712024649564793
2024-06-21,SagehenTower1,3.070864225876246
2024-06-22,SagehenTower1,3.3090926329749517
2024-06-23,SagehenTower1,3.248986428011292
2024-06-24,SagehenTower1,3.234351445281613
2024-06-25,SagehenTower1,2.903038513989338
2024-06-26,SagehenTower1,3.1371214327195496
2024-06-27,SagehenTower1,2.9353898239597873
2024-06-28,SagehenTower1,3.1034913495956804
2024-06-29,SagehenTower1,3.143793871202903
2024-06-30,SagehenTower1,2.9659706360469493
2024-07-01,SagehenTower1,3.2159291580366407
2024-07-02,SagehenTower1,3.273958624030207
2024-07-03,SagehenTower1,3.305288260196719
2024-07-04,SagehenTower1,3.320780280325166
2024-07-05,SagehenTower1,3.3945212837489516
2024-07-06,SagehenTower1,3.3905459282926365
2024-07-07,SagehenTower1,3.367933811987044
2024-07-08,SagehenTower1,3.295151955519294
2024-07-09,SagehenTower1,3.3068526396200135
2024-07-10,SagehenTower1,3.28024180638051
2024-07-11,SagehenTower1,3.273381289450081
2024-07-12,SagehenTower1,3.2494758184410744
2024-07-13,SagehenTower1,2.2212001226074736
2024-07-14,SagehenTower1,1.6372129031524711
2024-07-15,SagehenTower1,2.350169133892856
2024-07-16,SagehenTower1,3.1724479606632636
2024-07-17,SagehenTower1,3.063162802161962
2024-07-18,SagehenTower1,3.072059019627881
2024-07-19,SagehenTower1,3.0037804663655203
2024-07-20,SagehenTower1,2.849503310023866
2024-07-21,SagehenTower1,3.2992460995644883
2024-07-22,SagehenTower1,2.699829038307093
2024-07-23,SagehenTower1,3.2759955418596403
2024-07-24,SagehenTower1,3.0665653664863957
2024-07-25,SagehenTower1,3.182139961130934
2024-07-26,SagehenTower1,3.099232641734903
2024-07-27,SagehenTower1,2.6818925709519696
2024-07-28,SagehenTower1,2.540639581160044
2024-07-29,SagehenTower1,2.8210726887277615
2024-07-30,SagehenTower1,2.8503513742718147
2024-07-31,SagehenTower1,2.9120120989339
2024-08-01,SagehenTower1,2.9565615213321683
2024-08-02,SagehenTower1,2.5020054620542553
2024-08-03,SagehenTower1,1.6124412036255926
2024-08-04,SagehenTower1,3.0545982775396605
2024-08-05,SagehenTower1,2.9951219539815366
2024-08-06,SagehenTower1,3.0397180994482245
2024-08-07,SagehenTower1,2.8657031266544863
2024-08-08,SagehenTower1,2.5301437302010785
2024-08-09,SagehenTower1,2.886385694563327
2024-08-10,SagehenTower1,2.8117262681283752
2024-08-11,SagehenTower1,2.457210102416772
2024-08-12,SagehenTower1,2.669680321728404
2024-08-13,SagehenTower1,2.612856088358058
2024-08-14,SagehenTower1,2.6528098599119727
2024-08-15,SagehenTower1,2.6620459232043787
2024-08-16,SagehenTower1,2.6370774263769032
2024-08-17,SagehenTower1,2.362444533081457
2024-08-18,SagehenTower1,2.599083682623907
2024-08-19,SagehenTower1,2.7039741387158687
2024-08-20,SagehenTower1,2.456193184858733
2024-08-21,SagehenTower1,2.506694458964486
2024-08-22,SagehenTower1,2.5342761786291486
2024-08-23,SagehenTower1,2.122542894890653
2024-08-24,SagehenTower1,0.9150619524712404
2024-08-25,SagehenTower1,2.298973319033609
2024-08-26,SagehenTower1,2.4623117076922174
2024-08-27,SagehenTower1,2.553458770631282
2024-08-28,SagehenTower1,2.506076293416457
2024-08-29,SagehenTower1,2.4546710934996367
2024-08-30,SagehenTower1,2.510689658205593
2024-08-31,SagehenTower1,2.384171176747496
2024-09-01,SagehenTower1,2.482990950829748
2024-09-02,SagehenTower1,2.41199941706725
2024-09-03,SagehenTower1,2.334691583576867
2024-09-04,SagehenTower1,2.3508954539720124
2024-09-05,SagehenTower1,2.37681768270408
2024-09-06,SagehenTower1,2.2733217649956905
2024-09-07,SagehenTower1,2.2522326262337544
2024-09-08,SagehenTower1,2.2743399891122573
2024-09-09,SagehenTower1,2.1824991282800545
2024-09-10,SagehenTower1,2.1921012342621107
2024-09-11,SagehenTower1,2.028508114352949
2024-09-12,SagehenTower1,2.003740825257246
2024-09-13,SagehenTower1,2.0545474004935276
2024-09-14,SagehenTower1,2.0650478994001684
2024-09-15,SagehenTower1,1.8838469747183273
2024-09-16,SagehenTower1,1.2131066435056068
2024-09-17,SagehenTower1,1.1531074573503155
2024-09-18,SagehenTower1,1.1035224116620155
2024-09-19,SagehenTower1,1.53509402180778
2024-09-20,SagehenTower1,1.7923569055167092
2024-09-21,SagehenTower1,1.8319219377121903
2024-09-22,SagehenTower1,1.8177759922760188
2024-09-23,SagehenTower1,1.7654867334094426
2024-09-24,SagehenTower1,1.814482689217217
2024-09-25,SagehenTower1,1.7789990135716593
2024-09-26,SagehenTower1,1.7851016738001755
2024-09-27,SagehenTower1,1.737973265736584
2024-09-28,SagehenTower1,1.7044232463608016
2024-09-29,SagehenTower1,1.6626937096079972
2024-09-30,SagehenTower1,1.6338508092282877
2024-10-01,SagehenTower1,1.6531238760782352
2024-10-02,SagehenTower1,1.6436930482769614
2024-10-03,SagehenTower1,1.5756591214094453
2024-10-04,SagehenTower1,1.4510696737779356
2024-10-05,SagehenTower1,1.4338938457214063
2024-10-06,SagehenTower1,1.3648265400156505
2024-10-07,SagehenTower1,1.4584829736676448
2024-10-08,SagehenTower1,1.4396169584768603
2024-10-09,SagehenTower1,1.3380865835629354
2024-10-10,SagehenTower1,1.3391508997133874
2024-10-11,SagehenTower1,1.3166241641804681
2024-10-12,SagehenTower1,1.2960257336370566
2024-10-13,SagehenTower1,1.2661379579092156
2024-10-14,SagehenTower1,1.270708777369103
2024-10-15,SagehenTower1,1.2644020317208273
2024-10-16,SagehenTower1,0.7769020233864251
2024-10-17,SagehenTower1,0.9226371127244594
2024-10-18,SagehenTower1,0.9377787597180597
2024-10-19,SagehenTower1,1.0109557153982576
2024-10-20,SagehenTower1,1.0670376801922818
2024-10-21,SagehenTower1,1.0755541172939946
2024-10-22,SagehenTower1,1.0426066531983196
2024-10-23,SagehenTower1,1.0460787220705068
2024-10-24,SagehenTower1,0.9746762727154746
2024-10-25,SagehenTower1,0.9337976360928656
2024-10-26,SagehenTower1,0.9796520504418048
2024-10-27,SagehenTower1,1.0565103230203903
2024-10-28,SagehenTower1,0.78202277140311
2024-10-29,SagehenTower1,0.7457182689114564
2024-10-30,SagehenTower1,0.6746615513446773
2024-10-31,SagehenTower1,0.7194588612115544
2024-11-01,SagehenTower1,0.7156603428047881
2024-11-02,SagehenTower1,0.7292096387305764
2024-11-03,SagehenTower1,0.6676256548559673
2024-11-04,SagehenTower1,0.7770137898892258
2024-11-05,SagehenTower1,0.7459926101812123
2024-11-06,SagehenTower1,0.6503287545872004
2024-11-07,SagehenTower1,0.6997568806054535
2024-11-08,SagehenTower1,0.755930703018415
2024-11-09,SagehenTower1,0.7412289977745196
2024-11-10,SagehenTower1,0.7607585344683374
2024-11-11,SagehenTower1,0.6125007307746324
2024-11-12,SagehenTower1,0.6107604525435796
2024-11-13,SagehenTower1,0.6106243762625019
2024-11-14,SagehenTower1,0.6059383038654803
2024-11-15,SagehenTower1,0.4684401071335865
2024-11-16,SagehenTower1,0.49202798941215287
2024-11-17,SagehenTower1,0.6109520684968506
2024-11-18,SagehenTower1,0.48577549633268385
2024-11-19,SagehenTower1,0.4711878997730616
2024-11-20,SagehenTower1,0.6141067758818587
2024-11-21,SagehenTower1,0.6289096484959117
2024-11-22,SagehenTower1,0.64706069133298
2024-11-23,SagehenTower1,0.5305316147338462
2024-11-24,SagehenTower1,0.5324703064474217
2024-11-25,SagehenTower1,0.5657015232160202
2024-11-26,SagehenTower1,0.4987878463225777
2024-11-27,SagehenTower1,0.47319298711839225
2024-11-28,SagehenTower1,0.4586807825261434
2024-11-29,SagehenTower1,0.4721712797297031
2024-11-30,SagehenTower1,0.48081387001625725
2024-12-01,SagehenTower1,0.5336762982869461
2024-12-02,SagehenTower1,0.5801323796580763
2024-12-03,SagehenTower1,0.5496917494307777
2024-12-04,SagehenTower1,0.5510529951372481
2024-12-05,SagehenTower1,0.5491901940750573
2024-12-06,SagehenTower1,0.5204395471941582
2024-12-07,SagehenTower1,0.5436003057432055
2024-12-08,SagehenTower1,0.48728788189520467
2024-12-09,SagehenTower1,0.4074501191743592
2024-12-10,SagehenTower1,0.432544042017319
2024-12-11,SagehenTower1,0.48154256077101354
2024-12-12,SagehenTower1,0.5632310520339074
2024-12-13,SagehenTower1,0.512629403510398
2024-12-14,SagehenTower1,0.45606298864748646
2024-12-15,SagehenTower1,0.37840299026679414
2024-12-16,SagehenTower1,0.5129168563809123
2024-12-17,SagehenTower1,0.5323766658448855
2024-12-18,SagehenTower1,0.4680715493566818
2024-12-19,SagehenTower1,0.47062164873838674
2024-12-20,SagehenTower1,0.5350635573337892
2024-12-21,SagehenTower1,0.6181414670731931
2024-12-22,SagehenTower1,0.5887830319489453
2024-12-23,SagehenTower1,0.5767800075109238
2024-12-24,SagehenTower1,0.5433406728038748
2024-12-25,SagehenTower1,0.4509374937190048
2024-12-26,SagehenTower1,0.5454999051739329
2024-12-27,SagehenTower1,0.5672758474407841
2024-12-28,SagehenTower1,0.5955954956139659
2024-12-29,SagehenTower1,0.5432230983352184
2024-12-30,SagehenTower1,0.46887251156403176
2024-12-31,SagehenTower1,0.4768272197460518
2025-01-01,SagehenTower1,0.5260507782373783
2025-01-02,SagehenTower1,0.6088805733553861
2025-01-03,SagehenTower1,0.5891402354061708
2025-01-04,SagehenTower1,0.4554204417067502
2025-01-05,SagehenTower1,0.5467667541475842
2025-01-06,SagehenTower1,0.5566697504464991
2025-01-07,SagehenTower1,0.5147552817905681
2025-01-08,SagehenTower1,0.48990081288661136
2025-01-09,SagehenTower1,0.4809446795698282
2025-01-10,SagehenTower1,0.5555552595436601
2025-01-11,SagehenTower1,0.46457401628473427
2025-01-12,SagehenTower1,0.4115866937563312
2025-01-13,SagehenTower1,0.44203871631400216
2025-01-14,SagehenTower1,0.48733287376193535
2025-01-15,SagehenTower1,0.5173008808871563
2025-01-16,SagehenTower1,0.5323248863980707
2025-01-17,SagehenTower1,0.5400458687480633
2025-01-18,SagehenTower1,0.5182065420133433
2025-01-19,SagehenTower1,0.5240005005156684
2025-01-20,SagehenTower1,0.45511269597670984
2025-01-21,SagehenTower1,0.5452899271745782
2025-01-22,SagehenTower1,0.5387463922371054
2025-01-23,SagehenTower1,0.5947041852405266
2025-01-24,SagehenTower1,0.6207564643537701
2025-01-25,SagehenTower1,0.5083403749755818
2025-01-26,SagehenTower1,0.46728349326475105
2025-01-27,SagehenTower1,0.5052234165365773
2025-01-28,SagehenTower1,0.5371375725329098
2025-01-29,SagehenTower1,0.6029867682574984
2025-01-30,SagehenTower1,0.6291477225383308
2025-01-31,SagehenTower1,0.5815006004301497
2025-02-01,SagehenTower1,0.6302877683051832
2025-02-02,SagehenTower1,0.6335251299229692
2025-02-03,SagehenTower1,0.6861665987486155
2025-02-04,SagehenTower1,0.5796194857761626
2025-02-05,SagehenTower1,0.6178756786167919
2025-02-06,SagehenTower1,0.6390963873643474
2025-02-07,SagehenTower1,0.5734022713174952
2025-02-08,SagehenTower1,0.6180922634997209
2025-02-09,SagehenTower1,0.5982610539841923
2025-02-10,SagehenTower1,0.6354283475447556
2025-02-11,SagehenTower1,0.59834162507072
2025-02-12,SagehenTower1,0.5746957152311992
2025-02-13,SagehenTower1,0.528523371801575
2025-02-14,SagehenTower1,0.5808345125973363
2025-02-15,SagehenTower1,0.7154517980868016
2025-02-16,SagehenTower1,0.8531779640334365
2025-02-17,SagehenTower1,0.7733629986286434
2025-02-18,SagehenTower1,0.8571675851973892
2025-02-19,SagehenTower1,0.8120305162198465
2025-02-20,SagehenTower1,0.8358335880471799
2025-02-21,SagehenTower1,0.9586680094465334
2025-02-22,SagehenTower1,1.038398189740796
2025-02-23,SagehenTower1,0.9603811416370079
2025-02-24,SagehenTower1,1.0249009406202663
2025-02-25,SagehenTower1,1.1129031428824205
2025-02-26,SagehenTower1,1.0689187987163242
2025-02-27,SagehenTower1,1.1336992868284987
2025-02-28,SagehenTower1,1.1559953094807371
2025-03-01,SagehenTower1,1.1875977587334379
2025-03-02,SagehenTower1,0.8881276127134599
2025-03-03,SagehenTower1,1.0405400462675551
2025-03-04,SagehenTower1,0.8793110514745016
2025-03-05,SagehenTower1,0.7241615423674431
2025-03-06,SagehenTower1,0.5537636341620913
2025-03-07,SagehenTower1,0.855534696234919
2025-03-08,SagehenTower1,1.187467917176874
2025-03-09,SagehenTower1,1.2941212382116938
2025-03-10,SagehenTower1,1.1687689441566662
2025-03-11,SagehenTower1,1.3155770659590036
2025-03-12,SagehenTower1,0.7349889715450196
2025-03-13,SagehenTower1,0.9762603812841241
2025-03-14,SagehenTower1,0.7594456749842623
2025-03-15,SagehenTower1,1.1597044524475826
2025-03-16,SagehenTower1,1.3975828045100418
2025-03-17,SagehenTower1,0.5704714733357865
2025-03-18,SagehenTower1,1.2981409992525677
2025-03-19,SagehenTower1,1.144387956873968
2025-03-20,SagehenTower1,1.4150170108240359
2025-03-21,SagehenTower1,1.1975070594370498
2025-03-22,SagehenTower1,1.0802796028335981
2025-03-23,SagehenTower1,1.7180285893783411
2025-03-24,SagehenTower1,1.8383187011702493
2025-03-25,SagehenTower1,1.9049782245297449
2025-03-26,SagehenTower1,1.7888340996127834
2025-03-27,SagehenTower1,1.273736522588865
2025-03-28,SagehenTower1,1.2829149433245306
2025-03-29,SagehenTower1,1.5350170061856692
2025-03-30,SagehenTower1,1.0797315427526442
2025-03-31,SagehenTower1,0.5164514692708804
2025-04-01,SagehenTower1,0.5326719652575077
2025-04-02,SagehenTower1,0.629120876993166
2025-04-03,SagehenTower1,1.2316690252272
2025-04-04,SagehenTower1,1.6310172802355776
2025-04-05,SagehenTower1,1.7023126876810228
2025-04-06,SagehenTower1,1.75470294599893
2025-04-07,SagehenTower1,1.1732397978043896
2025-04-08,SagehenTower1,2.0560272606434085
2025-04-09,SagehenTower1,2.162094888334695
2025-04-10,SagehenTower1,1.9670474329814578
2025-04-11,SagehenTower1,2.0146960660169184
2025-04-12,SagehenTower1,2.1376039666075446
2025-04-13,SagehenTower1,2.0666261833101784
2025-04-14,SagehenTower1,2.181091015726773
2025-04-15,SagehenTower1,1.6236523124388011
2025-04-16,SagehenTower1,1.6350747182315846
2025-04-17,SagehenTower1,2.1209365539659406
2025-04-18,SagehenTower1,1.9801936991737015
2025-04-19,SagehenTower1,2.1655837511988496
2025-04-20,SagehenTower1,2.3435923808182433
2025-04-21,SagehenTower1,2.2882032436705657
2025-04-22,SagehenTower1,2.320457682593059
2025-04-23,SagehenTower1,2.2419436560014168
2025-04-24,SagehenTower1,2.0127152889463935
2025-04-25,SagehenTower1,1.6687179178740452
2025-04-26,SagehenTower1,1.0501336817580773
2025-04-27,SagehenTower1,0.7885224519623433
2025-04-28,SagehenTower1,1.9884577858595822
2025-04-29,SagehenTower1,2.150312195566767
2025-04-30,SagehenTower1,2.1873080619940315
2025-05-01,SagehenTower1,2.511299207759003
2025-05-02,SagehenTower1,2.5388444098466842
2025-05-03,SagehenTower1,1.7472505174201745
2025-05-04,SagehenTower1,1.0273827359773968
2025-05-05,SagehenTower1,2.4269511812459803
2025-05-06,SagehenTower1,2.3438024337940893
2025-05-07,SagehenTower1,2.5655633915624123
2025-05-08,SagehenTower1,2.627947474397181
2025-05-09,SagehenTower1,2.7717560396678844
2025-05-10,SagehenTower1,2.8019767816056533
2025-05-11,SagehenTower1,2.72385342609963
2025-05-12,SagehenTower1,1.4468391467362822
2025-05-13,SagehenTower1,1.7638479099672921
2025-05-14,SagehenTower1,1.9478795673311164
2025-05-15,SagehenTower1,2.54251185074852
2025-05-16,SagehenTower1,2.0045340177315576
2025-05-17,SagehenTower1,1.7686816132948644
2025-05-18,SagehenTower1,2.530174140794484
2025-05-19,SagehenTower1,2.682617227654224
2025-05-20,SagehenTower1,2.694924078505923
2025-05-21,SagehenTower1,2.749740488978415
2025-05-22,SagehenTower1,2.729641570723622
2025-05-23,SagehenTower1,2.693797906398643
2025-05-24,SagehenTower1,2.8599889325680388
2025-05-25,SagehenTower1,2.8216522850751407
2025-05-26,SagehenTower1,2.652850170032328
2025-05-27,SagehenTower1,2.9034567607596253
2025-05-28,SagehenTower1,2.9719091103429065
2025-05-29,SagehenTower1,2.978119037088482
2025-05-30,SagehenTower1,3.19152512177421
2025-05-31,SagehenTower1,3.1685095675928685
2025-06-01,SagehenTower1,2.7807628305815006
2025-06-02,SagehenTower1,2.9996774147274663
2025-06-03,SagehenTower1,3.024783168940556
2025-06-04,SagehenTower1,2.9479891055484972
2025-06-05,SagehenTower1,2.8974836583552004
2025-06-06,SagehenTower1,2.587379825522363
2025-06-07,SagehenTower1,2.8529671145281834
2025-06-08,SagehenTower1,2.5905843941931326
2025-06-09,SagehenTower1,2.794559695961738
2025-06-10,SagehenTower1,3.2405877894571504
2025-06-11,SagehenTower1,3.114633586555313
2025-06-12,SagehenTower1,2.9259567380427174
2025-06-13,SagehenTower1,3.021158244918338
2025-06-14,SagehenTower1,2.6078899691148525
2025-06-15,SagehenTower1,2.7838926787670486
2025-06-16,SagehenTower1,2.9318980302488256
2025-06-17,SagehenTower1,3.0314270382211475
2025-06-18,SagehenTower1,3.236880909121361
2025-06-19,SagehenTower1,3.123089790180869
2025-06-20,SagehenTower1,2.7405725415836515
2025-06-21,SagehenTower1,1.6579518264058761
2025-06-22,SagehenTower1,1.813712604263026
2025-06-23,SagehenTower1,2.3894268100685867
2025-06-24,SagehenTower1,2.7727274833693527
2025-06-25,SagehenTower1,3.0598915650126446
2025-06-26,SagehenTower1,3.0223419547903823
2025-06-27,SagehenTower1,3.0800160351824277
2025-06-28,SagehenTower1,3.203261523843082
2025-06-29,SagehenTower1,3.199471541905639
2025-06-30,SagehenTower1,3.337848249485518
2025-07-01,SagehenTower1,2.8157674101820707
2025-07-02,SagehenTower1,3.0231794067385547
2025-07-03,SagehenTower1,2.9187019756152237
2025-07-04,SagehenTower1,2.9600786507998964
2025-07-05,SagehenTower1,2.9693232528255886
2025-07-06,SagehenTower1,3.1564986854567407
2025-07-07,SagehenTower1,3.204351270448163
2025-07-08,SagehenTower1,3.1767202660936045
2025-07-09,SagehenTower1,3.1664615142667114
2025-07-10,SagehenTower1,3.128839257065148
2025-07-11,SagehenTower1,3.1285550807135083
2025-07-12,SagehenTower1,3.1701260235772466
2025-07-13,SagehenTower1,3.320037174400263
2025-07-14,SagehenTower1,3.2792803939107613
2025-07-15,SagehenTower1,3.1736368675293756
2025-07-16,SagehenTower1,3.1436755428165215
2025-07-17,SagehenTower1,3.1601885391124775
2025-07-18,SagehenTower1,3.0673775203201314
2025-07-19,SagehenTower1,3.086151657075781
2025-07-20,SagehenTower1,3.061431064068645
2025-07-21,SagehenTower1,2.0568289768584167
2025-07-22,SagehenTower1,1.959576005738247
2025-07-23,SagehenTower1,2.8979536787370126
2025-07-24,SagehenTower1,2.5157726948626036
2025-07-25,SagehenTower1,2.122583295107887
2025-07-26,SagehenTower1,1.9615029605862107
2025-07-27,SagehenTower1,2.5768994306335573
2025-07-28,SagehenTower1,2.95178852669177
2025-07-29,SagehenTower1,2.964603676011373
2025-07-30,SagehenTower1,2.7405898508916957
2025-07-31,SagehenTower1,2.9391619142485483
2025-08-01,SagehenTower1,2.8210700903872787
2025-08-02,SagehenTower1,2.8368284824582393
2025-08-03,SagehenTower1,2.7622799143913492
2025-08-04,SagehenTower1,2.788394723006891
2025-08-05,SagehenTower1,2.7549031554825425
2025-08-06,SagehenTower1,2.632768675773508
2025-08-07,SagehenTower1,2.8041826528373304
2025-08-08,SagehenTower1,2.888634261520782
2025-08-09,SagehenTower1,2.951963586211818
2025-08-10,SagehenTower1,3.001337042533207
2025-08-11,SagehenTower1,2.928590349388889
2025-08-12,SagehenTower1,2.939529658506157
2025-08-13,SagehenTower1,2.7071378499329395
2025-08-14,SagehenTower1,2.7230432781893468
2025-08-15,SagehenTower1,2.7075479072940905
2025-08-16,SagehenTower1,2.7329593085433106
2025-08-17,SagehenTower1,2.7113350344559217
2025-08-18,SagehenTower1,2.7487265775767633
2025-08-19,SagehenTower1,2.6583448796227906
2025-08-20,SagehenTower1,2.633264828016919
2025-08-21,SagehenTower1,2.6900636662491775
2025-08-22,SagehenTower1,2.5497891962291126
2025-08-23,SagehenTower1,2.375164261740887
2025-08-24,SagehenTower1,1.7300992554609889
2025-08-25,SagehenTower1,1.5752447555321627
2025-08-26,SagehenTower1,1.8278635497073192
2025-08-27,SagehenTower1,1.9017256890455843
2025-08-28,SagehenTower1,1.8675843016536167
2025-08-30,SagehenTower1,2.4455022096168593
2025-08-31,SagehenTower1,2.5483430621663654
2025-09-01,SagehenTower1,2.5537389866340696
2025-09-02,SagehenTower1,1.5975555341284635
2025-09-03,SagehenTower1,2.0308048893528547
2025-09-04,SagehenTower1,2.38131243451028
2025-09-05,SagehenTower1,2.430317533707825
2025-09-06,SagehenTower1,2.304333062840929
2025-09-07,SagehenTower1,2.113768078953521
2025-09-08,SagehenTower1,2.3191792248926117
2025-09-09,SagehenTower1,1.7764123707722548
2025-09-10,SagehenTower1,1.641714786042934
2025-09-11,SagehenTower1,1.5912362522244268
2025-09-12,SagehenTower1,1.8066523009273827
2025-09-13,SagehenTower1,1.813850900254618
2025-09-14,SagehenTower1,2.096456287829952
2025-09-15,SagehenTower1,2.08632550045652
2025-09-16,SagehenTower1,2.099927807178403
2025-09-17,SagehenTower1,2.0855682722508684
2025-09-18,SagehenTower1,1.5788952225385386
2025-09-19,SagehenTower1,1.2542266984841461
2025-09-20,SagehenTower1,1.950117156512303
2025-09-21,SagehenTower1,1.575490148905601
2025-09-22,SagehenTower1,1.9136871694050506
2025-09-23,SagehenTower1,1.8501514666537417
2025-09-24,SagehenTower1,1.7951545580605435
2025-09-25,SagehenTower1,1.3767161836940838
2025-09-26,SagehenTower1,1.7932754444324872
2025-09-27,SagehenTower1,1.6133771971142716
2025-09-28,SagehenTower1,1.7648674671399764
2025-09-29,SagehenTower1,1.1942060808045616
2025-09-30,SagehenTower1,1.2132027701196701
2025-10-01,SagehenTower1,0.9522975805736029
2025-10-02,SagehenTower1,0.7587823739645748
2025-10-03,SagehenTower1,1.1899727072364328
2025-10-04,SagehenTower1,1.4231883140144137
2025-10-05,SagehenTower1,1.398574286559082
2025-10-06,SagehenTower1,1.419430484560516
2025-10-07,SagehenTower1,1.4215076735534102
2025-10-08,SagehenTower1,1.3825055865784526
2025-10-09,SagehenTower1,1.5108517220650401
2025-10-10,SagehenTower1,1.410173831261808
2025-10-11,SagehenTower1,1.162646887999131
2025-10-12,SagehenTower1,1.1791673813508015
2025-10-13,SagehenTower1,0.7500321769026536
2025-10-14,SagehenTower1,0.6847461584361338
2025-10-15,SagehenTower1,0.6604044274456173
2025-10-16,SagehenTower1,1.129458043287976
2025-10-17,SagehenTower1,1.1638847461480388
2025-10-18,SagehenTower1,1.2505708927016501
2025-10-19,SagehenTower1,1.161513222954004
2025-10-20,SagehenTower1,1.146593878242485
2025-10-21,SagehenTower1,1.1605017388480985
2025-10-22,SagehenTower1,0.8537440101670073
2025-10-23,SagehenTower1,1.0841506652458444
2025-10-24,SagehenTower1,1.0233518231755776
2025-10-25,SagehenTower1,0.7951942707748929
2025-10-26,SagehenTower1,0.7938995599646471
2025-10-27,SagehenTower1,0.987611417454056
2025-10-28,SagehenTower1,1.0294877994000826
2025-10-29,SagehenTower1,1.0422202255783222
2025-10-30,SagehenTower1,1.0006116135774188
2025-10-31,SagehenTower1,0.9844746641814487
2025-11-01,SagehenTower1,0.9717426364177157
2025-11-02,SagehenTower1,0.966465169013952
2025-11-03,SagehenTower1,0.923829277231515
2025-11-04,SagehenTower1,0.9853072975947164
2025-11-05,SagehenTower1,0.7189265286806374
2025-11-06,SagehenTower1,0.8684840265423902
2025-11-07,SagehenTower1,0.8342503638886205
2025-11-08,SagehenTower1,0.8704734054024492
