#,well_id,date,source,start depth (cm),stop depth (cm),start depth (in),stop depth (in),horizon,organic matter,soil texture,water content,roots,color,redox,notes,field_well_id,well_field_id,rename_reason,rename_date,meadow_id,plant_type,hydrogeo_zone,texture,sub-class,soil texture code,gravel size,gravel amount
1,EER-1,5/30/18,black spiral,0,10,,,,,"clay, HO",moist,C/F-M,dark brown,,crumbly,EER-1,,,,East,Sedge,Riparian,clay,HO,C,,0
,EER-1,5/30/18,black spiral,20,41,,,,,"clay, HO",moist,"C/VF, F/F-M",dark brown,,"slick, smooth",EER-1,,,,East,Sedge,Riparian,clay,HO,C,,0
,EER-1,5/30/18,black spiral,41,51,,,,,"clay, GS, MK",saturated,"M/M, C/VF-F",dark brown,,,EER-1,,,,East,Sedge,Riparian,clay,"GS, MK",C,,0
,EER-1,5/30/18,black spiral,51,61,,,,,"sandy clay, GR",saturated,C/VF-M,dark brown,,rounded GR,EER-1,,,,East,Sedge,Riparian,sandy clay,GR,SC,"(5, 20)","(0.15, 0.35)"
,EER-1,5/30/18,black spiral,61,73,,,,,"sandy clay, F-MGR",saturated,C/M,dark brown,,rounded F-M GR,EER-1,,,,East,Sedge,Riparian,sandy clay,F-MGR,SC,,0
,EER-1,6/5/24,yellow p137,73,74,,,,,"clay, GR",,,,,"transition from clay to rounded gravels; replaced well, seemed to be frost-heaved, unable to deepen",EER-1,,,,East,Sedge,Riparian,clay,GR,C,"(5, 20)","(0.15, 0.35)"
2,EHR-1,5/30/18,black spiral,0,5.08,0,2,,,"clay, HO",moist,M/F-M,dark brown,,crumbly,EHR-1,,,,East,Mixed Herbaceous,Riparian,clay,HO,C,,0
,EHR-1,5/30/18,black spiral,5.08,30.48,2,12,,,clay,moist,M/F-M,dark brown,,slick,EHR-1,,,,East,Mixed Herbaceous,Riparian,clay,,C,,0
,EHR-1,5/30/18,black spiral,30.48,48.26,12,19,,,sandy clay,moist,M/F-M,dark brown,,,EHR-1,,,,East,Mixed Herbaceous,Riparian,sandy clay,,SC,,0
,EHR-1,5/30/18,black spiral,48.26,74.93,19,29.5,,,sandy clay to silty clay,saturated,M/F-M,light brown,,,EHR-1,,,,East,Mixed Herbaceous,Riparian,sandy clay to silty clay,,SC,,0
,EHR-1,5/30/18,black spiral,74.93,86.36,29.5,34,,fibrous,clay loam,moist,M/M-F,dark brown,,did not appear as saturated,EHR-1,,,,East,Mixed Herbaceous,Riparian,clay loam,,CL,,0
,EHR-1,5/30/18,black spiral,86.36,96.52,34,38,,,"clay loam, GR",saturated,F/M-F,med brown,,rounded GR,EHR-1,,,,East,Mixed Herbaceous,Riparian,clay loam,GR,CL,"(5, 20)","(0.15, 0.35)"
,EHR-1,5/30/18,black spiral,96.52,104.14,38,41,,,"clay, GR",saturated,F/M-F,med brown,,rounded GR,EHR-1,,,,East,Mixed Herbaceous,Riparian,clay,GR,C,"(5, 20)","(0.15, 0.35)"
3,EWR-1,5/31/18,black spiral,0,22.86,0,9,,"grassy, fibrous","clay, GS, HO",saturated,"M/M-F, F/C",dark brown,,,EWR-1,,,,East,Willow,Riparian,clay,"GS, HO",C,,0
,EWR-1,5/31/18,black spiral,22.86,27.94,9,11,,,"sandy clay, GR",saturated,M/F,brown,,rounded  pebbles,EWR-1,,,,East,Willow,Riparian,sandy clay,GR,SC,"(5, 20)","(0.15, 0.35)"
,EWR-1,5/31/18,black spiral,27.94,40.64,11,16,,,clay,saturated,,,,,EWR-1,,,,East,Willow,Riparian,clay,,C,,0
4,EEF-1,5/31/18,black spiral,0,10.16,0,4,,"grassy, fibrous","HO, GS, MPT",sturated,M/VF-M,dark black brown,,,EEF-1,,,,East,Sedge,Fan,ho,"GS, MPT",HO,,0
,EEF-1,5/31/18,black spiral,10.16,22.86,4,9,,,clay,saturated,M/VF-M,dark brown,,,EEF-1,,,,East,Sedge,Fan,clay,,C,,0
,EEF-1,5/31/18,black spiral,22.86,40.64,9,16,,,"clay silt, GR",saturated,"C/F, M/VF","dark brown, grayish blue",,3mm pebbles,EEF-1,,,,East,Sedge,Fan,clay silt,GR,SIC,"(5, 20)","(0.15, 0.35)"
,EEF-1,5/31/18,black spiral,40.64,55.88,16,22,,,"sandy clay, VGR",saturated,C/F,mottled tan,,"angular gravel, 5-12 mm",EEF-1,,,,East,Sedge,Fan,sandy clay,VGR,SC,"(5, 20)","(0.35, 0.6)"
,EEF-1,5/31/18,black spiral,55.88,71.12,22,28,,,"clay loam, GR",saturated,"C/VF, F, M-F",mottled tan,,whole and decomposing gravel,EEF-1,,,,East,Sedge,Fan,clay loam,GR,CL,"(5, 20)","(0.15, 0.35)"
,EEF-1,5/31/18,black spiral,71.12,96.52,28,38,,,"clay loam, GR",saturated,F/VF-F,mottled tan,,"few fiber chunks, whole and decomposing gravel",EEF-1,,,,East,Sedge,Fan,clay loam,GR,CL,"(5, 20)","(0.15, 0.35)"
5,EET-1,5/31/18,black spiral,0,10.16,0,4,Oi,,HO,moist,M/VF-F,dark black brown,,humic (incompletely decomposed and porous),EET-1,,,,East,Sedge,Terrace,ho,,HO,,0
,EET-1,5/31/18,black spiral,10.16,25.4,4,10,,,clay,moist,C/F-M,dark brown,,"small bits of broken, subangular gravel",EET-1,,,,East,Sedge,Terrace,clay,,C,,0
,EET-1,5/31/18,black spiral,25.4,45.72,10,18,,,"sandy clay, GR",saturated,F/VF-F,brown-tan,,"subangular gravel, large sand to 8 mm",EET-1,,,,East,Sedge,Terrace,sandy clay,GR,SC,"(5, 20)","(0.15, 0.35)"
,EET-1,5/31/18,black spiral,45.72,64.77,18,25.5,,,"sandy clay loam, VGR",saturated,F/VF-F,brown-tan,,,EET-1,,,,East,Sedge,Terrace,sandy clay loam,VGR,SCL,"(5, 20)","(0.35, 0.6)"
,EET-1,5/31/18,black spiral,64.77,76.2,25.5,30,,,"loam, FGR",,F/F,brown-tan,,,EET-1,,,,East,Sedge,Terrace,loam,FGR,L,"(2, 5)","(0.15, 0.35)"
,EET-1,5/31/18,black spiral,76.2,88.9,30,35,,,"loam, GR",,C/F-M,"brown-tan, mottled",,decomposing gravel,EET-1,,,,East,Sedge,Terrace,loam,GR,L,"(5, 20)","(0.15, 0.35)"
,EET-1,5/31/18,black spiral,88.9,95.25,35,37.5,,fibrous,sandy clay loam,,,"brown-tan, mottled",,decomposing gravel,EET-1,,,,East,Sedge,Terrace,sandy clay loam,,SCL,,0
,EET-1,5/31/18,black spiral,95.25,99.06,37.5,39,,fibrous,sandy clay loam,,C/VF,"brown-tan, mottled, colorful",,,EET-1,,,,East,Sedge,Terrace,sandy clay loam,,SCL,,0
6,EWF-1,5/31/18,black spiral p8,0,5.08,0,2,,"grassy, fibrous roots","HO, GS, no mineral sediment",moist,M/VF-F,dark brown,,,EWT-1,EWT-1,HGMZ observations and classification changed,5/25/25,East,Willow,Fan,ho,"GS, no mineral sediment",HO,,0
,EWF-1,5/31/18,black spiral p8,5.08,10.16,2,4,,,"clay, HO",moist,M/VF-F,dark brown,,crumbly,EWT-1,EWT-1,HGMZ observations and classification changed,5/25/25,East,Willow,Fan,clay,HO,C,,0
,EWF-1,5/31/18,black spiral p8,10.16,30.48,4,12,,,"clay, HO, GR",moist,"M/F, F/C",dark brown,,"subangular GR, 6-12 mm",EWT-1,EWT-1,HGMZ observations and classification changed,5/25/25,East,Willow,Fan,clay,"HO, GR",C,"(5, 20)","(0.15, 0.35)"
,EWF-1,5/31/18,black spiral p8,30.48,45.72,12,18,,,"clay loam, GR",saturated,"M/F, C/VF","brown, reddish",,"gritty, subangular gravel, 6-20 mm",EWT-1,EWT-1,HGMZ observations and classification changed,5/25/25,East,Willow,Fan,clay loam,GR,CL,"(5, 20)","(0.15, 0.35)"
,EWF-1,5/31/18,black spiral p8,45.72,69.85,18,27.5,,,"sandy clay, GR",saturated,F/F,"brown, reddish",,"subangular gravel, 6-30 mm",EWT-1,EWT-1,HGMZ observations and classification changed,5/25/25,East,Willow,Fan,sandy clay,GR,SC,"(5, 20)","(0.15, 0.35)"
,EWF-1,5/31/18,black spiral p8,69.85,80.01,27.5,31.5,,,"clay loam, GR",saturated,"C/M, F/C",brown,,,EWT-1,EWT-1,HGMZ observations and classification changed,5/25/25,East,Willow,Fan,clay loam,GR,CL,"(5, 20)","(0.15, 0.35)"
,EWF-1,5/31/18,black spiral p8,80.01,83.82,31.5,33,,,clay,saturated,F/F,brown,,,EWT-1,EWT-1,HGMZ observations and classification changed,5/25/25,East,Willow,Fan,clay,,C,,0
,EWF-1,5/31/18,black spiral p8,83.82,91.44,33,36,,,clay,saturated,F/VF,light brown,,"some grit, red-orange oxide",EWT-1,EWT-1,HGMZ observations and classification changed,5/25/25,East,Willow,Fan,clay,,C,,0
,EWF-1,5/31/18,black spiral p8,91.44,97.79,36,38.5,,,clay loam,saturated,F/F,"light brown, mottled",,"white-red mottling, red-orange oxide",EWT-1,EWT-1,HGMZ observations and classification changed,5/25/25,East,Willow,Fan,clay loam,,CL,,0
,EWF-1,5/31/18,black spiral p8,97.79,109.22,38.5,43,,,clay loam,saturated,,light brown,,"backfill with sand to 39"" depth",EWT-1,EWT-1,HGMZ observations and classification changed,5/25/25,East,Willow,Fan,clay loam,,CL,,0
8,KER-1,6/18/18,black spiral p14,0,5.08,0,2,,HO,"silty clay, HO",very moist,"M/VF-F, C/C",dark brown,,,KER-1,,,,Kiln,Sedge,Riparian,silty clay,HO,SIC,,0
,KER-1,6/18/18,black spiral p14,5.08,35.56,2,14,,HPM,clay,moist,M/C,dark brown,,"at 14"" found charcoal",KER-1,,,,Kiln,Sedge,Riparian,clay,,C,,0
,KER-1,6/18/18,black spiral p14,35.56,52.07,14,20.5,,,clay loam,saturated,"C/C, C/F-M/VF",dark brown,,,KER-1,,,,Kiln,Sedge,Riparian,clay loam,,CL,,0
,KER-1,6/18/18,black spiral p14,52.07,63.5,20.5,25,,fibers,clay loam,saturated,"F/C, C/F-VF",dark brown,,"interlayered with sandy clay loam, charcoal ",KER-1,,,,Kiln,Sedge,Riparian,clay loam,,CL,,0
,KER-1,6/18/18,black spiral p14,63.5,71.12,25,28,,,"clay, VGR",saturated,VF/F-VF,brown,,coarse sand; pebbles to 12 mm rounded,KER-1,,,,Kiln,Sedge,Riparian,clay,VGR,C,"(5, 20)","(0.35, 0.6)"
,KER-1,6/18/18,black spiral p14,71.12,81.28,28,32,,fibers midway,"sandy loam, GR",saturated,"C/F, C/C",brown gray,,"roots especialy midway; pebbles to 22 mm, rounded",KER-1,,,,Kiln,Sedge,Riparian,sandy loam,GR,SL,"(5, 20)","(0.15, 0.35)"
,KER-1,6/18/18,black spiral p14,81.28,83.82,32,33,,,GR,saturated,"C/C, C/F-M/VF",brown gray,,"bottom of hole, pebbles and gravel",KER-1,,,,Kiln,Sedge,Riparian,gr,,GR,,0
9,KWF-2,6/20/18,black spiral p14,0,13,0,5,Oi,fibrous,"clay, HO",moist,M/C-F,dark brown,,humic,KWT-1,KWT-1,HGMZ observations and classification changed,5/25/25,Kiln,Willow,Fan,clay,HO,C,,0
,KWF-2,6/20/18,black spiral p14,13,19,5,7.5,,,XST,,,,,extracted big rock,KWT-1,KWT-1,HGMZ observations and classification changed,5/25/25,Kiln,Willow,Fan,xst,,GR,,0
,KWF-2,6/20/18,black spiral p14,19,30,7.5,12,,,clay,moist,"M/C-VC, C/F",dark brown,,,KWT-1,KWT-1,HGMZ observations and classification changed,5/25/25,Kiln,Willow,Fan,clay,,C,,0
,KWF-2,6/20/18,black spiral p14,30,44,12,17.5,,,silty clay,wet,"C/C, F/F",brown,,,KWT-1,KWT-1,HGMZ observations and classification changed,5/25/25,Kiln,Willow,Fan,silty clay,,SIC,,0
,KWF-2,6/20/18,black spiral p14,44,71,17.5,28,,,sandy clay loam,wet-saturated,F/F-VF,tan brown,,"mottled at bottom, decomposed pebbles",KWT-1,KWT-1,HGMZ observations and classification changed,5/25/25,Kiln,Willow,Fan,sandy clay loam,,SCL,,0
,KWF-2,6/20/18,black spiral p14,71,91,28,36,,,"sandy clay loam, VGR",saturated,"F/C, F/F",tan pink,,decomposed rock was pink; pebbles to 30 mm,KWT-1,KWT-1,HGMZ observations and classification changed,5/25/25,Kiln,Willow,Fan,sandy clay loam,VGR,SCL,"(5, 20)","(0.35, 0.6)"
,KWF-2,6/20/18,black spiral p14,91,104,36,41,,,GR,saturated,F/F-VF,"tan, mottled",,"decomposed rock was red,orange and gray",KWT-1,KWT-1,HGMZ observations and classification changed,5/25/25,Kiln,Willow,Fan,gr,,GR,,0
,KWF-2,6/29/21,yellow p55,104,113,,,,,loam,wet non-satiated,,"7.5 YR, 3/3",,,KWT-1,KWT-1,HGMZ observations and classification changed,5/25/25,Kiln,Willow,Fan,loam,,L,,0
,KWF-2,6/29/21,yellow p55,113,121,,,,,sandy clay loam,wet non-satiated,,"7.5 YR, 3/4",,,KWT-1,KWT-1,HGMZ observations and classification changed,5/25/25,Kiln,Willow,Fan,sandy clay loam,,SCL,,0
,KWF-2,6/29/21,yellow p55,121,125,,,,,sandy clay loam,wet non-satiated,,"7.5 YR, 3/4; rose and orange-red mottled pebbles, 2-4 mm",,,KWT-1,KWT-1,HGMZ observations and classification changed,5/25/25,Kiln,Willow,Fan,sandy clay loam,,SCL,,0
,KWF-2,6/29/21,yellow p55,125,131,,,,,sandy clay loam,wet non-satiated,,"10 YR 3/4; rose and orange-red mottled pebbles, 2-8 mm",,rock 4.5 cm,KWT-1,KWT-1,HGMZ observations and classification changed,5/25/25,Kiln,Willow,Fan,sandy clay loam,,SCL,,0
,KWF-2,6/29/21,yellow p55,131,136,,,,,sandy clay loam,wet,,"10 YR 3/4; rose, red-orange and blue mottled pebbles",,,KWT-1,KWT-1,HGMZ observations and classification changed,5/25/25,Kiln,Willow,Fan,sandy clay loam,,SCL,,0
,KWF-2,6/29/21,yellow p55,136,147,,,,,"sandy clay, VGR",wet,,"10 YR 4/4; rose, red-orange and blue mottled pebbles",,"rock 5 cm, subangular",KWT-1,KWT-1,HGMZ observations and classification changed,5/25/25,Kiln,Willow,Fan,sandy clay,VGR,SC,"(5, 20)","(0.35, 0.6)"
10,KHT-XE4S,6/20/18,black spiral p16,0,5.08,0,2,,HO,"silty clay,  HO",moist,M/C-F,dark brown,,,E4S,E4S,adapt from Allen-Diaz to HGMZ-PTF scheme,5/1/18,Kiln,Mixed Herbaceous,Terrace,silty clay,HO,SIC,,0
,KHT-XE4S,6/20/18,black spiral p16,5.08,10.16,2,4,,,silty clay,moist,M/F,dark brown,,,E4S,E4S,adapt from Allen-Diaz to HGMZ-PTF scheme,5/1/18,Kiln,Mixed Herbaceous,Terrace,silty clay,,SIC,,0
,KHT-XE4S,6/20/18,black spiral p16,10.16,27.94,4,11,,,clay,moist,"F/C, C/F",dark brown,,,E4S,E4S,adapt from Allen-Diaz to HGMZ-PTF scheme,5/1/18,Kiln,Mixed Herbaceous,Terrace,clay,,C,,0
,KHT-XE4S,6/20/18,black spiral p16,27.94,40.64,11,16,,,clay,moist,"F/C-F, C/VF",dark brown,,water in hole,E4S,E4S,adapt from Allen-Diaz to HGMZ-PTF scheme,5/1/18,Kiln,Mixed Herbaceous,Terrace,clay,,C,,0
,KHT-XE4S,6/20/18,black spiral p16,40.64,50.8,16,20,,,"sandy clay, FGR",saturated,F/F,brown,,small pebbles,E4S,E4S,adapt from Allen-Diaz to HGMZ-PTF scheme,5/1/18,Kiln,Mixed Herbaceous,Terrace,sandy clay,FGR,SC,"(2, 5)","(0.15, 0.35)"
,KHT-XE4S,6/20/18,black spiral p16,50.8,58.42,20,23,,,clay,saturated,F/F,tan; mottled orange,,"slight grit, few gravels ~16 mm",E4S,E4S,adapt from Allen-Diaz to HGMZ-PTF scheme,5/1/18,Kiln,Mixed Herbaceous,Terrace,clay,,C,,0
,KHT-XE4S,6/20/18,black spiral p16,58.42,83.82,23,33,,few fibers,clay,saturated,F/F-VF,tan to gray-tan,,"angular gravels and decomposed pebbles, mottling",E4S,E4S,adapt from Allen-Diaz to HGMZ-PTF scheme,5/1/18,Kiln,Mixed Herbaceous,Terrace,clay,,C,,0
,KHT-XE4S,6/20/18,black spiral p16,83.82,85.09,33,33.5,,,XGR,,,,,"gravels stopped auger, bottom of hole",E4S,E4S,adapt from Allen-Diaz to HGMZ-PTF scheme,5/1/18,Kiln,Mixed Herbaceous,Terrace,xgr,,GR,,0
11,KWR-XE1N,6/20/18,black spiral p16,0,5.08,0,2,,fibrous,HO,dry-moist,M/C-F,dark brown,,,E1N,E1N,adapt from Allen-Diaz to HGMZ-PTF scheme,5/1/18,Kiln,Willow,Riparian,ho,,HO,,0
,KWR-XE1N,6/20/18,black spiral p16,5.08,15.24,2,6,,,sandy clay,moist,M/C-F,dark brown,,,E1N,E1N,adapt from Allen-Diaz to HGMZ-PTF scheme,5/1/18,Kiln,Willow,Riparian,sandy clay,,SC,,0
,KWR-XE1N,6/20/18,black spiral p16,15.24,33.02,6,13,,grassy,sandy clay,moist,M/C-F,dark brown,,,E1N,E1N,adapt from Allen-Diaz to HGMZ-PTF scheme,5/1/18,Kiln,Willow,Riparian,sandy clay,,SC,,0
,KWR-XE1N,6/20/18,black spiral p16,33.02,58.42,13,23,,,"sandy clay loam, VGR",saturated,"C/F-VF, F/C",dark brown,,,E1N,E1N,adapt from Allen-Diaz to HGMZ-PTF scheme,5/1/18,Kiln,Willow,Riparian,sandy clay loam,VGR,SCL,"(5, 20)","(0.35, 0.6)"
,KWR-XE1N,6/20/18,black spiral p16,58.42,60.96,23,24,,"fibrous, HO, HPM",silty clay,saturated,M/F-VF,dark brown,,,E1N,E1N,adapt from Allen-Diaz to HGMZ-PTF scheme,5/1/18,Kiln,Willow,Riparian,silty clay,,SIC,,0
,KWR-XE1N,6/20/18,black spiral p16,60.96,63.5,24,25,,,GR,,,,,22 mm gravels,E1N,E1N,adapt from Allen-Diaz to HGMZ-PTF scheme,5/1/18,Kiln,Willow,Riparian,gr,,GR,,0
,KWR-XE1N,6/20/18,black spiral p16,63.5,73.66,25,29,,,GR,,,,,"60 mm gravels, rounded to sub-angular",E1N,E1N,adapt from Allen-Diaz to HGMZ-PTF scheme,5/1/18,Kiln,Willow,Riparian,gr,,GR,,0
12,KWR-1,6/20/18,black spiral p17,0,10.16,0,4,,fibrous,clay loam,wet,"M/F-VF, C/C",dark brown,,,KWR-1,,,,Kiln,Willow,Riparian,clay loam,,CL,,0
,KWR-1,6/20/18,black spiral p17,10.16,25.4,4,10,,,clay loam,wet,"M/C, M/F-F/F",dark brown,,,KWR-1,,,,Kiln,Willow,Riparian,clay loam,,CL,,0
,KWR-1,6/20/18,black spiral p17,25.4,63.5,10,25,,,clay loam,saturated,"C/C, F/VC",brown,,,KWR-1,,,,Kiln,Willow,Riparian,clay loam,,CL,,0
,KWR-1,6/20/18,black spiral p17,63.5,81.28,25,32,,,"sandy clay loam, GR",saturated,C/F-VF,brown,,"mostly pebbles, a few gravels > 11 mm",KWR-1,,,,Kiln,Willow,Riparian,sandy clay loam,GR,SCL,"(5, 20)","(0.15, 0.35)"
,KWR-1,6/20/18,black spiral p17,81.28,83.82,32,33,,,GR,saturated,,,,bottom of well,KWR-1,,,,Kiln,Willow,Riparian,gr,,GR,,0
14,KHF-1,6/30/18,black spiral p19,0,5,0,2,,HO,HO,dry,"M/M-VF, F/C",brown,,crumbly,KHF-1,,,,Kiln,Mixed Herbaceous,Fan,ho,,HO,,0
,KHF-1,6/30/18,black spiral p19,5,15,2,6,,,"silty clay, FGR",dry,C/M-VF,brown,,,KHF-1,,,,Kiln,Mixed Herbaceous,Fan,silty clay,FGR,SIC,"(2, 5)","(0.15, 0.35)"
,KHF-1,6/30/18,black spiral p19,15,36,6,14,,,clay,moist,F/M-F,light brown,,,KHF-1,,,,Kiln,Mixed Herbaceous,Fan,clay,,C,,0
,KHF-1,6/30/18,black spiral p19,36,57,14,22.5,,,"clay loam, FGR, MGR",wet,C/F-VF,tan,,,KHF-1,,,,Kiln,Mixed Herbaceous,Fan,clay loam,"FGR, MGR",CL,"(2, 5)","(0.15, 0.35)"
,KHF-1,6/30/18,black spiral p19,57,71,22.5,28,,,"sandy clay, FGR",moist,F/C,tan and orange,,,KHF-1,,,,Kiln,Mixed Herbaceous,Fan,sandy clay,FGR,SC,"(2, 5)","(0.15, 0.35)"
,KHF-1,6/30/18,black spiral p19,71,86,28,34,,,sandy clay,saturated,"F/VF, F/fibrous",tan and orange,,some chunks of soil dry inside,KHF-1,,,,Kiln,Mixed Herbaceous,Fan,sandy clay,,SC,,0
,KHF-1,6/30/18,black spiral p19,86,89,34,35,,,GR,,,,,hit big rock at bottom > 120 mm,KHF-1,,,,Kiln,Mixed Herbaceous,Fan,gr,,GR,,0
,KHF-1,6/29/21,yellow p55,89,100,,,,,"sandy clay, FGR",wet non-satiated,F/VF,7.5 YR 3/3,,"gravel sub-rounded; deepened well, prior depth 84 cm",KHF-1,,,,Kiln,Mixed Herbaceous,Fan,sandy clay,FGR,SC,"(2, 5)","(0.15, 0.35)"
,KHF-1,6/29/21,yellow p55,100,111,,,,,"sandy clay, VFGR",wet non-satiated,,7.5 YR 3/3,,gravel sub-rounded,KHF-1,,,,Kiln,Mixed Herbaceous,Fan,sandy clay,VFGR,SC,,0
,KHF-1,6/29/21,yellow p55,111,140,,,,,"sandy clay, VFGR",wet non-satiated,F/VF-F,"7.5 YR, 3/4",,gravel subangular,KHF-1,,,,Kiln,Mixed Herbaceous,Fan,sandy clay,VFGR,SC,,0
,KHF-1,6/29/21,yellow p55,140,149,,,,,"clay, XCGR",wet non-satiated,F/VF,"7.5 YR, 3/4",,gravel subangular,KHF-1,,,,Kiln,Mixed Herbaceous,Fan,clay,XCGR,C,,0
,KHF-1,6/29/21,yellow p55,149,167,,,,,"clay, XCGR",saturated,F/VF,"10 YR, 3/6",,"a few 50-60 mm gravels, subangular",KHF-1,,,,Kiln,Mixed Herbaceous,Fan,clay,XCGR,C,,0
15,KEF-1,6/30/18,black spiral p19,0,5.08,0,2,,"HO, grassy, fibrous",HO,moist,M/C-F,dark brown,,,KEF-1,,,,Kiln,Sedge,Fan,ho,,HO,,0
,KEF-1,6/30/18,black spiral p19,5.08,27.94,2,11,,,clay,saturated,C/C-F,dark brown,,,KEF-1,,,,Kiln,Sedge,Fan,clay,,C,,0
,KEF-1,6/30/18,black spiral p19,27.94,38.1,11,15,,fibrous,"clay, ST",saturated,"F/C, C/F-VF",gray brown,,hit two large stones (ST),KEF-1,,,,Kiln,Sedge,Fan,clay,ST,C,,0
,KEF-1,6/30/18,black spiral p19,38.1,66.04,15,26,,fibrous,"sandy clay, FGR",saturated,M/F-VF,dark gray,,gravels subangular,KEF-1,,,,Kiln,Sedge,Fan,sandy clay,FGR,SC,"(2, 5)","(0.15, 0.35)"
,KEF-1,6/30/18,black spiral p19,66.04,81.28,26,32,,,"sandy clay loam, FGR, CGR",saturated,"F/VF, F/fibrous","gray and tan, mottled orange",,gravels subangular,KEF-1,,,,Kiln,Sedge,Fan,sandy clay loam,"FGR, CGR",SCL,"(2, 5)","(0.15, 0.35)"
16,KWF-1,6/30/18,black spiral p19,0,20.32,0,8,,"HO, grassy","clay, HO, GS",moist,M/C-F,dark brown,,,KWF-1,,,,Kiln,Willow,Fan,clay,"HO, GS",C,,0
,KWF-1,6/30/18,black spiral p19,20.32,38.1,8,15,,,"sandy clay, FGR",wet,"C/C-F, M/VF",dark brown,,,KWF-1,,,,Kiln,Willow,Fan,sandy clay,FGR,SC,"(2, 5)","(0.15, 0.35)"
,KWF-1,6/30/18,black spiral p19,38.1,67.31,15,26.5,,,"sandy clay loam, FGR, CGR",wet-saturated,C/F-VF,red brown,,,KWF-1,,,,Kiln,Willow,Fan,sandy clay loam,"FGR, CGR",SCL,"(2, 5)","(0.15, 0.35)"
,KWF-1,6/30/18,black spiral p19,67.31,83.82,26.5,33,,,"sandy clay, FGR",saturated,,tan,,,KWF-1,,,,Kiln,Willow,Fan,sandy clay,FGR,SC,"(2, 5)","(0.15, 0.35)"
,KWF-1,6/30/18,black spiral p19,83.82,88.9,33,35,,,"sandy clay, VGR (M-F)",,,tan,,,KWF-1,,,,Kiln,Willow,Fan,sandy clay,VGR (M-F),SC,,0
,KWF-1,6/30/18,black spiral p19,88.9,91.44,35,36,,,GR,,,,,"loose gravel; bottom of well at 35""",KWF-1,,,,Kiln,Willow,Fan,gr,,GR,,0
17,KHR-1,7/4/19,orange p70,0,4,,,,HO,HO,moist,"C/VF, F/M, M/F","7.5 YR, 2.5/1; mottled yellow",,,KHR-1,,,,Kiln,Mixed Herbaceous,Riparian,ho,,HO,,0
,KHR-1,7/4/19,orange p70,4,32,,,,,silty clay,moist,"C/VF, M/F, VF/C","7.5 YR, 2.5/1; mottled yellow",,,KHR-1,,,,Kiln,Mixed Herbaceous,Riparian,silty clay,,SIC,,0
,KHR-1,7/4/19,orange p70,32,42,,,,,sandy clay,moist,"VF/M-C, F/C, M/F","7.5 YR, 3/2; mottled red-orange",,,KHR-1,,,,Kiln,Mixed Herbaceous,Riparian,sandy clay,,SC,,0
,KHR-1,7/4/19,orange p70,42,50,,,,,silty clay,saturated,"VF/F, F/F","7.5 YR, 3/2; mottled red-orange",,,KHR-1,,,,Kiln,Mixed Herbaceous,Riparian,silty clay,,SIC,,0
,KHR-1,7/4/19,orange p70,50,74,,,,,sandy clay,saturated,"VF/F, F/F","10 YR, 4/2; mottled yellow",,,KHR-1,,,,Kiln,Mixed Herbaceous,Riparian,sandy clay,,SC,,0
,KHR-1,7/4/19,orange p70,74,95,,,,,sandy clay,saturated,M/VF,"10 YR, 4/3; mottled orange",,FGR < 15%,KHR-1,,,,Kiln,Mixed Herbaceous,Riparian,sandy clay,,SC,,0
,KHR-1,7/4/19,orange p70,95,102,,,,"fibrous, mycelium?","sandy clay, GR",wet,"VF/M, F/C","10 YR, 4/4; gley, mottled",,"subangular gravels, photo of possible mycelium",KHR-1,,,,Kiln,Mixed Herbaceous,Riparian,sandy clay,GR,SC,"(5, 20)","(0.15, 0.35)"
,KHR-1,7/4/19,orange p70,102,104,,,,,"FGR, CGR",saturated,VF/F,"10 YR, 4/4",,subangular gravels with coarse sand,KHR-1,,,,Kiln,Mixed Herbaceous,Riparian,fgr,CGR,GR,"(20, 76)","(0.15, 0.35)"
18,KET-1,7/5/19,orange p70,0,12,,,O,,HO,saturated,"M/C, VF-F/M","5 YR, 2.5/1",,,KET-1,,,,Kiln,Sedge,Terrace,ho,,HO,,0
,KET-1,7/5/19,orange p70,12,20,,,A,,silty clay,saturated,"M/F, VF-F/M","7.5 YR, 2.5/1",,gradual transition to A,KET-1,,,,Kiln,Sedge,Terrace,silty clay,,SIC,,0
,KET-1,7/5/19,orange p70,20,42,,,,"fibers with redox, 1 mm buffer","sandy clay, FGR",saturated,VF/M,"7.5 YR, 3/2",,,KET-1,,,,Kiln,Sedge,Terrace,sandy clay,FGR,SC,"(2, 5)","(0.15, 0.35)"
,KET-1,7/5/19,orange p70,42,59,,,,,sandy clay,saturated,"F/C, VF-F/M","7.5 YR, 4/1",,,KET-1,,,,Kiln,Sedge,Terrace,sandy clay,,SC,,0
,KET-1,7/5/19,orange p70,59,80,,,,fibers with redox,"sandy clay, FGR",wet,F-VF/M,"10 YR, 4/2",,,KET-1,,,,Kiln,Sedge,Terrace,sandy clay,FGR,SC,"(2, 5)","(0.15, 0.35)"
,KET-1,7/5/19,orange p70,80,84,,,,,GR,wet,,,,"subangular gravels, medium to coarse",KET-1,,,,Kiln,Sedge,Terrace,gr,,GR,,0
,KET-1,7/5/19,orange p70,84,110,,,,,"sandy clay, VGR",wet,F/F-VF,"7.5 YR, 4/3",,,KET-1,,,,Kiln,Sedge,Terrace,sandy clay,VGR,SC,"(5, 20)","(0.35, 0.6)"
19,EEF-2,7/5/19,orange p71,0,4,,,O,,HO,moist,"F-VF/M, M/F","10 YR, 2.5/1",,color darker,EET-2,EET-2,HGMZ observations and classification changed,5/25/25,East,Sedge,Fan,ho,,HO,,0
,EEF-2,7/5/19,orange p71,4,10,,,,fibrous,silty clay,moist,"F/VF, M/C","2.5 YR, 2.5/1",,,EET-2,EET-2,HGMZ observations and classification changed,5/25/25,East,Sedge,Fan,silty clay,,SIC,,0
,EEF-2,7/5/19,orange p71,10,45,,,,,"silty clay, FGR",moist,"F/M, C/F","5 YR, 2/3",,pebbles 1-3 mm,EET-2,EET-2,HGMZ observations and classification changed,5/25/25,East,Sedge,Fan,silty clay,FGR,SIC,"(2, 5)","(0.15, 0.35)"
,EEF-2,7/5/19,orange p71,45,70,,,,,"silty clay, FGR",moist,"F/M, F/F","7.5 YR, 3/2",,,EET-2,EET-2,HGMZ observations and classification changed,5/25/25,East,Sedge,Fan,silty clay,FGR,SIC,"(2, 5)","(0.15, 0.35)"
,EEF-2,7/5/19,orange p71,70,89,,,,,"silty clay, FGR",saturated,"F/F, F/M","7.5 YR, 3/4",,,EET-2,EET-2,HGMZ observations and classification changed,5/25/25,East,Sedge,Fan,silty clay,FGR,SIC,"(2, 5)","(0.15, 0.35)"
,EEF-2,7/5/19,orange p71,89,106,,,,fibrous,silty clay,saturated,F/M,"7.5 YR, 3/2",,"redox, mottled",EET-2,EET-2,HGMZ observations and classification changed,5/25/25,East,Sedge,Fan,silty clay,,SIC,,0
,EEF-2,7/5/19,orange p71,106,115,,,,,silty clay,saturated,F/F,"10 YR, 4/2",,"redox, mottled, gleying",EET-2,EET-2,HGMZ observations and classification changed,5/25/25,East,Sedge,Fan,silty clay,,SIC,,0
20,LHT-1,7/6/19,orange p71,0,10,,,O,"peat, fibrous, crumbly",HO,moist,"F-VF/M, M/C","5 YR, 2.5/1",,"peat, fibrous, crumbly",LHT-1,,,,Low,Mixed Herbaceous,Terrace,ho,,HO,,0
,LHT-1,7/6/19,orange p71,10,31,,,A,,silty clay,moist,"VF/C, F/F","5 YR, 2.5/1",,,LHT-1,,,,Low,Mixed Herbaceous,Terrace,silty clay,,SIC,,0
,LHT-1,7/6/19,orange p71,31,48,,,A,,clay,moist,"F/F, F/VF, F/M","5 Y, 2.5/1; mottled red",,fine mottling,LHT-1,,,,Low,Mixed Herbaceous,Terrace,clay,,C,,0
,LHT-1,7/6/19,orange p71,48,54,,,A,,silty clay,saturated,F/F,"7.5 YR, 2.5/2",,,LHT-1,,,,Low,Mixed Herbaceous,Terrace,silty clay,,SIC,,0
,LHT-1,7/6/19,orange p71,54,76,,,E,,"clay, FGR, sticky",saturated,F/F,"10 YR, 4/2; mottled orange",,,LHT-1,,,,Low,Mixed Herbaceous,Terrace,clay,"FGR, sticky",C,"(2, 5)","(0.15, 0.35)"
,LHT-1,7/6/19,orange p71,76,95,,,,,"sandy clay, FGR, GR, sticky",saturated,F/F,"10 YR, 4/3; red-orange sand",,red-orange sand appeared to be breakdown of gravel,LHT-1,,,,Low,Mixed Herbaceous,Terrace,sandy clay,"FGR, GR, sticky",SC,"(2, 5)","(0.15, 0.35)"
,LHT-1,7/6/19,orange p71,95,109,,,,,sandy clay,saturated,F/F,"2.5 Y, 3/3; gley, mottled",,mottled color 5Y 4/1 and 5Y 4/N,LHT-1,,,,Low,Mixed Herbaceous,Terrace,sandy clay,,SC,,0
,LHT-1,7/6/19,orange p71,109,115,,,,fibrous,"sandy clay, GR",saturated,F/F,"5 Y 4/1, gley 1 N/3",,,LHT-1,,,,Low,Mixed Herbaceous,Terrace,sandy clay,GR,SC,"(5, 20)","(0.15, 0.35)"
21,LET-1,7/6/19,orange p73,0,7.5,,,O,crumbly humus,HO,moist,"M/V-VF, F/M","5 YR, 2.5/1",,,LET-1,,,,Low,Sedge,Terrace,ho,,HO,,0
,LET-1,7/6/19,orange p73,7.5,30,,,,,clay,moist,"C/F-VF, F/M","5 YR, 2.5/1",,,LET-1,,,,Low,Sedge,Terrace,clay,,C,,0
,LET-1,7/6/19,orange p73,30,48,,,,,silty clay,moist,"F/M, F/F","5 YR, 2.5/1; fine red-orange mottle",,,LET-1,,,,Low,Sedge,Terrace,silty clay,,SIC,,0
,LET-1,7/6/19,orange p73,48,58,,,,bits of charcoal at 58 cm,silty clay,moist,"F/C, F/M, VF/F","5 YR, 2.5/1; fine red-orange mottle",,,LET-1,,,,Low,Sedge,Terrace,silty clay,,SIC,,0
,LET-1,7/6/19,orange p73,58,67,,,,,silty clay,moist,"F/C, F/M, VF/F","5 YR, 2.5/1; fine red-orange mottle",,,LET-1,,,,Low,Sedge,Terrace,silty clay,,SIC,,0
,LET-1,7/6/19,orange p73,67,93,,,,layer of charcoal at 93 cm,silty clay,saturated,"F/C, M/F","7.5 YR, 2.5/1; mottle",,,LET-1,,,,Low,Sedge,Terrace,silty clay,,SIC,,0
,LET-1,7/6/19,orange p73,93,100,,,,,silty clay,saturated,"F/C, M/F","7.5 YR, 2.5/1; mottle",,,LET-1,,,,Low,Sedge,Terrace,silty clay,,SIC,,0
,LET-1,7/6/19,orange p73,100,110,,,,fibrous,silty clay,saturated,"F/C, M/F","7.5 YR, 3/1; bright red-orange mottle",,,LET-1,,,,Low,Sedge,Terrace,silty clay,,SIC,,0
,LET-1,7/6/19,orange p73,110,116,,,,"fibrous, charcoal bits at 116",sandy clay,saturated,"M/F, VF/C","10 YR, 2/2",,,LET-1,,,,Low,Sedge,Terrace,sandy clay,,SC,,0
,LET-1,7/6/19,orange p73,116,120,,,,fibrous,sandy clay,saturated,"M/F, VF/C","10 YR, 2/2",,,LET-1,,,,Low,Sedge,Terrace,sandy clay,,SC,,0
22,LWT-1,7/6/19,orange p73,0,13,,,O,"earthworm, crumbly humus",HO,moist,M/VF-F,"5 YR, 2.5/1",,,LWT-1,,,,Low,Willow,Terrace,ho,,HO,,0
,LWT-1,7/6/19,orange p73,13,29,,,,,clay,moist,"C/F-VF, F/M ","5 YR, 2.5/1",,,LWT-1,,,,Low,Willow,Terrace,clay,,C,,0
,LWT-1,7/6/19,orange p73,29,55,,,,,silty clay,moist,C/F-VF,"2.5 YR, 3/1; fine mottled",,,LWT-1,,,,Low,Willow,Terrace,silty clay,,SIC,,0
,LWT-1,7/6/19,orange p73,55,82,,,,fibrous,clay,saturated,F/F-VF,"5 YR, 3/1; fine red-orange mottle, black streaks",,,LWT-1,,,,Low,Willow,Terrace,clay,,C,,0
,LWT-1,7/6/19,orange p73,82,100,,,,fibrous,sandy clay,saturated,C/VF-F,"7.5 YR, 2.5/1",,,LWT-1,,,,Low,Willow,Terrace,sandy clay,,SC,,0
,LWT-1,7/6/19,orange p73,100,108,,,,"fibrous, charcoal",sandy clay,saturated,VF/F-M,"10 YR, 2/1",,,LWT-1,,,,Low,Willow,Terrace,sandy clay,,SC,,0
23,EFR-XB3S,8/12/19,orange p106,0,6,,,O,fibrous,HO,dry,"M/VF-M, F/C",,,"soil survey only, 1.5 m downstream of well, no well install",B3S,B3S,adapt from Allen-Diaz to HGMZ-PTF scheme,5/1/18,East,Lodgepole Pine,Riparian,ho,,HO,,0
,EFR-XB3S,8/12/19,orange p106,6,12,,,A,HO,clay,dry-moist,"F/M, M/VF-F",,,,B3S,B3S,adapt from Allen-Diaz to HGMZ-PTF scheme,5/1/18,East,Lodgepole Pine,Riparian,clay,,C,,0
,EFR-XB3S,8/12/19,orange p106,12,21,,,A,HO,clay,moist,"F/M, M/VF-F",,,,B3S,B3S,adapt from Allen-Diaz to HGMZ-PTF scheme,5/1/18,East,Lodgepole Pine,Riparian,clay,,C,,0
,EFR-XB3S,8/12/19,orange p106,21,36,,,A,HO,clay,moist,"C/VF, F/M, F/F",,,,B3S,B3S,adapt from Allen-Diaz to HGMZ-PTF scheme,5/1/18,East,Lodgepole Pine,Riparian,clay,,C,,0
,EFR-XB3S,8/12/19,orange p106,36,52,,,,"HO, chunks of dry rhyzomes",clay,saturated,"C/VF, F/M, F/F",,,,B3S,B3S,adapt from Allen-Diaz to HGMZ-PTF scheme,5/1/18,East,Lodgepole Pine,Riparian,clay,,C,,0
,EFR-XB3S,8/12/19,orange p106,52,79,,,,"HO, chunks of dry rhyzomes",clay,saturated,"C/VF, F/M, F/F",more organic material than mineral,,,B3S,B3S,adapt from Allen-Diaz to HGMZ-PTF scheme,5/1/18,East,Lodgepole Pine,Riparian,clay,,C,,0
,EFR-XB3S,8/12/19,orange p106,79,100,,,,"HO, woody chunks, roots > 2.5 cm",clay,saturated,"C/C, M/VF-M",,,,B3S,B3S,adapt from Allen-Diaz to HGMZ-PTF scheme,5/1/18,East,Lodgepole Pine,Riparian,clay,,C,,0
,EFR-XB3S,8/12/19,orange p106,100,112,,,,,"sandy clay, XFGR",saturated,"F/M, C/VF-F",,,,B3S,B3S,adapt from Allen-Diaz to HGMZ-PTF scheme,5/1/18,East,Lodgepole Pine,Riparian,sandy clay,XFGR,SC,,0
24,KWF-XE8S,6/6/21,yellow p49,0,12,,,O,"HO, peat, grassy",HO,wet non-satiated,"M/VF-F, F/M, VF/C","10 YR, 2/1",,well replacement,E8S,E8S,adapt from Allen-Diaz to HGMZ-PTF scheme,5/1/18,Kiln,Willow,Fan,ho,,HO,,0
,KWF-XE8S,6/6/21,yellow p49,12,25,,,A,HO,clay,wet,"M/VF-F, F/M","5 YR, 2.5/1",,,E8S,E8S,adapt from Allen-Diaz to HGMZ-PTF scheme,5/1/18,Kiln,Willow,Fan,clay,,C,,0
,KWF-XE8S,6/6/21,yellow p49,25,41,,,A,,"clay, FGR",wet,"C/VF-F, F/M","7.5 YR, 2.5/1",,,E8S,E8S,adapt from Allen-Diaz to HGMZ-PTF scheme,5/1/18,Kiln,Willow,Fan,clay,FGR,C,"(2, 5)","(0.15, 0.35)"
,KWF-XE8S,6/6/21,yellow p49,41,55,,,B,,"clay, VFGR",saturated,"F/F, F/M","7.5 YR, 3/1",,,E8S,E8S,adapt from Allen-Diaz to HGMZ-PTF scheme,5/1/18,Kiln,Willow,Fan,clay,VFGR,C,,0
,KWF-XE8S,6/6/21,yellow p49,55,66,,,C,,"clay, VFGR",saturated,F/F,"10 YR, 5/3",,,E8S,E8S,adapt from Allen-Diaz to HGMZ-PTF scheme,5/1/18,Kiln,Willow,Fan,clay,VFGR,C,,0
,KWF-XE8S,6/6/21,yellow p49,66,80,,,C,,"sandy clay, XGR",saturated,VF/F,"10 YR, 5/3",,,E8S,E8S,adapt from Allen-Diaz to HGMZ-PTF scheme,5/1/18,Kiln,Willow,Fan,sandy clay,XGR,SC,"(5, 20)","(0.6, 0.9)"
,KWF-XE8S,6/6/21,yellow p49,80,90,,,C,,"sand, XGR",saturated,VF/F,"10 YR, 5/3",,,E8S,E8S,adapt from Allen-Diaz to HGMZ-PTF scheme,5/1/18,Kiln,Willow,Fan,sand,XGR,S,"(5, 20)","(0.6, 0.9)"
,KWF-XE8S,6/6/21,yellow p49,90,100,,,C,,"sandy clay, FGR",saturated,VF/VF,"10 YR, 4/3",,,E8S,E8S,adapt from Allen-Diaz to HGMZ-PTF scheme,5/1/18,Kiln,Willow,Fan,sandy clay,FGR,SC,"(2, 5)","(0.15, 0.35)"
,KWF-XE8S,6/6/21,yellow p49,100,115,,,C,,"sandy clay, VGR",saturated,,"7.5 YR, 4/3",,,E8S,E8S,adapt from Allen-Diaz to HGMZ-PTF scheme,5/1/18,Kiln,Willow,Fan,sandy clay,VGR,SC,"(5, 20)","(0.35, 0.6)"
,KWF-XE8S,6/6/21,yellow p49,115,121,,,,,"sand, XGR",saturated,,"7.5 YR, 4/6",,,E8S,E8S,adapt from Allen-Diaz to HGMZ-PTF scheme,5/1/18,Kiln,Willow,Fan,sand,XGR,S,"(5, 20)","(0.6, 0.9)"
28,EHF-XA5S,7/15/21,yellow p74,0,12,,,O,fibrous,HO,dry,M/VF-C,,,augured completely new well hole; previous well depth was 114.5 cm; this was deepest of 4 trial holes,EHT-XA5S,EHT-XA5S,HGMZ observations and classification changed,5/25/25,East,Mixed Herbaceous,Fan,ho,,HO,,0
,EHF-XA5S,7/15/21,yellow p74,12,32,,,,,silty clay,dry,"M/VF-F, F/M","7.5 YR, 3/1",,,EHT-XA5S,EHT-XA5S,HGMZ observations and classification changed,5/25/25,East,Mixed Herbaceous,Fan,silty clay,,SIC,,0
,EHF-XA5S,7/15/21,yellow p74,32,42,,,,,silty clay,dry,"M/VF-F, F/M","7.5 YR, 4/1",,,EHT-XA5S,EHT-XA5S,HGMZ observations and classification changed,5/25/25,East,Mixed Herbaceous,Fan,silty clay,,SIC,,0
,EHF-XA5S,7/15/21,yellow p74,42,63,,,,,silty clay,dry,"C/VF-F, F/M","7.5 YR, 4/1",,,EHT-XA5S,EHT-XA5S,HGMZ observations and classification changed,5/25/25,East,Mixed Herbaceous,Fan,silty clay,,SIC,,0
,EHF-XA5S,7/15/21,yellow p74,63,74,,,,,sandy clay,dry,F/VF-M,"7.5 YR, 4/1",,,EHT-XA5S,EHT-XA5S,HGMZ observations and classification changed,5/25/25,East,Mixed Herbaceous,Fan,sandy clay,,SC,,0
,EHF-XA5S,7/15/21,yellow p74,74,85,,,,,sandy clay,moist,VF/VF,"10 YR, 4/1; orange mottled",,,EHT-XA5S,EHT-XA5S,HGMZ observations and classification changed,5/25/25,East,Mixed Herbaceous,Fan,sandy clay,,SC,,0
,EHF-XA5S,7/15/21,yellow p74,85,103,,,,,sandy clay,moist,"VF/M, C/VF-F","10 YR, 3/1; orange mottled",,,EHT-XA5S,EHT-XA5S,HGMZ observations and classification changed,5/25/25,East,Mixed Herbaceous,Fan,sandy clay,,SC,,0
,EHF-XA5S,7/15/21,yellow p74,103,130,,,,fibrous,clay,moist,F/VF,"10 YR, 5/2; orange mottled",,coarse gravel <15%,EHT-XA5S,EHT-XA5S,HGMZ observations and classification changed,5/25/25,East,Mixed Herbaceous,Fan,clay,,C,,0
,EHF-XA5S,7/15/21,yellow p74,130,131,,,,,GR,,,,,unable to auger past rock and gravel,EHT-XA5S,EHT-XA5S,HGMZ observations and classification changed,5/25/25,East,Mixed Herbaceous,Fan,gr,,GR,,0
29,EWF-1,7/15/21,yellow p77,109,120,,,,,sandy clay,moist,F/VF-F,"10 YR, 5/4; orange mottled",,"coarse sand, mottled",EWT-1,EWT-1,HGMZ observations and classification changed,5/25/25,East,Willow,Fan,sandy clay,,SC,,0
,EWF-1,7/15/21,yellow p77,120,148,,,,,sandy clay,moist,F/VF,"10 YR, 5/4; orange mottled",,"finer sand, mottled",EWT-1,EWT-1,HGMZ observations and classification changed,5/25/25,East,Willow,Fan,sandy clay,,SC,,0
,EWF-1,7/15/21,yellow p77,148,151,,,,,sandy clay,saturated,F/VF,"10 YR, 5/3",,,EWT-1,EWT-1,HGMZ observations and classification changed,5/25/25,East,Willow,Fan,sandy clay,,SC,,0
,EWF-1,7/15/21,yellow p77,151,152,,,,,GR,,,,,"hit rock, could not auger beyond it",EWT-1,EWT-1,HGMZ observations and classification changed,5/25/25,East,Willow,Fan,gr,,GR,,0
30,EEF-2,7/15/21,yellow p77,115,128,,,,,sandy clay,moist,C/VF-F,"2.5 Y, 6/2; yellow-orange-green mottled",,,EET-2,EET-2,HGMZ observations and classification changed,5/25/25,East,Sedge,Fan,sandy clay,,SC,,0
,EEF-2,7/15/21,yellow p77,128,130,,,,,GR,moist,,,,thin layer of coarse gravel 28-40 mm,EET-2,EET-2,HGMZ observations and classification changed,5/25/25,East,Sedge,Fan,gr,,GR,,0
,EEF-2,7/15/21,yellow p77,130,135,,,,fibrous,sandy clay,moist,C/M,"2.5 Y, 5/2",,coarse sand,EET-2,EET-2,HGMZ observations and classification changed,5/25/25,East,Sedge,Fan,sandy clay,,SC,,0
,EEF-2,7/15/21,yellow p77,135,136,,,,,GR,,,,,"hit rock(s), cannot auger beyond",EET-2,EET-2,HGMZ observations and classification changed,5/25/25,East,Sedge,Fan,gr,,GR,,0
32,EFT-XA2S,7/16/21,yellow p77,0,17,,,O,,HO,dry,M/VF-C,,,"could not deepen existing well, tried to auger new well",A2S,A2S,adapt from Allen-Diaz to HGMZ-PTF scheme,5/1/18,East,Lodgepole Pine,Terrace,ho,,HO,,0
,EFT-XA2S,7/16/21,yellow p77,17,25,,,A,,"clay, VFGR",dry,M/VF-C,"7.5 YR, 2.5/1",,coarse sand to fine gravel; also slightly mucky,A2S,A2S,adapt from Allen-Diaz to HGMZ-PTF scheme,5/1/18,East,Lodgepole Pine,Terrace,clay,VFGR,C,,0
,EFT-XA2S,7/16/21,yellow p77,25,45,,,,,"clay, XGR",dry,M/VF-C,,,"hit rocks, could not auger deeper; unclear if abandoned this hole, the previous one was likely deeper",A2S,A2S,adapt from Allen-Diaz to HGMZ-PTF scheme,5/1/18,East,Lodgepole Pine,Terrace,clay,XGR,C,"(5, 20)","(0.6, 0.9)"
33,KHT-XE6S,7/16/21,yellow p78,0,13,,,O,humus,HO,dry,M/VF-M,"5 YR, 3/2",,deepened original,E6S,E6S,adapt from Allen-Diaz to HGMZ-PTF scheme,5/1/18,Kiln,Mixed Herbaceous,Terrace,ho,,HO,,0
,KHT-XE6S,7/16/21,yellow p78,13,32,,,,HO,"clay loam, FGR",dry-moist,"M/VF-F, C/M","5 YR, 2.5/1",,,E6S,E6S,adapt from Allen-Diaz to HGMZ-PTF scheme,5/1/18,Kiln,Mixed Herbaceous,Terrace,clay loam,FGR,CL,"(2, 5)","(0.15, 0.35)"
,KHT-XE6S,7/16/21,yellow p78,32,38,,,,,clay loam,dry,"C/VF, F/F","7.5 YR, 3/2",,fine gravel < 35%,E6S,E6S,adapt from Allen-Diaz to HGMZ-PTF scheme,5/1/18,Kiln,Mixed Herbaceous,Terrace,clay loam,,CL,,0
,KHT-XE6S,7/16/21,yellow p78,38,46,,,,,silty clay,dry,F/VF,"7.5 YR, 3/3",,fine gravel < 35%,E6S,E6S,adapt from Allen-Diaz to HGMZ-PTF scheme,5/1/18,Kiln,Mixed Herbaceous,Terrace,silty clay,,SIC,,0
,KHT-XE6S,7/16/21,yellow p78,46,60,,,,,"silty clay, FGR",dry,F/VF-F,"7.5 YR, 4/2",,gravel sub-rounded,E6S,E6S,adapt from Allen-Diaz to HGMZ-PTF scheme,5/1/18,Kiln,Mixed Herbaceous,Terrace,silty clay,FGR,SIC,"(2, 5)","(0.15, 0.35)"
,KHT-XE6S,7/16/21,yellow p78,60,68,,,,,"sandy clay, VFGR",dry-moist,F/VF-F,"7.5 YR, 5/3",,,E6S,E6S,adapt from Allen-Diaz to HGMZ-PTF scheme,5/1/18,Kiln,Mixed Herbaceous,Terrace,sandy clay,VFGR,SC,,0
,KHT-XE6S,7/16/21,yellow p78,68,80,,,,,"sandy clay, VFGR",moist,F/VF-F,"7.5 YR, 5/3",,,E6S,E6S,adapt from Allen-Diaz to HGMZ-PTF scheme,5/1/18,Kiln,Mixed Herbaceous,Terrace,sandy clay,VFGR,SC,,0
,KHT-XE6S,7/16/21,yellow p78,80,91,,,,,sandy clay,moist,F/VF-F,"7.5 YR, 5/4; orange mottled",,,E6S,E6S,adapt from Allen-Diaz to HGMZ-PTF scheme,5/1/18,Kiln,Mixed Herbaceous,Terrace,sandy clay,,SC,,0
,KHT-XE6S,7/16/21,yellow p78,91,116,,,C,,"clay, FGR",moist,F/VF-F,"7.5 YR, 5/4; orange mottled, purple fragments",,,E6S,E6S,adapt from Allen-Diaz to HGMZ-PTF scheme,5/1/18,Kiln,Mixed Herbaceous,Terrace,clay,FGR,C,"(2, 5)","(0.15, 0.35)"
,KHT-XE6S,7/16/21,yellow p78,116,128,,,C,,"clay, VFGR",moist,F/VF-F,"7.5 YR 4/3; red-orange, purple, gray fragments",,,E6S,E6S,adapt from Allen-Diaz to HGMZ-PTF scheme,5/1/18,Kiln,Mixed Herbaceous,Terrace,clay,VFGR,C,,0
,KHT-XE6S,7/16/21,yellow p78,128,131,,,C,,"clay, VFGR",moist,F/VF-F,"10 YR 4/2; red, red-orange, purple, gray fragments",,,E6S,E6S,adapt from Allen-Diaz to HGMZ-PTF scheme,5/1/18,Kiln,Mixed Herbaceous,Terrace,clay,VFGR,C,,0
,KHT-XE6S,7/16/21,yellow p78,131,147,,,C,fibrous,"clay, VFGR",moist,VF/VF,"10 YR 4/2; red, red-orange, purple, gray fragments",,"a few gravels, 30-40 mm",E6S,E6S,adapt from Allen-Diaz to HGMZ-PTF scheme,5/1/18,Kiln,Mixed Herbaceous,Terrace,clay,VFGR,C,,0
,KHT-XE6S,7/16/21,yellow p78,147,154,,,C,fibrous,"sandy clay, XGR",moist,VF/VF,10 YR 4/2; strong orange mottle direct from fragments,,,E6S,E6S,adapt from Allen-Diaz to HGMZ-PTF scheme,5/1/18,Kiln,Mixed Herbaceous,Terrace,sandy clay,XGR,SC,"(5, 20)","(0.6, 0.9)"
,KHT-XE6S,7/16/21,yellow p78,154,161,,,,,"sandy clay, VGR",wet,,"7.5 YR, 4/3",,gravel subangular to 40 mm,E6S,E6S,adapt from Allen-Diaz to HGMZ-PTF scheme,5/1/18,Kiln,Mixed Herbaceous,Terrace,sandy clay,VGR,SC,"(5, 20)","(0.35, 0.6)"
,KHT-XE6S,7/16/21,yellow p78,161,173,,,,,"sandy clay, VGR",wet,VF/VF,"7.5 YR, 4/4",,gravel subangular to 40 mm,E6S,E6S,adapt from Allen-Diaz to HGMZ-PTF scheme,5/1/18,Kiln,Mixed Herbaceous,Terrace,sandy clay,VGR,SC,"(5, 20)","(0.35, 0.6)"
,KHT-XE6S,7/16/21,yellow p78,173,182,,,,,"clay, XFGR",saturated,,10 YR 3/6,,iron-stained water,E6S,E6S,adapt from Allen-Diaz to HGMZ-PTF scheme,5/1/18,Kiln,Mixed Herbaceous,Terrace,clay,XFGR,C,,0
,KHT-XE6S,7/16/21,yellow p78,182,183,,,,,GR,saturated,,,,"hit rock(s), could not auger beyond them.",E6S,E6S,adapt from Allen-Diaz to HGMZ-PTF scheme,5/1/18,Kiln,Mixed Herbaceous,Terrace,gr,,GR,,0
35,KWF-2,6/11/25,2015-25 Or V3 p60,0,7,,,O,,HO,moist,"M/VF, C/F","2.5 YR, 2.5/1",,"augered at Kiln3 camera, but abandoned due to cobbles at 66 cm, which didn't seem deep enough to support a viable well",KWF-2,,,,Kiln,Willow,Fan,ho,,HO,,0
,KWF-2,6/11/25,2015-25 Or V3 p60,7,14,,,Oa,,silty clay,moist,"M/VF, F/F, VF/C","10 YR, 2/1",,"loose, spongy",KWF-2,,,,Kiln,Willow,Fan,silty clay,,SIC,,0
,KWF-2,6/11/25,2015-25 Or V3 p60,14,27,,,A,,clay,moist,"M/VF, C/F, F/M, VF/C","10 YR, 2/2",,cohesive,KWF-2,,,,Kiln,Willow,Fan,clay,,C,,0
,KWF-2,6/11/25,2015-25 Or V3 p60,27,40,,,A,,clay,moist,"M/VF, C/F","2.5 YR, 2.5/1","concentrations common, 2-5 mm",cohesive,KWF-2,,,,Kiln,Willow,Fan,clay,,C,,0
,KWF-2,6/11/25,2015-25 Or V3 p60,40,51,,,A/B,,"clay, MGR",wet,"M/VF, C/F","2.5 YR, 3/1","concentrations many, 2-5 mm",gravel subangular,KWF-2,,,,Kiln,Willow,Fan,clay,MGR,C,"(5, 20)","(0.15, 0.35)"
,KWF-2,6/11/25,2015-25 Or V3 p60,51,63,,,A/Bg,,"sandy clay, CB",saturated,"M/VF, C/F","2.5 YR, 4/1; gray mottle GLEY1 4/N + 2.5/N",,cobble subangular,KWF-2,,,,Kiln,Willow,Fan,sandy clay,CB,SC,,0
,KWF-2,6/11/25,2015-25 Or V3 p60,63,66,,,,,VCB,saturated,,,,cobble subangular,KWF-2,,,,Kiln,Willow,Fan,vcb,,GR,,0
37,EWT-2,6/12/25,2015-25 Or V3 p64,0,2.5,,,O,thatch,HO,dry,,,,"bunchgrass at top, mislabeled as EWF-1 in field book but name changed to EWT-2",EWT-2,,,,East,Willow,Terrace,ho,,HO,,0
,EWT-2,6/12/25,2015-25 Or V3 p64,2.5,8,,,Oi,fibrous,HO,moist,"M/VF-F, VF/M","5 YR, 3/1",,,EWT-2,,,,East,Willow,Terrace,ho,,HO,,0
,EWT-2,6/12/25,2015-25 Or V3 p64,8,16,,,Oe,fibrous,HO,moist,"M/VF-F, VF/M","5 YR, 3/1",,,EWT-2,,,,East,Willow,Terrace,ho,,HO,,0
,EWT-2,6/12/25,2015-25 Or V3 p64,16,27,,,A,,"sandy clay, MGR",moist,"M/VF-F, F/M","10 YR, 2/1",,gravel subangular,EWT-2,,,,East,Willow,Terrace,sandy clay,MGR,SC,"(5, 20)","(0.15, 0.35)"
,EWT-2,6/12/25,2015-25 Or V3 p64,27,38,,,A/B,,"sandy clay, MGR",moist,C/VF-F,"7.5 YR, 2/1",,"few coarse gravel, subangular",EWT-2,,,,East,Willow,Terrace,sandy clay,MGR,SC,"(5, 20)","(0.15, 0.35)"
,EWT-2,6/12/25,2015-25 Or V3 p64,38,48,,,A/B,,"sandy clay, MGR",moist,C/VF-F,"7.5 YR, 4/1",,"some fine gravel, subangular",EWT-2,,,,East,Willow,Terrace,sandy clay,MGR,SC,"(5, 20)","(0.15, 0.35)"
,EWT-2,6/12/25,2015-25 Or V3 p64,48,69,,,A/B,,"sandy clay, MGR",moist,C/VF-F,"7.5 YR, 4/2",,"gravel sub-rounded, more sand",EWT-2,,,,East,Willow,Terrace,sandy clay,MGR,SC,"(5, 20)","(0.15, 0.35)"
,EWT-2,6/12/25,2015-25 Or V3 p64,69,80,,,B,,"sandy clay, VMGR",wet,C/VF-F,"10 YR, 5/3","concentrations common, 2-5 mm, 10 YR 4/4",gravel sub-rounded,EWT-2,,,,East,Willow,Terrace,sandy clay,VMGR,SC,,0
,EWT-2,6/12/25,2015-25 Or V3 p64,80,98,,,B,,"sandy clay, VFGR, MGR",wet,C/VF-F,"10 YR, 5/3","concentrations common, 2-5 mm, 10 YR 4/4 with some very light, broken down rock","one coarse gravel, all sub-rounded",EWT-2,,,,East,Willow,Terrace,sandy clay,"VFGR, MGR",SC,"(5, 20)","(0.15, 0.35)"
,EWT-2,6/12/25,2015-25 Or V3 p64,98,107,,,B,,"sandy clay, FGR",wet,"M/VF, F/F","10 YR, 4/3","concentrations common, 2-20 mm, 7.5 YR 4/4","very coarse sand to FGR, a few MGR",EWT-2,,,,East,Willow,Terrace,sandy clay,FGR,SC,"(2, 5)","(0.15, 0.35)"
,EWT-2,6/12/25,2015-25 Or V3 p64,107,123,,,,,"sandy clay, XFGR",saturated,F/VF-F,"10 YR, 4/4; mottled 10 YR 7/6",,"MGR and CGR present, subangular to sub-rounded",EWT-2,,,,East,Willow,Terrace,sandy clay,XFGR,SC,,0
38,KWT-2,6/14/25,2015-25 Or V3 p62,0,6,,,Oi,,HO,,,,,thatch,KWT-2,,,,,,,,,,,
,KWT-2,6/14/25,2015-25 Or V3 p62,6,10,,,Oa,,loam,moist,"F/M-C, M/VF-F","5 YR, 2.5/1",,crumbly,KWT-2,,,,,,,,,,,
,KWT-2,6/14/25,2015-25 Or V3 p62,10,38,,,A,,clay,moist,"M/VF-F, C/M","5 YR, 2.5/1",,,KWT-2,,,,,,,,,,,
,KWT-2,6/14/25,2015-25 Or V3 p62,38,60,,,A,fibrous,"sandy clay, VMGR",saturated,C/VF-F,"5 YR, 2.5/1",,gravel subangular,KWT-2,,,,,,,,,,,
,KWT-2,6/14/25,2015-25 Or V3 p62,60,75,,,A,many fibrous clumps,"clay, VMGR",saturated,"M/F, C/VF","5 YR, 2.5/1",,gravel sub-rounded,KWT-2,,,,,,,,,,,
,KWT-2,6/14/25,2015-25 Or V3 p62,75,91,,,A,many fibrous clumps,clay,saturated,M/VF-F,"5 YR, 2.5/1",,,KWT-2,,,,,,,,,,,
,KWT-2,6/14/25,2015-25 Or V3 p62,91,92,,,,,VCB,,,,,"hit rock, installed well on top",KWT-2,,,,,,,,,,,
39,KER-2,6/15/25,2015-25 Or V3 p66,0,3,,,Oi,thatch,HO,,,,,"augered 5 holes in same area, hit rounded gravel at 65 in all cases, deepest augered to 80 cm where well installed",KER-2,,,,Kiln,Sedge,Riparian,ho,,HO,,0
,KER-2,6/15/25,2015-25 Or V3 p66,3,15,,,Oea,,sandy clay,moist,"M/VF, C/F","5 YR, 3/1",,,KER-2,,,,Kiln,Sedge,Riparian,sandy clay,,SC,,0
,KER-2,6/15/25,2015-25 Or V3 p66,15,42,,,A,,sandy clay,moist,"M/VF-F, C/M","5 YR, 2.5/2",,,KER-2,,,,Kiln,Sedge,Riparian,sandy clay,,SC,,0
,KER-2,6/15/25,2015-25 Or V3 p66,42,55,,,A,,silty clay,wet,M/VF-F,"5 YR, 2.5/2",,,KER-2,,,,Kiln,Sedge,Riparian,silty clay,,SIC,,0
,KER-2,6/15/25,2015-25 Or V3 p66,55,64,,,A,,"sandy clay, MGR",saturated,"M/VF, C/F","7.5 YR, 4/1",,"gravel rounded, hit CGR or larger at 65 cm",KER-2,,,,Kiln,Sedge,Riparian,sandy clay,MGR,SC,"(5, 20)","(0.15, 0.35)"
,KER-2,6/15/25,2015-25 Or V3 p66,64,80,,,,,MGR,saturated,"M/VF-F, C/M",,,"10-20% coarse gravel, all enmeshed with coarse roots, interstices filled with fine gravel and coarse sand, all rounded",KER-2,,,,Kiln,Sedge,Riparian,mgr,,GR,,0
40,KHT-XE5S,7/16/21,yellow p78 for E6S (temp),0,13,,,O,humus,HO,dry,M/VF-M,"5 YR, 3/2",,,,,,,,,,,,,,
,KHT-XE5S,7/16/21,yellow p78 for E6S (temp),13,32,,,,HO,"clay loam, FGR",dry-moist,"M/VF-F, C/M","5 YR, 2.5/1",,,,,,,,,,,,,,
,KHT-XE5S,7/16/21,yellow p78 for E6S (temp),32,38,,,,,clay loam,dry,"C/VF, F/F","7.5 YR, 3/2",,fine gravel < 35%,,,,,,,,,,,,
,KHT-XE5S,7/16/21,yellow p78 for E6S (temp),38,46,,,,,silty clay,dry,F/VF,"7.5 YR, 3/3",,fine gravel < 35%,,,,,,,,,,,,
,KHT-XE5S,7/16/21,yellow p78 for E6S (temp),46,60,,,,,"silty clay, FGR",dry,F/VF-F,"7.5 YR, 4/2",,gravel sub-rounded,,,,,,,,,,,,
,KHT-XE5S,7/16/21,yellow p78 for E6S (temp),60,68,,,,,"sandy clay, VFGR",dry-moist,F/VF-F,"7.5 YR, 5/3",,,,,,,,,,,,,,
,KHT-XE5S,7/16/21,yellow p78 for E6S (temp),68,80,,,,,"sandy clay, VFGR",moist,F/VF-F,"7.5 YR, 5/3",,,,,,,,,,,,,,
,KHT-XE5S,7/16/21,yellow p78 for E6S (temp),80,91,,,,,sandy clay,moist,F/VF-F,"7.5 YR, 5/4; orange mottled",,,,,,,,,,,,,,
,KHT-XE5S,7/16/21,yellow p78 for E6S (temp),91,100,,,,,"clay, FGR",moist,F/VF-F,"7.5 YR, 5/4; orange mottled, purple fragments",,,,,,,,,,,,,,
,KHT-XE5S,7/16/21,yellow p77 at E5S (real data),100,108,,,,,"sandy clay, VFGR",wet,C/VF-M,"10 YR, 4/4",,gravel sub-rounded; deepened original well,,,,,,,,,,,,
,KHT-XE5S,7/16/21,yellow p77 at E5S (real data),108,113,,,,,"sandy clay, GR",wet,C/VF-M,"10 YR, 4/1; orange mottled, more gray",,gravel sub-rounded to 40 mm,,,,,,,,,,,,
,KHT-XE5S,7/16/21,yellow p77 at E5S (real data),113,120,,,,,"sandy clay, GR",wet,F/VF-F,"10 YR, 4/3; orange mottled",,gravel sub-rounded to 40 mm,,,,,,,,,,,,
,KHT-XE5S,7/16/21,yellow p77 at E5S (real data),120,126,,,,,"sandy clay, GR",wet,F/VF-F,"10 YR, 3/3; orange mottled",,gravel sub-rounded to 40 mm,,,,,,,,,,,,
,KHT-XE5S,7/16/21,yellow p77 at E5S (real data),126,130,,,,,"sandy clay, GR",saturated,C/VF-F,"10 YR, 3/3; orange mottled",,gravel sub-rounded to 40 mm,,,,,,,,,,,,
,KHT-XE5S,7/16/21,yellow p77 at E5S (real data),130,138,,,,,"sandy clay, XGR",saturated,F/VF-F,"10 YR, 4/4",,gravel sub-rounded to 40 mm,,,,,,,,,,,,
,KHT-XE5S,7/16/21,yellow p77 at E5S (real data),138,150,,,,,"sandy clay, XFGR",saturated,F/VF-F,"10 YR, 4/4",,finer gravel,,,,,,,,,,,,
,KHT-XE5S,7/16/21,yellow p77 at E5S (real data),150,165,,,,,"sandy clay, XGR",saturated,,"10 YR, 3/6",,"gravel sub-angular, larger to 45 mm",,,,,,,,,,,,
,KHT-XE5S,7/16/21,yellow p77 at E5S (real data),165,179,,,,,FGR,saturated,,,,"gravel rounded, mostly 2-4 mm, a few to 16 mm",,,,,,,,,,,,