,Date,Time,ms,DT,raw_LEVEL_m,TEMPERATURE,Rate of Change
0,7/17/2018,05:00:00 pm,0,2018-07-17 17:00:00,8.4395,9.601,0.0034000000000000696
1,7/17/2018,05:10:00 pm,0,2018-07-17 17:10:00,8.4388,9.567,0.0025000000000000356
2,7/17/2018,05:20:00 pm,0,2018-07-17 17:20:00,8.4382,9.542,0.002099999999999902
3,7/17/2018,05:30:00 pm,0,2018-07-17 17:30:00,8.4381,9.521,0.0017000000000001237
4,7/17/2018,05:40:00 pm,0,2018-07-17 17:40:00,8.4383,9.504,0.0013999999999999347
5,7/17/2018,05:50:00 pm,0,2018-07-17 17:50:00,8.4389,9.49,0.001100000000000101
6,7/17/2018,06:00:00 pm,0,2018-07-17 18:00:00,8.4396,9.479,0.0009999999999999788
7,7/17/2018,06:10:00 pm,0,2018-07-17 18:10:00,8.4409,9.469,0.0007999999999999119
8,7/17/2018,06:20:00 pm,0,2018-07-17 18:20:00,8.4429,9.461,0.0006999999999999674
9,7/17/2018,06:30:00 pm,0,2018-07-17 18:30:00,8.4454,9.454,0.0006000000000000227
10,7/17/2018,06:40:00 pm,0,2018-07-17 18:40:00,8.4474,9.448,0.0006000000000000227
11,7/17/2018,06:50:00 pm,0,2018-07-17 18:50:00,8.4508,9.442,0.0004999999999999005
12,7/17/2018,07:00:00 pm,0,2018-07-17 19:00:00,8.4542,9.437000000000001,0.0005000000000000782
13,7/17/2018,07:10:00 pm,0,2018-07-17 19:10:00,8.4586,9.432,0.0004000000000001336
14,7/17/2018,07:20:00 pm,0,2018-07-17 19:20:00,8.4635,9.427999999999999,0.00039999999999995595
15,7/17/2018,07:30:00 pm,0,2018-07-17 19:30:00,8.4677,9.424,0.00039999999999995595
16,7/17/2018,07:40:00 pm,0,2018-07-17 19:40:00,8.4723,9.42,0.00030000000000001136
17,7/17/2018,07:50:00 pm,0,2018-07-17 19:50:00,8.4776,9.417,0.00030000000000001136
18,7/17/2018,08:00:00 pm,0,2018-07-17 20:00:00,8.4818,9.414,0.00019999999999988915
19,7/17/2018,08:10:00 pm,0,2018-07-17 20:10:00,8.4864,9.412,0.0002000000000000668
20,7/17/2018,08:20:00 pm,0,2018-07-17 20:20:00,8.4911,9.41,0.00030000000000001136
21,7/17/2018,08:30:00 pm,0,2018-07-17 20:30:00,8.4948,9.407,0.0002000000000000668
22,7/17/2018,08:40:00 pm,0,2018-07-17 20:40:00,8.5,9.405,9.999999999994457e-05
23,7/17/2018,08:50:00 pm,0,2018-07-17 20:50:00,8.5032,9.404,0.00019999999999988915
24,7/17/2018,09:00:00 pm,0,2018-07-17 21:00:00,8.5068,9.402000000000001,0.00010000000000012221
25,7/17/2018,09:10:00 pm,0,2018-07-17 21:10:00,8.5098,9.401,9.999999999994457e-05
26,7/17/2018,09:20:00 pm,0,2018-07-17 21:20:00,8.5128,9.4,0.00010000000000012221
27,7/17/2018,09:30:00 pm,0,2018-07-17 21:30:00,8.5159,9.399,0.00019999999999988915
28,7/17/2018,09:40:00 pm,0,2018-07-17 21:40:00,8.5193,9.397,9.999999999994457e-05
29,7/17/2018,09:50:00 pm,0,2018-07-17 21:50:00,8.5222,9.396,0.00010000000000012221
30,7/17/2018,10:00:00 pm,0,2018-07-17 22:00:00,8.525,9.395,0.0
31,7/17/2018,10:10:00 pm,0,2018-07-17 22:10:00,8.5278,9.395,9.999999999994457e-05
32,7/17/2018,10:20:00 pm,0,2018-07-17 22:20:00,8.5306,9.394,0.0
33,7/17/2018,10:30:00 pm,0,2018-07-17 22:30:00,8.5327,9.394,0.00010000000000012221
34,7/17/2018,10:40:00 pm,0,2018-07-17 22:40:00,8.5345,9.392999999999999,0.0
35,7/17/2018,10:50:00 pm,0,2018-07-17 22:50:00,8.5364,9.392999999999999,9.999999999976694e-05
36,7/17/2018,11:00:00 pm,0,2018-07-17 23:00:00,8.5386,9.392000000000001,0.0
37,7/17/2018,11:10:00 pm,0,2018-07-17 23:10:00,8.5411,9.392000000000001,0.0
38,7/17/2018,11:20:00 pm,0,2018-07-17 23:20:00,8.5436,9.392000000000001,0.00010000000000012221
39,7/17/2018,11:30:00 pm,0,2018-07-17 23:30:00,8.5451,9.391,0.0
40,7/17/2018,11:40:00 pm,0,2018-07-17 23:40:00,8.5476,9.391,0.0
41,7/17/2018,11:50:00 pm,0,2018-07-17 23:50:00,8.55,9.391,0.0
42,7/18/2018,12:00:00 am,0,2018-07-18 00:00:00,8.5521,9.391,0.0
43,7/18/2018,12:10:00 am,0,2018-07-18 00:10:00,8.5539,9.391,0.0
44,7/18/2018,12:20:00 am,0,2018-07-18 00:20:00,8.5552,9.391,0.0
45,7/18/2018,12:30:00 am,0,2018-07-18 00:30:00,8.5568,9.391,0.0
46,7/18/2018,12:40:00 am,0,2018-07-18 00:40:00,8.5587,9.391,0.00010000000000012221
47,7/18/2018,12:50:00 am,0,2018-07-18 00:50:00,8.5595,9.392000000000001,0.0
48,7/18/2018,01:00:00 am,0,2018-07-18 01:00:00,8.5604,9.392000000000001,0.0
49,7/18/2018,01:10:00 am,0,2018-07-18 01:10:00,8.5615,9.392000000000001,0.0
50,7/18/2018,01:20:00 am,0,2018-07-18 01:20:00,8.5624,9.392000000000001,0.0
51,7/18/2018,01:30:00 am,0,2018-07-18 01:30:00,8.5636,9.392000000000001,0.0
52,7/18/2018,01:40:00 am,0,2018-07-18 01:40:00,8.5646,9.392000000000001,0.0
53,7/18/2018,01:50:00 am,0,2018-07-18 01:50:00,8.5661,9.392000000000001,9.999999999976694e-05
54,7/18/2018,02:00:00 am,0,2018-07-18 02:00:00,8.5672,9.392999999999999,0.0
55,7/18/2018,02:10:00 am,0,2018-07-18 02:10:00,8.568,9.392999999999999,0.0
56,7/18/2018,02:20:00 am,0,2018-07-18 02:20:00,8.569,9.392999999999999,0.00010000000000012221
57,7/18/2018,02:30:00 am,0,2018-07-18 02:30:00,8.5702,9.394,0.00010000000000012221
58,7/18/2018,02:40:00 am,0,2018-07-18 02:40:00,8.5711,9.392999999999999,0.00010000000000012221
59,7/18/2018,02:50:00 am,0,2018-07-18 02:50:00,8.5719,9.394,0.0
60,7/18/2018,03:00:00 am,0,2018-07-18 03:00:00,8.5733,9.394,0.0
61,7/18/2018,03:10:00 am,0,2018-07-18 03:10:00,8.5739,9.394,0.0
62,7/18/2018,03:20:00 am,0,2018-07-18 03:20:00,8.5746,9.394,9.999999999994457e-05
63,7/18/2018,03:30:00 am,0,2018-07-18 03:30:00,8.5751,9.395,0.00010000000000012221
64,7/18/2018,03:40:00 am,0,2018-07-18 03:40:00,8.5756,9.396,0.0
65,7/18/2018,03:50:00 am,0,2018-07-18 03:50:00,8.5761,9.396,0.0
66,7/18/2018,04:00:00 am,0,2018-07-18 04:00:00,8.5772,9.396,0.0
67,7/18/2018,04:10:00 am,0,2018-07-18 04:10:00,8.5782,9.396,9.999999999994457e-05
68,7/18/2018,04:20:00 am,0,2018-07-18 04:20:00,8.5793,9.397,0.0
69,7/18/2018,04:30:00 am,0,2018-07-18 04:30:00,8.5802,9.397,9.999999999994457e-05
70,7/18/2018,04:40:00 am,0,2018-07-18 04:40:00,8.581,9.398,9.999999999994457e-05
71,7/18/2018,04:50:00 am,0,2018-07-18 04:50:00,8.582,9.397,9.999999999994457e-05
72,7/18/2018,05:00:00 am,0,2018-07-18 05:00:00,8.5828,9.398,9.999999999994457e-05
73,7/18/2018,05:10:00 am,0,2018-07-18 05:10:00,8.5835,9.399,0.0
74,7/18/2018,05:20:00 am,0,2018-07-18 05:20:00,8.5845,9.399,0.0
75,7/18/2018,05:30:00 am,0,2018-07-18 05:30:00,8.5858,9.399,0.0
76,7/18/2018,05:40:00 am,0,2018-07-18 05:40:00,8.5871,9.399,0.00010000000000012221
77,7/18/2018,05:50:00 am,0,2018-07-18 05:50:00,8.5878,9.4,9.999999999994457e-05
78,7/18/2018,06:00:00 am,0,2018-07-18 06:00:00,8.5884,9.401,0.0
79,7/18/2018,06:10:00 am,0,2018-07-18 06:10:00,8.5894,9.401,0.0
80,7/18/2018,06:20:00 am,0,2018-07-18 06:20:00,8.5908,9.401,0.00010000000000012221
81,7/18/2018,06:30:00 am,0,2018-07-18 06:30:00,8.5917,9.402000000000001,0.0
82,7/18/2018,06:40:00 am,0,2018-07-18 06:40:00,8.5926,9.402000000000001,0.0
83,7/18/2018,06:50:00 am,0,2018-07-18 06:50:00,8.5929,9.402000000000001,9.999999999976694e-05
84,7/18/2018,07:00:00 am,0,2018-07-18 07:00:00,8.5939,9.402999999999999,0.0
85,7/18/2018,07:10:00 am,0,2018-07-18 07:10:00,8.5952,9.402999999999999,0.00010000000000012221
86,7/18/2018,07:20:00 am,0,2018-07-18 07:20:00,8.5955,9.404,9.999999999994457e-05
87,7/18/2018,07:30:00 am,0,2018-07-18 07:30:00,8.5959,9.405,0.0002000000000000668
88,7/18/2018,07:40:00 am,0,2018-07-18 07:40:00,8.5957,9.407,0.00019999999999988915
89,7/18/2018,07:50:00 am,0,2018-07-18 07:50:00,8.5956,9.408999999999999,0.0002000000000000668
90,7/18/2018,08:00:00 am,0,2018-07-18 08:00:00,8.596,9.411,0.00010000000000012221
91,7/18/2018,08:10:00 am,0,2018-07-18 08:10:00,8.5964,9.412,9.999999999994457e-05
92,7/18/2018,08:20:00 am,0,2018-07-18 08:20:00,8.5964,9.413,0.00019999999999988915
93,7/18/2018,08:30:00 am,0,2018-07-18 08:30:00,8.5967,9.415,0.00010000000000012221
94,7/18/2018,08:40:00 am,0,2018-07-18 08:40:00,8.5971,9.416,9.999999999994457e-05
95,7/18/2018,08:50:00 am,0,2018-07-18 08:50:00,8.5968,9.417,9.999999999994457e-05
96,7/18/2018,09:00:00 am,0,2018-07-18 09:00:00,8.597,9.418,0.0002000000000000668
97,7/18/2018,09:10:00 am,0,2018-07-18 09:10:00,8.5963,9.42,9.999999999994457e-05
98,7/18/2018,09:20:00 am,0,2018-07-18 09:20:00,8.5947,9.421,0.0002000000000000668
99,7/18/2018,09:30:00 am,0,2018-07-18 09:30:00,8.5931,9.423,9.999999999994457e-05
100,7/18/2018,09:40:00 am,0,2018-07-18 09:40:00,8.5907,9.424,0.00010000000000012221
101,7/18/2018,09:50:00 am,0,2018-07-18 09:50:00,8.589,9.425,0.00019999999999988915
102,7/18/2018,10:00:00 am,0,2018-07-18 10:00:00,8.5869,9.427,0.0002000000000000668
103,7/18/2018,10:10:00 am,0,2018-07-18 10:10:00,8.5843,9.429,9.999999999994457e-05
104,7/18/2018,10:20:00 am,0,2018-07-18 10:20:00,8.5815,9.43,0.00010000000000012221
105,7/18/2018,10:30:00 am,0,2018-07-18 10:30:00,8.5787,9.431000000000001,0.00019999999999988915
106,7/18/2018,10:40:00 am,0,2018-07-18 10:40:00,8.5748,9.433,0.0002000000000000668
107,7/18/2018,10:50:00 am,0,2018-07-18 10:50:00,8.5718,9.435,0.0002000000000000668
108,7/18/2018,11:00:00 am,0,2018-07-18 11:00:00,8.5678,9.437000000000001,0.00019999999999988915
109,7/18/2018,11:10:00 am,0,2018-07-18 11:10:00,8.5642,9.439,9.999999999994457e-05
110,7/18/2018,11:20:00 am,0,2018-07-18 11:20:00,8.56,9.44,0.0002000000000000668
111,7/18/2018,11:30:00 am,0,2018-07-18 11:30:00,8.556,9.442,9.999999999994457e-05
112,7/18/2018,11:40:00 am,0,2018-07-18 11:40:00,8.551,9.443,9.999999999994457e-05
113,7/18/2018,11:50:00 am,0,2018-07-18 11:50:00,8.547,9.443999999999999,0.0002000000000000668
114,7/18/2018,12:00:00 pm,0,2018-07-18 12:00:00,8.5412,9.446,0.0002000000000000668
115,7/18/2018,12:10:00 pm,0,2018-07-18 12:10:00,8.5364,9.448,9.999999999994457e-05
116,7/18/2018,12:20:00 pm,0,2018-07-18 12:20:00,8.5322,9.449,9.999999999994457e-05
117,7/18/2018,12:30:00 pm,0,2018-07-18 12:30:00,8.5276,9.45,0.00010000000000012221
118,7/18/2018,12:40:00 pm,0,2018-07-18 12:40:00,8.5225,9.451,0.00019999999999988915
119,7/18/2018,12:50:00 pm,0,2018-07-18 12:50:00,8.5175,9.453,0.0002000000000000668
120,7/18/2018,01:00:00 pm,0,2018-07-18 13:00:00,8.5121,9.455,9.999999999994457e-05
121,7/18/2018,01:10:00 pm,0,2018-07-18 13:10:00,8.5075,9.456,0.00010000000000012221
122,7/18/2018,01:20:00 pm,0,2018-07-18 13:20:00,8.5027,9.457,9.999999999994457e-05
123,7/18/2018,01:30:00 pm,0,2018-07-18 13:30:00,8.4988,9.458,0.0
124,7/18/2018,01:40:00 pm,0,2018-07-18 13:40:00,8.4945,9.458,9.999999999994457e-05
125,7/18/2018,01:50:00 pm,0,2018-07-18 13:50:00,8.4893,9.459,0.00010000000000012221
126,7/18/2018,02:00:00 pm,0,2018-07-18 14:00:00,8.4851,9.46,0.0
127,7/18/2018,02:10:00 pm,0,2018-07-18 14:10:00,8.4814,9.46,0.0
128,7/18/2018,02:20:00 pm,0,2018-07-18 14:20:00,8.4779,9.46,9.999999999994457e-05
129,7/18/2018,02:30:00 pm,0,2018-07-18 14:30:00,8.4742,9.461,0.0
130,7/18/2018,02:40:00 pm,0,2018-07-18 14:40:00,8.4707,9.461,0.0
131,7/18/2018,02:50:00 pm,0,2018-07-18 14:50:00,8.4674,9.461,0.0
132,7/18/2018,03:00:00 pm,0,2018-07-18 15:00:00,8.4637,9.461,0.0
133,7/18/2018,03:10:00 pm,0,2018-07-18 15:10:00,8.4606,9.461,0.0
134,7/18/2018,03:20:00 pm,0,2018-07-18 15:20:00,8.4575,9.461,0.0
135,7/18/2018,03:30:00 pm,0,2018-07-18 15:30:00,8.4545,9.461,0.0
136,7/18/2018,03:40:00 pm,0,2018-07-18 15:40:00,8.4526,9.461,0.0
137,7/18/2018,03:50:00 pm,0,2018-07-18 15:50:00,8.4504,9.461,0.0
138,7/18/2018,04:00:00 pm,0,2018-07-18 16:00:00,8.4482,9.461,0.0
139,7/18/2018,04:10:00 pm,0,2018-07-18 16:10:00,8.4468,9.461,9.999999999994457e-05
140,7/18/2018,04:20:00 pm,0,2018-07-18 16:20:00,8.4453,9.46,0.00010000000000012221
141,7/18/2018,04:30:00 pm,0,2018-07-18 16:30:00,8.4444,9.459,0.0
142,7/18/2018,04:40:00 pm,0,2018-07-18 16:40:00,8.4436,9.459,9.999999999994457e-05
143,7/18/2018,04:50:00 pm,0,2018-07-18 16:50:00,8.4434,9.458,0.0
144,7/18/2018,05:00:00 pm,0,2018-07-18 17:00:00,8.4423,9.458,0.0
145,7/18/2018,05:10:00 pm,0,2018-07-18 17:10:00,8.4425,9.458,0.0002000000000000668
146,7/18/2018,05:20:00 pm,0,2018-07-18 17:20:00,8.4428,9.456,9.999999999994457e-05
147,7/18/2018,05:30:00 pm,0,2018-07-18 17:30:00,8.4431,9.455,0.0
148,7/18/2018,05:40:00 pm,0,2018-07-18 17:40:00,8.4428,9.455,9.999999999994457e-05
149,7/18/2018,05:50:00 pm,0,2018-07-18 17:50:00,8.4437,9.454,0.00010000000000012221
150,7/18/2018,06:00:00 pm,0,2018-07-18 18:00:00,8.4442,9.453,9.999999999994457e-05
151,7/18/2018,06:10:00 pm,0,2018-07-18 18:10:00,8.445,9.452,9.999999999994457e-05
152,7/18/2018,06:20:00 pm,0,2018-07-18 18:20:00,8.446,9.451,0.00010000000000012221
153,7/18/2018,06:30:00 pm,0,2018-07-18 18:30:00,8.4477,9.45,9.999999999994457e-05
154,7/18/2018,06:40:00 pm,0,2018-07-18 18:40:00,8.4496,9.449,9.999999999994457e-05
155,7/18/2018,06:50:00 pm,0,2018-07-18 18:50:00,8.4522,9.448,0.0002000000000000668
156,7/18/2018,07:00:00 pm,0,2018-07-18 19:00:00,8.4551,9.446,0.0002000000000000668
157,7/18/2018,07:10:00 pm,0,2018-07-18 19:10:00,8.4587,9.443999999999999,0.00019999999999988915
158,7/18/2018,07:20:00 pm,0,2018-07-18 19:20:00,8.4629,9.442,0.0002000000000000668
159,7/18/2018,07:30:00 pm,0,2018-07-18 19:30:00,8.4674,9.44,9.999999999994457e-05
160,7/18/2018,07:40:00 pm,0,2018-07-18 19:40:00,8.471,9.439,0.00010000000000012221
161,7/18/2018,07:50:00 pm,0,2018-07-18 19:50:00,8.4743,9.437999999999999,9.999999999976694e-05
162,7/18/2018,08:00:00 pm,0,2018-07-18 20:00:00,8.4784,9.437000000000001,0.00010000000000012221
163,7/18/2018,08:10:00 pm,0,2018-07-18 20:10:00,8.4828,9.436,9.999999999994457e-05
164,7/18/2018,08:20:00 pm,0,2018-07-18 20:20:00,8.4861,9.435,0.0
165,7/18/2018,08:30:00 pm,0,2018-07-18 20:30:00,8.4896,9.435,0.00010000000000012221
166,7/18/2018,08:40:00 pm,0,2018-07-18 20:40:00,8.4931,9.434,0.0
167,7/18/2018,08:50:00 pm,0,2018-07-18 20:50:00,8.4954,9.434,9.999999999994457e-05
168,7/18/2018,09:00:00 pm,0,2018-07-18 21:00:00,8.4984,9.433,0.0
169,7/18/2018,09:10:00 pm,0,2018-07-18 21:10:00,8.5009,9.433,0.0
170,7/18/2018,09:20:00 pm,0,2018-07-18 21:20:00,8.5043,9.433,0.0
171,7/18/2018,09:30:00 pm,0,2018-07-18 21:30:00,8.5072,9.433,0.0
172,7/18/2018,09:40:00 pm,0,2018-07-18 21:40:00,8.5107,9.433,0.0
173,7/18/2018,09:50:00 pm,0,2018-07-18 21:50:00,8.5135,9.433,0.0
174,7/18/2018,10:00:00 pm,0,2018-07-18 22:00:00,8.5164,9.433,0.0
175,7/18/2018,10:10:00 pm,0,2018-07-18 22:10:00,8.5189,9.433,9.999999999994457e-05
176,7/18/2018,10:20:00 pm,0,2018-07-18 22:20:00,8.5211,9.432,9.999999999994457e-05
177,7/18/2018,10:30:00 pm,0,2018-07-18 22:30:00,8.5234,9.433,0.0
178,7/18/2018,10:40:00 pm,0,2018-07-18 22:40:00,8.5251,9.433,0.0
179,7/18/2018,10:50:00 pm,0,2018-07-18 22:50:00,8.5271,9.433,0.0
180,7/18/2018,11:00:00 pm,0,2018-07-18 23:00:00,8.5287,9.433,0.0
181,7/18/2018,11:10:00 pm,0,2018-07-18 23:10:00,8.5312,9.433,9.999999999994457e-05
182,7/18/2018,11:20:00 pm,0,2018-07-18 23:20:00,8.533,9.434,9.999999999994457e-05
183,7/18/2018,11:30:00 pm,0,2018-07-18 23:30:00,8.5344,9.433,9.999999999994457e-05
184,7/18/2018,11:40:00 pm,0,2018-07-18 23:40:00,8.5366,9.434,0.0
185,7/18/2018,11:50:00 pm,0,2018-07-18 23:50:00,8.5387,9.434,0.0
186,7/19/2018,12:00:00 am,0,2018-07-19 00:00:00,8.5403,9.434,0.0
187,7/19/2018,12:10:00 am,0,2018-07-19 00:10:00,8.5419,9.434,0.00010000000000012221
188,7/19/2018,12:20:00 am,0,2018-07-19 00:20:00,8.5434,9.435,0.0
189,7/19/2018,12:30:00 am,0,2018-07-19 00:30:00,8.5452,9.435,0.0
190,7/19/2018,12:40:00 am,0,2018-07-19 00:40:00,8.546,9.435,0.0
191,7/19/2018,12:50:00 am,0,2018-07-19 00:50:00,8.5478,9.435,0.0
192,7/19/2018,01:00:00 am,0,2018-07-19 01:00:00,8.549,9.435,9.999999999994457e-05
193,7/19/2018,01:10:00 am,0,2018-07-19 01:10:00,8.5499,9.436,0.0
194,7/19/2018,01:20:00 am,0,2018-07-19 01:20:00,8.5508,9.436,0.0
195,7/19/2018,01:30:00 am,0,2018-07-19 01:30:00,8.5518,9.436,0.0
196,7/19/2018,01:40:00 am,0,2018-07-19 01:40:00,8.5526,9.436,0.0
197,7/19/2018,01:50:00 am,0,2018-07-19 01:50:00,8.5537,9.436,0.00010000000000012221
198,7/19/2018,02:00:00 am,0,2018-07-19 02:00:00,8.5544,9.437000000000001,0.0
199,7/19/2018,02:10:00 am,0,2018-07-19 02:10:00,8.5549,9.437000000000001,0.0
200,7/19/2018,02:20:00 am,0,2018-07-19 02:20:00,8.5559,9.437000000000001,0.0
201,7/19/2018,02:30:00 am,0,2018-07-19 02:30:00,8.557,9.437000000000001,0.0
202,7/19/2018,02:40:00 am,0,2018-07-19 02:40:00,8.5581,9.437000000000001,0.0
203,7/19/2018,02:50:00 am,0,2018-07-19 02:50:00,8.5588,9.437000000000001,9.999999999976694e-05
204,7/19/2018,03:00:00 am,0,2018-07-19 03:00:00,8.5597,9.437999999999999,0.0
205,7/19/2018,03:10:00 am,0,2018-07-19 03:10:00,8.561,9.437999999999999,0.0
206,7/19/2018,03:20:00 am,0,2018-07-19 03:20:00,8.5614,9.437999999999999,0.00010000000000012221
207,7/19/2018,03:30:00 am,0,2018-07-19 03:30:00,8.5621,9.439,0.0
208,7/19/2018,03:40:00 am,0,2018-07-19 03:40:00,8.5628,9.439,0.0
209,7/19/2018,03:50:00 am,0,2018-07-19 03:50:00,8.5635,9.439,0.0
210,7/19/2018,04:00:00 am,0,2018-07-19 04:00:00,8.564,9.439,0.0
211,7/19/2018,04:10:00 am,0,2018-07-19 04:10:00,8.565,9.439,9.999999999994457e-05
212,7/19/2018,04:20:00 am,0,2018-07-19 04:20:00,8.5663,9.44,0.0
213,7/19/2018,04:30:00 am,0,2018-07-19 04:30:00,8.5672,9.44,0.0
214,7/19/2018,04:40:00 am,0,2018-07-19 04:40:00,8.5679,9.44,0.00010000000000012221
215,7/19/2018,04:50:00 am,0,2018-07-19 04:50:00,8.5682,9.441,0.0
216,7/19/2018,05:00:00 am,0,2018-07-19 05:00:00,8.5685,9.441,0.0
217,7/19/2018,05:10:00 am,0,2018-07-19 05:10:00,8.5696,9.441,0.0
218,7/19/2018,05:20:00 am,0,2018-07-19 05:20:00,8.5697,9.441,9.999999999994457e-05
219,7/19/2018,05:30:00 am,0,2018-07-19 05:30:00,8.5701,9.442,0.0
220,7/19/2018,05:40:00 am,0,2018-07-19 05:40:00,8.5707,9.442,0.0
221,7/19/2018,05:50:00 am,0,2018-07-19 05:50:00,8.5718,9.442,9.999999999994457e-05
222,7/19/2018,06:00:00 am,0,2018-07-19 06:00:00,8.5726,9.443,0.0
223,7/19/2018,06:10:00 am,0,2018-07-19 06:10:00,8.5732,9.443,0.0
224,7/19/2018,06:20:00 am,0,2018-07-19 06:20:00,8.5741,9.443,9.999999999994457e-05
225,7/19/2018,06:30:00 am,0,2018-07-19 06:30:00,8.5751,9.443999999999999,0.0
226,7/19/2018,06:40:00 am,0,2018-07-19 06:40:00,8.5761,9.443999999999999,0.0
227,7/19/2018,06:50:00 am,0,2018-07-19 06:50:00,8.5773,9.443999999999999,0.00010000000000012221
228,7/19/2018,07:00:00 am,0,2018-07-19 07:00:00,8.5782,9.445,0.0
229,7/19/2018,07:10:00 am,0,2018-07-19 07:10:00,8.5787,9.445,0.0
230,7/19/2018,07:20:00 am,0,2018-07-19 07:20:00,8.5794,9.445,9.999999999994457e-05
231,7/19/2018,07:30:00 am,0,2018-07-19 07:30:00,8.5802,9.446,0.0002000000000000668
232,7/19/2018,07:40:00 am,0,2018-07-19 07:40:00,8.5807,9.448,0.00019999999999988915
233,7/19/2018,07:50:00 am,0,2018-07-19 07:50:00,8.5812,9.45,0.00010000000000012221
234,7/19/2018,08:00:00 am,0,2018-07-19 08:00:00,8.5814,9.451,9.999999999994457e-05
235,7/19/2018,08:10:00 am,0,2018-07-19 08:10:00,8.582,9.452,9.999999999994457e-05
236,7/19/2018,08:20:00 am,0,2018-07-19 08:20:00,8.5824,9.453,0.0
237,7/19/2018,08:30:00 am,0,2018-07-19 08:30:00,8.5828,9.453,0.0002000000000000668
238,7/19/2018,08:40:00 am,0,2018-07-19 08:40:00,8.5831,9.455,9.999999999994457e-05
239,7/19/2018,08:50:00 am,0,2018-07-19 08:50:00,8.5824,9.456,0.00010000000000012221
240,7/19/2018,09:00:00 am,0,2018-07-19 09:00:00,8.5819,9.457,9.999999999994457e-05
241,7/19/2018,09:10:00 am,0,2018-07-19 09:10:00,8.5809,9.458,9.999999999994457e-05
242,7/19/2018,09:20:00 am,0,2018-07-19 09:20:00,8.5799,9.459,0.00010000000000012221
243,7/19/2018,09:30:00 am,0,2018-07-19 09:30:00,8.5781,9.46,0.00019999999999988915
244,7/19/2018,09:40:00 am,0,2018-07-19 09:40:00,8.5761,9.462,9.999999999994457e-05
245,7/19/2018,09:50:00 am,0,2018-07-19 09:50:00,8.5738,9.463,0.00010000000000012221
246,7/19/2018,10:00:00 am,0,2018-07-19 10:00:00,8.5721,9.464,0.0002000000000000668
247,7/19/2018,10:10:00 am,0,2018-07-19 10:10:00,8.5694,9.466000000000001,9.999999999994457e-05
248,7/19/2018,10:20:00 am,0,2018-07-19 10:20:00,8.5665,9.467,9.999999999994457e-05
249,7/19/2018,10:30:00 am,0,2018-07-19 10:30:00,8.5632,9.468,9.999999999994457e-05
250,7/19/2018,10:40:00 am,0,2018-07-19 10:40:00,8.5599,9.469,0.0002000000000000668
251,7/19/2018,10:50:00 am,0,2018-07-19 10:50:00,8.5566,9.471,0.00019999999999988915
252,7/19/2018,11:00:00 am,0,2018-07-19 11:00:00,8.5527,9.472999999999999,0.0002000000000000668
253,7/19/2018,11:10:00 am,0,2018-07-19 11:10:00,8.549,9.475,0.00010000000000012221
254,7/19/2018,11:20:00 am,0,2018-07-19 11:20:00,8.5458,9.476,9.999999999994457e-05
255,7/19/2018,11:30:00 am,0,2018-07-19 11:30:00,8.5412,9.477,0.00019999999999988915
256,7/19/2018,11:40:00 am,0,2018-07-19 11:40:00,8.5361,9.479,0.00010000000000012221
257,7/19/2018,11:50:00 am,0,2018-07-19 11:50:00,8.5312,9.48,0.0002000000000000668
258,7/19/2018,12:00:00 pm,0,2018-07-19 12:00:00,8.5253,9.482000000000001,9.999999999976694e-05
259,7/19/2018,12:10:00 pm,0,2018-07-19 12:10:00,8.5194,9.482999999999999,0.00010000000000012221
260,7/19/2018,12:20:00 pm,0,2018-07-19 12:20:00,8.515,9.484,0.0002000000000000668
261,7/19/2018,12:30:00 pm,0,2018-07-19 12:30:00,8.5098,9.486,9.999999999994457e-05
262,7/19/2018,12:40:00 pm,0,2018-07-19 12:40:00,8.505,9.487,9.999999999994457e-05
263,7/19/2018,12:50:00 pm,0,2018-07-19 12:50:00,8.4997,9.488,0.0002000000000000668
264,7/19/2018,01:00:00 pm,0,2018-07-19 13:00:00,8.495,9.49,9.999999999994457e-05
265,7/19/2018,01:10:00 pm,0,2018-07-19 13:10:00,8.4888,9.491,0.00010000000000012221
266,7/19/2018,01:20:00 pm,0,2018-07-19 13:20:00,8.4832,9.492,9.999999999994457e-05
267,7/19/2018,01:30:00 pm,0,2018-07-19 13:30:00,8.4792,9.493,0.0
268,7/19/2018,01:40:00 pm,0,2018-07-19 13:40:00,8.4741,9.493,9.999999999994457e-05
269,7/19/2018,01:50:00 pm,0,2018-07-19 13:50:00,8.4691,9.494,9.999999999994457e-05
270,7/19/2018,02:00:00 pm,0,2018-07-19 14:00:00,8.4652,9.495,0.0
271,7/19/2018,02:10:00 pm,0,2018-07-19 14:10:00,8.4605,9.495,0.00010000000000012221
272,7/19/2018,02:20:00 pm,0,2018-07-19 14:20:00,8.4563,9.496,0.0
273,7/19/2018,02:30:00 pm,0,2018-07-19 14:30:00,8.4526,9.496,0.0
274,7/19/2018,02:40:00 pm,0,2018-07-19 14:40:00,8.4484,9.496,9.999999999994457e-05
275,7/19/2018,02:50:00 pm,0,2018-07-19 14:50:00,8.4441,9.497,9.999999999994457e-05
276,7/19/2018,03:00:00 pm,0,2018-07-19 15:00:00,8.4405,9.496,0.0
277,7/19/2018,03:10:00 pm,0,2018-07-19 15:10:00,8.4372,9.496,0.0
278,7/19/2018,03:20:00 pm,0,2018-07-19 15:20:00,8.4339,9.496,0.0
279,7/19/2018,03:30:00 pm,0,2018-07-19 15:30:00,8.4313,9.496,0.0
280,7/19/2018,03:40:00 pm,0,2018-07-19 15:40:00,8.4291,9.496,0.00010000000000012221
281,7/19/2018,03:50:00 pm,0,2018-07-19 15:50:00,8.4265,9.495,0.0
282,7/19/2018,04:00:00 pm,0,2018-07-19 16:00:00,8.4243,9.495,0.0
283,7/19/2018,04:10:00 pm,0,2018-07-19 16:10:00,8.4223,9.495,9.999999999994457e-05
284,7/19/2018,04:20:00 pm,0,2018-07-19 16:20:00,8.421,9.494,9.999999999994457e-05
285,7/19/2018,04:30:00 pm,0,2018-07-19 16:30:00,8.4194,9.493,0.0
286,7/19/2018,04:40:00 pm,0,2018-07-19 16:40:00,8.4181,9.493,9.999999999994457e-05
287,7/19/2018,04:50:00 pm,0,2018-07-19 16:50:00,8.4178,9.492,0.00010000000000012221
288,7/19/2018,05:00:00 pm,0,2018-07-19 17:00:00,8.4179,9.491,0.0
289,7/19/2018,05:10:00 pm,0,2018-07-19 17:10:00,8.4182,9.491,0.0002000000000000668
290,7/19/2018,05:20:00 pm,0,2018-07-19 17:20:00,8.4178,9.488999999999999,9.999999999994457e-05
291,7/19/2018,05:30:00 pm,0,2018-07-19 17:30:00,8.4186,9.488,9.999999999994457e-05
292,7/19/2018,05:40:00 pm,0,2018-07-19 17:40:00,8.4189,9.487,9.999999999994457e-05
293,7/19/2018,05:50:00 pm,0,2018-07-19 17:50:00,8.4187,9.486,0.00010000000000012221
294,7/19/2018,06:00:00 pm,0,2018-07-19 18:00:00,8.4184,9.485,0.0
295,7/19/2018,06:10:00 pm,0,2018-07-19 18:10:00,8.4196,9.485,9.999999999994457e-05
296,7/19/2018,06:20:00 pm,0,2018-07-19 18:20:00,8.4205,9.484,0.00010000000000012221
297,7/19/2018,06:30:00 pm,0,2018-07-19 18:30:00,8.4234,9.482999999999999,9.999999999976694e-05
298,7/19/2018,06:40:00 pm,0,2018-07-19 18:40:00,8.4255,9.482000000000001,0.00010000000000012221
299,7/19/2018,06:50:00 pm,0,2018-07-19 18:50:00,8.4275,9.481,9.999999999994457e-05
300,7/19/2018,07:00:00 pm,0,2018-07-19 19:00:00,8.4304,9.48,0.0002000000000000668
301,7/19/2018,07:10:00 pm,0,2018-07-19 19:10:00,8.4334,9.478,0.00019999999999988915
302,7/19/2018,07:20:00 pm,0,2018-07-19 19:20:00,8.4362,9.476,0.00010000000000012221
303,7/19/2018,07:30:00 pm,0,2018-07-19 19:30:00,8.4388,9.475,9.999999999994457e-05
304,7/19/2018,07:40:00 pm,0,2018-07-19 19:40:00,8.4423,9.474,0.00010000000000012221
305,7/19/2018,07:50:00 pm,0,2018-07-19 19:50:00,8.448,9.472999999999999,0.00019999999999988915
306,7/19/2018,08:00:00 pm,0,2018-07-19 20:00:00,8.452,9.471,0.0
307,7/19/2018,08:10:00 pm,0,2018-07-19 20:10:00,8.4554,9.471,9.999999999994457e-05
308,7/19/2018,08:20:00 pm,0,2018-07-19 20:20:00,8.4592,9.47,0.00010000000000012221
309,7/19/2018,08:30:00 pm,0,2018-07-19 20:30:00,8.4623,9.469,9.999999999994457e-05
310,7/19/2018,08:40:00 pm,0,2018-07-19 20:40:00,8.4662,9.468,0.0
311,7/19/2018,08:50:00 pm,0,2018-07-19 20:50:00,8.4693,9.468,9.999999999994457e-05
312,7/19/2018,09:00:00 pm,0,2018-07-19 21:00:00,8.4728,9.467,9.999999999994457e-05
313,7/19/2018,09:10:00 pm,0,2018-07-19 21:10:00,8.4761,9.466000000000001,0.0
314,7/19/2018,09:20:00 pm,0,2018-07-19 21:20:00,8.48,9.466000000000001,0.0
315,7/19/2018,09:30:00 pm,0,2018-07-19 21:30:00,8.4831,9.466000000000001,0.00010000000000012221
316,7/19/2018,09:40:00 pm,0,2018-07-19 21:40:00,8.4859,9.465,0.0
317,7/19/2018,09:50:00 pm,0,2018-07-19 21:50:00,8.4881,9.465,0.0
318,7/19/2018,10:00:00 pm,0,2018-07-19 22:00:00,8.4906,9.465,0.0
319,7/19/2018,10:10:00 pm,0,2018-07-19 22:10:00,8.4937,9.465,0.0
320,7/19/2018,10:20:00 pm,0,2018-07-19 22:20:00,8.4965,9.465,0.0
321,7/19/2018,10:30:00 pm,0,2018-07-19 22:30:00,8.4986,9.465,0.0
322,7/19/2018,10:40:00 pm,0,2018-07-19 22:40:00,8.5006,9.465,0.0
323,7/19/2018,10:50:00 pm,0,2018-07-19 22:50:00,8.5033,9.465,9.999999999994457e-05
324,7/19/2018,11:00:00 pm,0,2018-07-19 23:00:00,8.5058,9.464,9.999999999994457e-05
325,7/19/2018,11:10:00 pm,0,2018-07-19 23:10:00,8.5075,9.465,0.0
326,7/19/2018,11:20:00 pm,0,2018-07-19 23:20:00,8.5089,9.465,0.0
327,7/19/2018,11:30:00 pm,0,2018-07-19 23:30:00,8.5103,9.465,0.0
328,7/19/2018,11:40:00 pm,0,2018-07-19 23:40:00,8.5127,9.465,0.0
329,7/19/2018,11:50:00 pm,0,2018-07-19 23:50:00,8.514,9.465,9.999999999994457e-05
330,7/20/2018,12:00:00 am,0,2018-07-20 00:00:00,8.5152,9.464,9.999999999994457e-05
331,7/20/2018,12:10:00 am,0,2018-07-20 00:10:00,8.5169,9.465,0.0
332,7/20/2018,12:20:00 am,0,2018-07-20 00:20:00,8.5189,9.465,0.0
333,7/20/2018,12:30:00 am,0,2018-07-20 00:30:00,8.5205,9.465,0.0
334,7/20/2018,12:40:00 am,0,2018-07-20 00:40:00,8.5216,9.465,0.0
335,7/20/2018,12:50:00 am,0,2018-07-20 00:50:00,8.5224,9.465,0.0
336,7/20/2018,01:00:00 am,0,2018-07-20 01:00:00,8.5241,9.465,0.0
337,7/20/2018,01:10:00 am,0,2018-07-20 01:10:00,8.5254,9.465,0.00010000000000012221
338,7/20/2018,01:20:00 am,0,2018-07-20 01:20:00,8.5266,9.466000000000001,0.0
339,7/20/2018,01:30:00 am,0,2018-07-20 01:30:00,8.5275,9.466000000000001,0.0
340,7/20/2018,01:40:00 am,0,2018-07-20 01:40:00,8.5287,9.466000000000001,0.0
341,7/20/2018,01:50:00 am,0,2018-07-20 01:50:00,8.5301,9.466000000000001,0.0
342,7/20/2018,02:00:00 am,0,2018-07-20 02:00:00,8.5308,9.466000000000001,0.0
343,7/20/2018,02:10:00 am,0,2018-07-20 02:10:00,8.5315,9.466000000000001,9.999999999994457e-05
344,7/20/2018,02:20:00 am,0,2018-07-20 02:20:00,8.5322,9.467,0.0
345,7/20/2018,02:30:00 am,0,2018-07-20 02:30:00,8.5338,9.467,9.999999999994457e-05
346,7/20/2018,02:40:00 am,0,2018-07-20 02:40:00,8.5348,9.466000000000001,9.999999999994457e-05
347,7/20/2018,02:50:00 am,0,2018-07-20 02:50:00,8.5359,9.467,0.0
348,7/20/2018,03:00:00 am,0,2018-07-20 03:00:00,8.5369,9.467,0.0
349,7/20/2018,03:10:00 am,0,2018-07-20 03:10:00,8.5378,9.467,0.0
350,7/20/2018,03:20:00 am,0,2018-07-20 03:20:00,8.5393,9.467,9.999999999994457e-05
351,7/20/2018,03:30:00 am,0,2018-07-20 03:30:00,8.5399,9.468,0.0
352,7/20/2018,03:40:00 am,0,2018-07-20 03:40:00,8.5412,9.468,0.0
353,7/20/2018,03:50:00 am,0,2018-07-20 03:50:00,8.5426,9.468,0.0
354,7/20/2018,04:00:00 am,0,2018-07-20 04:00:00,8.544,9.468,9.999999999994457e-05
355,7/20/2018,04:10:00 am,0,2018-07-20 04:10:00,8.5446,9.469,0.0
356,7/20/2018,04:20:00 am,0,2018-07-20 04:20:00,8.5447,9.469,0.0
357,7/20/2018,04:30:00 am,0,2018-07-20 04:30:00,8.5457,9.469,0.0
358,7/20/2018,04:40:00 am,0,2018-07-20 04:40:00,8.5469,9.469,0.0
359,7/20/2018,04:50:00 am,0,2018-07-20 04:50:00,8.5474,9.469,0.00010000000000012221
360,7/20/2018,05:00:00 am,0,2018-07-20 05:00:00,8.5479,9.47,0.0
361,7/20/2018,05:10:00 am,0,2018-07-20 05:10:00,8.5482,9.47,0.0
362,7/20/2018,05:20:00 am,0,2018-07-20 05:20:00,8.5497,9.47,0.0
363,7/20/2018,05:30:00 am,0,2018-07-20 05:30:00,8.5511,9.47,9.999999999994457e-05
364,7/20/2018,05:40:00 am,0,2018-07-20 05:40:00,8.5518,9.471,0.0
365,7/20/2018,05:50:00 am,0,2018-07-20 05:50:00,8.5528,9.471,0.0
366,7/20/2018,06:00:00 am,0,2018-07-20 06:00:00,8.5533,9.471,0.0
367,7/20/2018,06:10:00 am,0,2018-07-20 06:10:00,8.5545,9.471,0.00010000000000012221
368,7/20/2018,06:20:00 am,0,2018-07-20 06:20:00,8.5554,9.472000000000001,0.0
369,7/20/2018,06:30:00 am,0,2018-07-20 06:30:00,8.5565,9.472000000000001,9.999999999976694e-05
370,7/20/2018,06:40:00 am,0,2018-07-20 06:40:00,8.5575,9.472999999999999,0.0
371,7/20/2018,06:50:00 am,0,2018-07-20 06:50:00,8.5584,9.472999999999999,0.0
372,7/20/2018,07:00:00 am,0,2018-07-20 07:00:00,8.5591,9.472999999999999,0.00010000000000012221
373,7/20/2018,07:10:00 am,0,2018-07-20 07:10:00,8.5603,9.474,9.999999999994457e-05
374,7/20/2018,07:20:00 am,0,2018-07-20 07:20:00,8.5619,9.475,0.0
375,7/20/2018,07:30:00 am,0,2018-07-20 07:30:00,8.5628,9.475,0.00010000000000012221
376,7/20/2018,07:40:00 am,0,2018-07-20 07:40:00,8.5633,9.476,9.999999999994457e-05
377,7/20/2018,07:50:00 am,0,2018-07-20 07:50:00,8.5635,9.477,9.999999999994457e-05
378,7/20/2018,08:00:00 am,0,2018-07-20 08:00:00,8.5639,9.478,9.999999999994457e-05
379,7/20/2018,08:10:00 am,0,2018-07-20 08:10:00,8.564,9.479,0.00010000000000012221
380,7/20/2018,08:20:00 am,0,2018-07-20 08:20:00,8.5644,9.48,0.0
381,7/20/2018,08:30:00 am,0,2018-07-20 08:30:00,8.5646,9.48,0.0002000000000000668
382,7/20/2018,08:40:00 am,0,2018-07-20 08:40:00,8.5647,9.482000000000001,0.0
383,7/20/2018,08:50:00 am,0,2018-07-20 08:50:00,8.5639,9.482000000000001,9.999999999976694e-05
384,7/20/2018,09:00:00 am,0,2018-07-20 09:00:00,8.5638,9.482999999999999,0.00010000000000012221
385,7/20/2018,09:10:00 am,0,2018-07-20 09:10:00,8.5627,9.484,9.999999999994457e-05
386,7/20/2018,09:20:00 am,0,2018-07-20 09:20:00,8.5614,9.485,0.00010000000000012221
387,7/20/2018,09:30:00 am,0,2018-07-20 09:30:00,8.5603,9.486,9.999999999994457e-05
388,7/20/2018,09:40:00 am,0,2018-07-20 09:40:00,8.5591,9.487,9.999999999994457e-05
389,7/20/2018,09:50:00 am,0,2018-07-20 09:50:00,8.5578,9.488,9.999999999994457e-05
390,7/20/2018,10:00:00 am,0,2018-07-20 10:00:00,8.5555,9.488999999999999,0.0002000000000000668
391,7/20/2018,10:10:00 am,0,2018-07-20 10:10:00,8.5539,9.491,0.00010000000000012221
392,7/20/2018,10:20:00 am,0,2018-07-20 10:20:00,8.5516,9.492,0.00019999999999988915
393,7/20/2018,10:30:00 am,0,2018-07-20 10:30:00,8.549,9.494,9.999999999994457e-05
394,7/20/2018,10:40:00 am,0,2018-07-20 10:40:00,8.5455,9.495,0.00010000000000012221
395,7/20/2018,10:50:00 am,0,2018-07-20 10:50:00,8.5426,9.496,0.00019999999999988915
396,7/20/2018,11:00:00 am,0,2018-07-20 11:00:00,8.5396,9.498,0.00010000000000012221
397,7/20/2018,11:10:00 am,0,2018-07-20 11:10:00,8.5368,9.499,0.00019999999999988915
398,7/20/2018,11:20:00 am,0,2018-07-20 11:20:00,8.5339,9.501,0.00010000000000012221
399,7/20/2018,11:30:00 am,0,2018-07-20 11:30:00,8.5306,9.502,9.999999999994457e-05
400,7/20/2018,11:40:00 am,0,2018-07-20 11:40:00,8.5274,9.503,9.999999999994457e-05
401,7/20/2018,11:50:00 am,0,2018-07-20 11:50:00,8.5233,9.504,0.00010000000000012221
402,7/20/2018,12:00:00 pm,0,2018-07-20 12:00:00,8.5194,9.505,0.00019999999999988915
403,7/20/2018,12:10:00 pm,0,2018-07-20 12:10:00,8.5147,9.507,9.999999999994457e-05
404,7/20/2018,12:20:00 pm,0,2018-07-20 12:20:00,8.5106,9.508,0.00010000000000012221
405,7/20/2018,12:30:00 pm,0,2018-07-20 12:30:00,8.5062,9.509,9.999999999994457e-05
406,7/20/2018,12:40:00 pm,0,2018-07-20 12:40:00,8.5017,9.51,0.0002000000000000668
407,7/20/2018,12:50:00 pm,0,2018-07-20 12:50:00,8.4973,9.512,9.999999999994457e-05
408,7/20/2018,01:00:00 pm,0,2018-07-20 13:00:00,8.4914,9.513,9.999999999994457e-05
409,7/20/2018,01:10:00 pm,0,2018-07-20 13:10:00,8.4867,9.514,0.00010000000000012221
410,7/20/2018,01:20:00 pm,0,2018-07-20 13:20:00,8.4823,9.515,9.999999999994457e-05
411,7/20/2018,01:30:00 pm,0,2018-07-20 13:30:00,8.4784,9.516,0.00010000000000012221
412,7/20/2018,01:40:00 pm,0,2018-07-20 13:40:00,8.4731,9.517000000000001,0.0
413,7/20/2018,01:50:00 pm,0,2018-07-20 13:50:00,8.4694,9.517000000000001,9.999999999976694e-05
414,7/20/2018,02:00:00 pm,0,2018-07-20 14:00:00,8.4651,9.517999999999999,0.0
415,7/20/2018,02:10:00 pm,0,2018-07-20 14:10:00,8.4614,9.517999999999999,0.00010000000000012221
416,7/20/2018,02:20:00 pm,0,2018-07-20 14:20:00,8.4566,9.519,0.0
417,7/20/2018,02:30:00 pm,0,2018-07-20 14:30:00,8.453,9.519,0.0
418,7/20/2018,02:40:00 pm,0,2018-07-20 14:40:00,8.4497,9.519,0.0
419,7/20/2018,02:50:00 pm,0,2018-07-20 14:50:00,8.4466,9.519,0.0
420,7/20/2018,03:00:00 pm,0,2018-07-20 15:00:00,8.4441,9.519,0.0
421,7/20/2018,03:10:00 pm,0,2018-07-20 15:10:00,8.4418,9.519,0.0
422,7/20/2018,03:20:00 pm,0,2018-07-20 15:20:00,8.4396,9.519,0.00010000000000012221
423,7/20/2018,03:30:00 pm,0,2018-07-20 15:30:00,8.4382,9.517999999999999,0.0
424,7/20/2018,03:40:00 pm,0,2018-07-20 15:40:00,8.4348,9.517999999999999,0.0
425,7/20/2018,03:50:00 pm,0,2018-07-20 15:50:00,8.4328,9.517999999999999,9.999999999976694e-05
426,7/20/2018,04:00:00 pm,0,2018-07-20 16:00:00,8.431,9.517000000000001,0.0
427,7/20/2018,04:10:00 pm,0,2018-07-20 16:10:00,8.43,9.517000000000001,0.00010000000000012221
428,7/20/2018,04:20:00 pm,0,2018-07-20 16:20:00,8.4292,9.516,9.999999999994457e-05
429,7/20/2018,04:30:00 pm,0,2018-07-20 16:30:00,8.428,9.515,0.0
430,7/20/2018,04:40:00 pm,0,2018-07-20 16:40:00,8.4272,9.515,0.0
431,7/20/2018,04:50:00 pm,0,2018-07-20 16:50:00,8.427,9.515,0.00010000000000012221
432,7/20/2018,05:00:00 pm,0,2018-07-20 17:00:00,8.4265,9.514,9.999999999994457e-05
433,7/20/2018,05:10:00 pm,0,2018-07-20 17:10:00,8.4267,9.513,9.999999999994457e-05
434,7/20/2018,05:20:00 pm,0,2018-07-20 17:20:00,8.4267,9.512,9.999999999994457e-05
435,7/20/2018,05:30:00 pm,0,2018-07-20 17:30:00,8.4273,9.511000000000001,0.0
436,7/20/2018,05:40:00 pm,0,2018-07-20 17:40:00,8.4281,9.511000000000001,0.0002000000000000668
437,7/20/2018,05:50:00 pm,0,2018-07-20 17:50:00,8.4288,9.509,0.0
438,7/20/2018,06:00:00 pm,0,2018-07-20 18:00:00,8.4293,9.509,0.00010000000000012221
439,7/20/2018,06:10:00 pm,0,2018-07-20 18:10:00,8.4306,9.508,9.999999999994457e-05
440,7/20/2018,06:20:00 pm,0,2018-07-20 18:20:00,8.4324,9.507,9.999999999994457e-05
441,7/20/2018,06:30:00 pm,0,2018-07-20 18:30:00,8.4349,9.506,9.999999999994457e-05
442,7/20/2018,06:40:00 pm,0,2018-07-20 18:40:00,8.4382,9.505,0.00010000000000012221
443,7/20/2018,06:50:00 pm,0,2018-07-20 18:50:00,8.4408,9.504,9.999999999994457e-05
444,7/20/2018,07:00:00 pm,0,2018-07-20 19:00:00,8.4437,9.503,9.999999999994457e-05
445,7/20/2018,07:10:00 pm,0,2018-07-20 19:10:00,8.4469,9.502,0.0002000000000000668
446,7/20/2018,07:20:00 pm,0,2018-07-20 19:20:00,8.4506,9.5,0.0
447,7/20/2018,07:30:00 pm,0,2018-07-20 19:30:00,8.4543,9.5,9.999999999994457e-05
448,7/20/2018,07:40:00 pm,0,2018-07-20 19:40:00,8.4578,9.499,0.00010000000000012221
449,7/20/2018,07:50:00 pm,0,2018-07-20 19:50:00,8.4622,9.498,9.999999999994457e-05
450,7/20/2018,08:00:00 pm,0,2018-07-20 20:00:00,8.4657,9.497,9.999999999994457e-05
451,7/20/2018,08:10:00 pm,0,2018-07-20 20:10:00,8.4684,9.496,0.0
452,7/20/2018,08:20:00 pm,0,2018-07-20 20:20:00,8.4698,9.496,0.00010000000000012221
453,7/20/2018,08:30:00 pm,0,2018-07-20 20:30:00,8.4732,9.495,0.0
454,7/20/2018,08:40:00 pm,0,2018-07-20 20:40:00,8.4763,9.495,9.999999999994457e-05
455,7/20/2018,08:50:00 pm,0,2018-07-20 20:50:00,8.4789,9.494,0.0
456,7/20/2018,09:00:00 pm,0,2018-07-20 21:00:00,8.4815,9.494,0.0
457,7/20/2018,09:10:00 pm,0,2018-07-20 21:10:00,8.4842,9.494,0.0
458,7/20/2018,09:20:00 pm,0,2018-07-20 21:20:00,8.487,9.494,0.0
459,7/20/2018,09:30:00 pm,0,2018-07-20 21:30:00,8.4894,9.494,0.0
460,7/20/2018,09:40:00 pm,0,2018-07-20 21:40:00,8.4913,9.494,9.999999999994457e-05
461,7/20/2018,09:50:00 pm,0,2018-07-20 21:50:00,8.4932,9.493,0.0
462,7/20/2018,10:00:00 pm,0,2018-07-20 22:00:00,8.495,9.493,9.999999999994457e-05
463,7/20/2018,10:10:00 pm,0,2018-07-20 22:10:00,8.4973,9.494,9.999999999994457e-05
464,7/20/2018,10:20:00 pm,0,2018-07-20 22:20:00,8.4991,9.493,0.0
465,7/20/2018,10:30:00 pm,0,2018-07-20 22:30:00,8.5009,9.493,9.999999999994457e-05
466,7/20/2018,10:40:00 pm,0,2018-07-20 22:40:00,8.503,9.494,0.0
467,7/20/2018,10:50:00 pm,0,2018-07-20 22:50:00,8.5042,9.494,0.0
468,7/20/2018,11:00:00 pm,0,2018-07-20 23:00:00,8.5063,9.494,9.999999999994457e-05
469,7/20/2018,11:10:00 pm,0,2018-07-20 23:10:00,8.508,9.493,9.999999999994457e-05
470,7/20/2018,11:20:00 pm,0,2018-07-20 23:20:00,8.5096,9.494,0.0
471,7/20/2018,11:30:00 pm,0,2018-07-20 23:30:00,8.5115,9.494,0.0
472,7/20/2018,11:40:00 pm,0,2018-07-20 23:40:00,8.5124,9.494,9.999999999994457e-05
473,7/20/2018,11:50:00 pm,0,2018-07-20 23:50:00,8.5136,9.495,9.999999999994457e-05
474,7/21/2018,12:00:00 am,0,2018-07-21 00:00:00,8.515,9.494,9.999999999994457e-05
475,7/21/2018,12:10:00 am,0,2018-07-21 00:10:00,8.5164,9.495,0.0
476,7/21/2018,12:20:00 am,0,2018-07-21 00:20:00,8.5174,9.495,0.0
477,7/21/2018,12:30:00 am,0,2018-07-21 00:30:00,8.5192,9.495,0.0
478,7/21/2018,12:40:00 am,0,2018-07-21 00:40:00,8.5205,9.495,0.0
479,7/21/2018,12:50:00 am,0,2018-07-21 00:50:00,8.5225,9.495,0.0
480,7/21/2018,01:00:00 am,0,2018-07-21 01:00:00,8.5235,9.495,0.0
481,7/21/2018,01:10:00 am,0,2018-07-21 01:10:00,8.5247,9.495,0.00010000000000012221
482,7/21/2018,01:20:00 am,0,2018-07-21 01:20:00,8.5263,9.496,0.0
483,7/21/2018,01:30:00 am,0,2018-07-21 01:30:00,8.5274,9.496,0.0
484,7/21/2018,01:40:00 am,0,2018-07-21 01:40:00,8.5284,9.496,0.0
485,7/21/2018,01:50:00 am,0,2018-07-21 01:50:00,8.5294,9.496,9.999999999994457e-05
486,7/21/2018,02:00:00 am,0,2018-07-21 02:00:00,8.5305,9.497,0.0
487,7/21/2018,02:10:00 am,0,2018-07-21 02:10:00,8.5316,9.497,0.0
488,7/21/2018,02:20:00 am,0,2018-07-21 02:20:00,8.5332,9.497,0.0
489,7/21/2018,02:30:00 am,0,2018-07-21 02:30:00,8.5347,9.497,0.0
490,7/21/2018,02:40:00 am,0,2018-07-21 02:40:00,8.5363,9.497,9.999999999994457e-05
491,7/21/2018,02:50:00 am,0,2018-07-21 02:50:00,8.537,9.498,0.0
492,7/21/2018,03:00:00 am,0,2018-07-21 03:00:00,8.5385,9.498,0.0
493,7/21/2018,03:10:00 am,0,2018-07-21 03:10:00,8.5396,9.498,0.0
494,7/21/2018,03:20:00 am,0,2018-07-21 03:20:00,8.5407,9.498,0.0
495,7/21/2018,03:30:00 am,0,2018-07-21 03:30:00,8.5417,9.498,0.00010000000000012221
496,7/21/2018,03:40:00 am,0,2018-07-21 03:40:00,8.5429,9.499,0.0
497,7/21/2018,03:50:00 am,0,2018-07-21 03:50:00,8.5441,9.499,0.0
498,7/21/2018,04:00:00 am,0,2018-07-21 04:00:00,8.545,9.499,9.999999999994457e-05
499,7/21/2018,04:10:00 am,0,2018-07-21 04:10:00,8.5454,9.5,9.999999999994457e-05
500,7/21/2018,04:20:00 am,0,2018-07-21 04:20:00,8.5459,9.499,9.999999999994457e-05
501,7/21/2018,04:30:00 am,0,2018-07-21 04:30:00,8.5468,9.5,0.0
502,7/21/2018,04:40:00 am,0,2018-07-21 04:40:00,8.5476,9.5,9.999999999994457e-05
503,7/21/2018,04:50:00 am,0,2018-07-21 04:50:00,8.5483,9.501,9.999999999994457e-05
504,7/21/2018,05:00:00 am,0,2018-07-21 05:00:00,8.5495,9.5,9.999999999994457e-05
505,7/21/2018,05:10:00 am,0,2018-07-21 05:10:00,8.5504,9.501,0.0
506,7/21/2018,05:20:00 am,0,2018-07-21 05:20:00,8.5514,9.501,0.0
507,7/21/2018,05:30:00 am,0,2018-07-21 05:30:00,8.5524,9.501,0.00010000000000012221
508,7/21/2018,05:40:00 am,0,2018-07-21 05:40:00,8.5534,9.502,0.0
509,7/21/2018,05:50:00 am,0,2018-07-21 05:50:00,8.5548,9.502,0.0
510,7/21/2018,06:00:00 am,0,2018-07-21 06:00:00,8.556,9.502,0.0
511,7/21/2018,06:10:00 am,0,2018-07-21 06:10:00,8.5574,9.502,0.0
512,7/21/2018,06:20:00 am,0,2018-07-21 06:20:00,8.5586,9.502,9.999999999994457e-05
513,7/21/2018,06:30:00 am,0,2018-07-21 06:30:00,8.5599,9.503,0.0
514,7/21/2018,06:40:00 am,0,2018-07-21 06:40:00,8.561,9.503,9.999999999994457e-05
515,7/21/2018,06:50:00 am,0,2018-07-21 06:50:00,8.5621,9.504,0.0
516,7/21/2018,07:00:00 am,0,2018-07-21 07:00:00,8.5634,9.504,0.00010000000000012221
517,7/21/2018,07:10:00 am,0,2018-07-21 07:10:00,8.5641,9.505,0.0
518,7/21/2018,07:20:00 am,0,2018-07-21 07:20:00,8.5649,9.505,9.999999999994457e-05
519,7/21/2018,07:30:00 am,0,2018-07-21 07:30:00,8.5655,9.506,0.00019999999999988915
520,7/21/2018,07:40:00 am,0,2018-07-21 07:40:00,8.5659,9.508,0.00010000000000012221
521,7/21/2018,07:50:00 am,0,2018-07-21 07:50:00,8.5663,9.509,9.999999999994457e-05
522,7/21/2018,08:00:00 am,0,2018-07-21 08:00:00,8.5663,9.51,0.00010000000000012221
523,7/21/2018,08:10:00 am,0,2018-07-21 08:10:00,8.5665,9.511000000000001,9.999999999994457e-05
524,7/21/2018,08:20:00 am,0,2018-07-21 08:20:00,8.5664,9.512,9.999999999994457e-05
525,7/21/2018,08:30:00 am,0,2018-07-21 08:30:00,8.5664,9.513,9.999999999994457e-05
526,7/21/2018,08:40:00 am,0,2018-07-21 08:40:00,8.5667,9.514,0.00010000000000012221
527,7/21/2018,08:50:00 am,0,2018-07-21 08:50:00,8.5658,9.515,9.999999999994457e-05
528,7/21/2018,09:00:00 am,0,2018-07-21 09:00:00,8.5647,9.516,0.00010000000000012221
529,7/21/2018,09:10:00 am,0,2018-07-21 09:10:00,8.5644,9.517000000000001,9.999999999976694e-05
530,7/21/2018,09:20:00 am,0,2018-07-21 09:20:00,8.5631,9.517999999999999,0.0002000000000000668
531,7/21/2018,09:30:00 am,0,2018-07-21 09:30:00,8.5611,9.52,0.0
532,7/21/2018,09:40:00 am,0,2018-07-21 09:40:00,8.5587,9.52,0.0002000000000000668
533,7/21/2018,09:50:00 am,0,2018-07-21 09:50:00,8.5564,9.522,9.999999999994457e-05
534,7/21/2018,10:00:00 am,0,2018-07-21 10:00:00,8.5536,9.523,9.999999999994457e-05
535,7/21/2018,10:10:00 am,0,2018-07-21 10:10:00,8.5515,9.524,0.0002000000000000668
536,7/21/2018,10:20:00 am,0,2018-07-21 10:20:00,8.5483,9.526,0.00010000000000012221
537,7/21/2018,10:30:00 am,0,2018-07-21 10:30:00,8.5451,9.527000000000001,9.999999999976694e-05
538,7/21/2018,10:40:00 am,0,2018-07-21 10:40:00,8.5423,9.527999999999999,0.0002000000000000668
539,7/21/2018,10:50:00 am,0,2018-07-21 10:50:00,8.5387,9.53,0.00010000000000012221
540,7/21/2018,11:00:00 am,0,2018-07-21 11:00:00,8.5356,9.531,9.999999999994457e-05
541,7/21/2018,11:10:00 am,0,2018-07-21 11:10:00,8.5328,9.532,9.999999999994457e-05
542,7/21/2018,11:20:00 am,0,2018-07-21 11:20:00,8.5291,9.533,9.999999999994457e-05
543,7/21/2018,11:30:00 am,0,2018-07-21 11:30:00,8.5253,9.533999999999999,0.0002000000000000668
544,7/21/2018,11:40:00 am,0,2018-07-21 11:40:00,8.5215,9.536,0.00010000000000012221
545,7/21/2018,11:50:00 am,0,2018-07-21 11:50:00,8.5173,9.537,9.999999999994457e-05
546,7/21/2018,12:00:00 pm,0,2018-07-21 12:00:00,8.5131,9.538,9.999999999994457e-05
547,7/21/2018,12:10:00 pm,0,2018-07-21 12:10:00,8.5087,9.539,0.0002000000000000668
548,7/21/2018,12:20:00 pm,0,2018-07-21 12:20:00,8.5043,9.541,9.999999999994457e-05
549,7/21/2018,12:30:00 pm,0,2018-07-21 12:30:00,8.5001,9.542,0.0002000000000000668
550,7/21/2018,12:40:00 pm,0,2018-07-21 12:40:00,8.4942,9.544,9.999999999994457e-05
551,7/21/2018,12:50:00 pm,0,2018-07-21 12:50:00,8.49,9.545,9.999999999994457e-05
552,7/21/2018,01:00:00 pm,0,2018-07-21 13:00:00,8.4852,9.546,0.0
553,7/21/2018,01:10:00 pm,0,2018-07-21 13:10:00,8.4799,9.546,0.00010000000000012221
554,7/21/2018,01:20:00 pm,0,2018-07-21 13:20:00,8.4754,9.547,9.999999999994457e-05
555,7/21/2018,01:30:00 pm,0,2018-07-21 13:30:00,8.4704,9.548,9.999999999994457e-05
556,7/21/2018,01:40:00 pm,0,2018-07-21 13:40:00,8.4674,9.547,0.00010000000000012221
557,7/21/2018,01:50:00 pm,0,2018-07-21 13:50:00,8.4647,9.546,0.0
558,7/21/2018,02:00:00 pm,0,2018-07-21 14:00:00,8.4615,9.546,0.00010000000000012221
559,7/21/2018,02:10:00 pm,0,2018-07-21 14:10:00,8.4582,9.547,0.0
560,7/21/2018,02:20:00 pm,0,2018-07-21 14:20:00,8.4544,9.547,0.0
561,7/21/2018,02:30:00 pm,0,2018-07-21 14:30:00,8.4507,9.547,0.0
562,7/21/2018,02:40:00 pm,0,2018-07-21 14:40:00,8.4473,9.547,0.0
563,7/21/2018,02:50:00 pm,0,2018-07-21 14:50:00,8.4446,9.547,0.0
564,7/21/2018,03:00:00 pm,0,2018-07-21 15:00:00,8.4413,9.547,0.0
565,7/21/2018,03:10:00 pm,0,2018-07-21 15:10:00,8.4387,9.547,0.0
566,7/21/2018,03:20:00 pm,0,2018-07-21 15:20:00,8.4358,9.547,0.00010000000000012221
567,7/21/2018,03:30:00 pm,0,2018-07-21 15:30:00,8.4321,9.546,0.0
568,7/21/2018,03:40:00 pm,0,2018-07-21 15:40:00,8.4295,9.546,9.999999999994457e-05
569,7/21/2018,03:50:00 pm,0,2018-07-21 15:50:00,8.4285,9.545,0.0
570,7/21/2018,04:00:00 pm,0,2018-07-21 16:00:00,8.4276,9.545,9.999999999994457e-05
571,7/21/2018,04:10:00 pm,0,2018-07-21 16:10:00,8.4264,9.544,0.0
572,7/21/2018,04:20:00 pm,0,2018-07-21 16:20:00,8.4254,9.544,0.00010000000000012221
573,7/21/2018,04:30:00 pm,0,2018-07-21 16:30:00,8.4249,9.543,9.999999999994457e-05
574,7/21/2018,04:40:00 pm,0,2018-07-21 16:40:00,8.425,9.542,9.999999999994457e-05
575,7/21/2018,04:50:00 pm,0,2018-07-21 16:50:00,8.4241,9.541,0.0
576,7/21/2018,05:00:00 pm,0,2018-07-21 17:00:00,8.4243,9.541,0.00010000000000012221
577,7/21/2018,05:10:00 pm,0,2018-07-21 17:10:00,8.4249,9.54,0.0
578,7/21/2018,05:20:00 pm,0,2018-07-21 17:20:00,8.4261,9.54,9.999999999994457e-05
579,7/21/2018,05:30:00 pm,0,2018-07-21 17:30:00,8.4273,9.539,9.999999999994457e-05
580,7/21/2018,05:40:00 pm,0,2018-07-21 17:40:00,8.4288,9.538,0.0
581,7/21/2018,05:50:00 pm,0,2018-07-21 17:50:00,8.4295,9.538,0.0
582,7/21/2018,06:00:00 pm,0,2018-07-21 18:00:00,8.4306,9.538,9.999999999994457e-05
583,7/21/2018,06:10:00 pm,0,2018-07-21 18:10:00,8.4321,9.537,0.00010000000000012221
584,7/21/2018,06:20:00 pm,0,2018-07-21 18:20:00,8.4337,9.536,9.999999999994457e-05
585,7/21/2018,06:30:00 pm,0,2018-07-21 18:30:00,8.4361,9.535,0.00010000000000012221
586,7/21/2018,06:40:00 pm,0,2018-07-21 18:40:00,8.4388,9.533999999999999,9.999999999994457e-05
587,7/21/2018,06:50:00 pm,0,2018-07-21 18:50:00,8.4428,9.533,9.999999999994457e-05
588,7/21/2018,07:00:00 pm,0,2018-07-21 19:00:00,8.4462,9.532,0.0
589,7/21/2018,07:10:00 pm,0,2018-07-21 19:10:00,8.4491,9.532,0.0002000000000000668
590,7/21/2018,07:20:00 pm,0,2018-07-21 19:20:00,8.4526,9.53,9.999999999994457e-05
591,7/21/2018,07:30:00 pm,0,2018-07-21 19:30:00,8.4567,9.529,0.0
592,7/21/2018,07:40:00 pm,0,2018-07-21 19:40:00,8.4596,9.529,0.0
593,7/21/2018,07:50:00 pm,0,2018-07-21 19:50:00,8.4624,9.529,0.00010000000000012221
594,7/21/2018,08:00:00 pm,0,2018-07-21 20:00:00,8.4653,9.527999999999999,9.999999999976694e-05
595,7/21/2018,08:10:00 pm,0,2018-07-21 20:10:00,8.468,9.527000000000001,0.00010000000000012221
596,7/21/2018,08:20:00 pm,0,2018-07-21 20:20:00,8.471,9.526,9.999999999994457e-05
597,7/21/2018,08:30:00 pm,0,2018-07-21 20:30:00,8.4734,9.525,0.00010000000000012221
598,7/21/2018,08:40:00 pm,0,2018-07-21 20:40:00,8.4768,9.524,0.0
599,7/21/2018,08:50:00 pm,0,2018-07-21 20:50:00,8.4806,9.524,0.0
600,7/21/2018,09:00:00 pm,0,2018-07-21 21:00:00,8.4836,9.524,9.999999999994457e-05
601,7/21/2018,09:10:00 pm,0,2018-07-21 21:10:00,8.4867,9.523,0.0
602,7/21/2018,09:20:00 pm,0,2018-07-21 21:20:00,8.49,9.523,0.0
603,7/21/2018,09:30:00 pm,0,2018-07-21 21:30:00,8.4934,9.523,0.0
604,7/21/2018,09:40:00 pm,0,2018-07-21 21:40:00,8.4967,9.523,0.0
605,7/21/2018,09:50:00 pm,0,2018-07-21 21:50:00,8.5003,9.523,9.999999999994457e-05
606,7/21/2018,10:00:00 pm,0,2018-07-21 22:00:00,8.5032,9.522,0.0
607,7/21/2018,10:10:00 pm,0,2018-07-21 22:10:00,8.5051,9.522,0.0
608,7/21/2018,10:20:00 pm,0,2018-07-21 22:20:00,8.5079,9.522,0.0
609,7/21/2018,10:30:00 pm,0,2018-07-21 22:30:00,8.5098,9.522,0.0
610,7/21/2018,10:40:00 pm,0,2018-07-21 22:40:00,8.5124,9.522,0.0
611,7/21/2018,10:50:00 pm,0,2018-07-21 22:50:00,8.5141,9.522,0.0
612,7/21/2018,11:00:00 pm,0,2018-07-21 23:00:00,8.5165,9.522,0.0
613,7/21/2018,11:10:00 pm,0,2018-07-21 23:10:00,8.5193,9.522,0.0
614,7/21/2018,11:20:00 pm,0,2018-07-21 23:20:00,8.5221,9.522,0.0
615,7/21/2018,11:30:00 pm,0,2018-07-21 23:30:00,8.5249,9.522,0.0
616,7/21/2018,11:40:00 pm,0,2018-07-21 23:40:00,8.5275,9.522,9.999999999994457e-05
617,7/21/2018,11:50:00 pm,0,2018-07-21 23:50:00,8.5297,9.523,0.0
618,7/22/2018,12:00:00 am,0,2018-07-22 00:00:00,8.5318,9.523,0.0
619,7/22/2018,12:10:00 am,0,2018-07-22 00:10:00,8.5345,9.523,0.0
620,7/22/2018,12:20:00 am,0,2018-07-22 00:20:00,8.5359,9.523,0.0
621,7/22/2018,12:30:00 am,0,2018-07-22 00:30:00,8.5374,9.523,9.999999999994457e-05
622,7/22/2018,12:40:00 am,0,2018-07-22 00:40:00,8.5394,9.524,0.0
623,7/22/2018,12:50:00 am,0,2018-07-22 00:50:00,8.5411,9.524,0.0
624,7/22/2018,01:00:00 am,0,2018-07-22 01:00:00,8.5423,9.524,0.0
625,7/22/2018,01:10:00 am,0,2018-07-22 01:10:00,8.5441,9.524,0.0
626,7/22/2018,01:20:00 am,0,2018-07-22 01:20:00,8.5455,9.524,0.0
627,7/22/2018,01:30:00 am,0,2018-07-22 01:30:00,8.5466,9.524,0.0
628,7/22/2018,01:40:00 am,0,2018-07-22 01:40:00,8.5481,9.524,0.00010000000000012221
629,7/22/2018,01:50:00 am,0,2018-07-22 01:50:00,8.5493,9.525,0.0
630,7/22/2018,02:00:00 am,0,2018-07-22 02:00:00,8.5505,9.525,0.0
631,7/22/2018,02:10:00 am,0,2018-07-22 02:10:00,8.5517,9.525,0.0
632,7/22/2018,02:20:00 am,0,2018-07-22 02:20:00,8.5522,9.525,9.999999999994457e-05
633,7/22/2018,02:30:00 am,0,2018-07-22 02:30:00,8.5529,9.526,0.0
634,7/22/2018,02:40:00 am,0,2018-07-22 02:40:00,8.5541,9.526,0.0
635,7/22/2018,02:50:00 am,0,2018-07-22 02:50:00,8.5551,9.526,0.0
636,7/22/2018,03:00:00 am,0,2018-07-22 03:00:00,8.5565,9.526,0.00010000000000012221
637,7/22/2018,03:10:00 am,0,2018-07-22 03:10:00,8.5578,9.527000000000001,0.0
638,7/22/2018,03:20:00 am,0,2018-07-22 03:20:00,8.5583,9.527000000000001,0.0
639,7/22/2018,03:30:00 am,0,2018-07-22 03:30:00,8.5592,9.527000000000001,0.0
640,7/22/2018,03:40:00 am,0,2018-07-22 03:40:00,8.56,9.527000000000001,9.999999999976694e-05
641,7/22/2018,03:50:00 am,0,2018-07-22 03:50:00,8.5611,9.527999999999999,0.0
642,7/22/2018,04:00:00 am,0,2018-07-22 04:00:00,8.5626,9.527999999999999,0.0
643,7/22/2018,04:10:00 am,0,2018-07-22 04:10:00,8.5635,9.527999999999999,0.0
644,7/22/2018,04:20:00 am,0,2018-07-22 04:20:00,8.5649,9.527999999999999,0.00010000000000012221
645,7/22/2018,04:30:00 am,0,2018-07-22 04:30:00,8.5662,9.529,0.0
646,7/22/2018,04:40:00 am,0,2018-07-22 04:40:00,8.5672,9.529,0.0
647,7/22/2018,04:50:00 am,0,2018-07-22 04:50:00,8.5682,9.529,0.0
648,7/22/2018,05:00:00 am,0,2018-07-22 05:00:00,8.5696,9.529,9.999999999994457e-05
649,7/22/2018,05:10:00 am,0,2018-07-22 05:10:00,8.5707,9.53,0.0
650,7/22/2018,05:20:00 am,0,2018-07-22 05:20:00,8.5722,9.53,0.0
651,7/22/2018,05:30:00 am,0,2018-07-22 05:30:00,8.5736,9.53,0.00010000000000012221
652,7/22/2018,05:40:00 am,0,2018-07-22 05:40:00,8.5754,9.531,0.0
653,7/22/2018,05:50:00 am,0,2018-07-22 05:50:00,8.5768,9.531,0.0
654,7/22/2018,06:00:00 am,0,2018-07-22 06:00:00,8.5784,9.531,0.0
655,7/22/2018,06:10:00 am,0,2018-07-22 06:10:00,8.5792,9.531,9.999999999994457e-05
656,7/22/2018,06:20:00 am,0,2018-07-22 06:20:00,8.5805,9.532,0.0
657,7/22/2018,06:30:00 am,0,2018-07-22 06:30:00,8.5815,9.532,0.0
658,7/22/2018,06:40:00 am,0,2018-07-22 06:40:00,8.5826,9.532,9.999999999994457e-05
659,7/22/2018,06:50:00 am,0,2018-07-22 06:50:00,8.5842,9.533,0.0
660,7/22/2018,07:00:00 am,0,2018-07-22 07:00:00,8.5858,9.533,9.999999999994457e-05
661,7/22/2018,07:10:00 am,0,2018-07-22 07:10:00,8.5871,9.533999999999999,0.0
662,7/22/2018,07:20:00 am,0,2018-07-22 07:20:00,8.5879,9.533999999999999,0.00010000000000012221
663,7/22/2018,07:30:00 am,0,2018-07-22 07:30:00,8.5888,9.535,9.999999999994457e-05
664,7/22/2018,07:40:00 am,0,2018-07-22 07:40:00,8.5893,9.536,0.00010000000000012221
665,7/22/2018,07:50:00 am,0,2018-07-22 07:50:00,8.5897,9.537,9.999999999994457e-05
666,7/22/2018,08:00:00 am,0,2018-07-22 08:00:00,8.59,9.538,9.999999999994457e-05
667,7/22/2018,08:10:00 am,0,2018-07-22 08:10:00,8.5905,9.539,9.999999999994457e-05
668,7/22/2018,08:20:00 am,0,2018-07-22 08:20:00,8.5906,9.54,0.0002000000000000668
669,7/22/2018,08:30:00 am,0,2018-07-22 08:30:00,8.5916,9.542,9.999999999994457e-05
670,7/22/2018,08:40:00 am,0,2018-07-22 08:40:00,8.5915,9.543,0.00010000000000012221
671,7/22/2018,08:50:00 am,0,2018-07-22 08:50:00,8.5914,9.544,9.999999999994457e-05
672,7/22/2018,09:00:00 am,0,2018-07-22 09:00:00,8.5908,9.545,0.0
673,7/22/2018,09:10:00 am,0,2018-07-22 09:10:00,8.5902,9.545,9.999999999994457e-05
674,7/22/2018,09:20:00 am,0,2018-07-22 09:20:00,8.5897,9.546,0.00010000000000012221
675,7/22/2018,09:30:00 am,0,2018-07-22 09:30:00,8.5884,9.547,9.999999999994457e-05
676,7/22/2018,09:40:00 am,0,2018-07-22 09:40:00,8.587,9.548,9.999999999994457e-05
677,7/22/2018,09:50:00 am,0,2018-07-22 09:50:00,8.5851,9.549,0.00010000000000012221
678,7/22/2018,10:00:00 am,0,2018-07-22 10:00:00,8.5837,9.55,0.00019999999999988915
679,7/22/2018,10:10:00 am,0,2018-07-22 10:10:00,8.5813,9.552,9.999999999994457e-05
680,7/22/2018,10:20:00 am,0,2018-07-22 10:20:00,8.5788,9.552999999999999,0.00010000000000012221
681,7/22/2018,10:30:00 am,0,2018-07-22 10:30:00,8.5759,9.554,9.999999999994457e-05
682,7/22/2018,10:40:00 am,0,2018-07-22 10:40:00,8.5734,9.555,0.00010000000000012221
683,7/22/2018,10:50:00 am,0,2018-07-22 10:50:00,8.5709,9.556000000000001,9.999999999994457e-05
684,7/22/2018,11:00:00 am,0,2018-07-22 11:00:00,8.5686,9.557,0.0
685,7/22/2018,11:10:00 am,0,2018-07-22 11:10:00,8.5661,9.557,9.999999999994457e-05
686,7/22/2018,11:20:00 am,0,2018-07-22 11:20:00,8.5634,9.558,9.999999999994457e-05
687,7/22/2018,11:30:00 am,0,2018-07-22 11:30:00,8.5611,9.559,0.00010000000000012221
688,7/22/2018,11:40:00 am,0,2018-07-22 11:40:00,8.558,9.56,9.999999999994457e-05
689,7/22/2018,11:50:00 am,0,2018-07-22 11:50:00,8.5547,9.561,0.00010000000000012221
690,7/22/2018,12:00:00 pm,0,2018-07-22 12:00:00,8.5516,9.562000000000001,9.999999999976694e-05
691,7/22/2018,12:10:00 pm,0,2018-07-22 12:10:00,8.5478,9.562999999999999,0.0
692,7/22/2018,12:20:00 pm,0,2018-07-22 12:20:00,8.5452,9.562999999999999,0.0
693,7/22/2018,12:30:00 pm,0,2018-07-22 12:30:00,8.5434,9.562999999999999,0.0
694,7/22/2018,12:40:00 pm,0,2018-07-22 12:40:00,8.5406,9.562999999999999,0.00010000000000012221
695,7/22/2018,12:50:00 pm,0,2018-07-22 12:50:00,8.538,9.564,9.999999999994457e-05
696,7/22/2018,01:00:00 pm,0,2018-07-22 13:00:00,8.5357,9.565,0.0
697,7/22/2018,01:10:00 pm,0,2018-07-22 13:10:00,8.5331,9.565,0.0
698,7/22/2018,01:20:00 pm,0,2018-07-22 13:20:00,8.5312,9.565,0.0002000000000000668
699,7/22/2018,01:30:00 pm,0,2018-07-22 13:30:00,8.5281,9.567,0.00019999999999988915
700,7/22/2018,01:40:00 pm,0,2018-07-22 13:40:00,8.5242,9.568999999999999,0.0
701,7/22/2018,01:50:00 pm,0,2018-07-22 13:50:00,8.5214,9.568999999999999,9.999999999994457e-05
702,7/22/2018,02:00:00 pm,0,2018-07-22 14:00:00,8.5192,9.568,0.0
703,7/22/2018,02:10:00 pm,0,2018-07-22 14:10:00,8.5184,9.568,9.999999999994457e-05
704,7/22/2018,02:20:00 pm,0,2018-07-22 14:20:00,8.517,9.567,9.999999999994457e-05
705,7/22/2018,02:30:00 pm,0,2018-07-22 14:30:00,8.5142,9.568,0.0002000000000000668
706,7/22/2018,02:40:00 pm,0,2018-07-22 14:40:00,8.5111,9.57,9.999999999994457e-05
707,7/22/2018,02:50:00 pm,0,2018-07-22 14:50:00,8.5076,9.571,0.0
708,7/22/2018,03:00:00 pm,0,2018-07-22 15:00:00,8.504,9.571,0.0002000000000000668
709,7/22/2018,03:10:00 pm,0,2018-07-22 15:10:00,8.5009,9.573,9.999999999994457e-05
710,7/22/2018,03:20:00 pm,0,2018-07-22 15:20:00,8.4965,9.574,9.999999999994457e-05
711,7/22/2018,03:30:00 pm,0,2018-07-22 15:30:00,8.4942,9.573,9.999999999994457e-05
712,7/22/2018,03:40:00 pm,0,2018-07-22 15:40:00,8.4899,9.574,9.999999999994457e-05
713,7/22/2018,03:50:00 pm,0,2018-07-22 15:50:00,8.4863,9.575,0.00010000000000012221
714,7/22/2018,04:00:00 pm,0,2018-07-22 16:00:00,8.484,9.576,0.0
715,7/22/2018,04:10:00 pm,0,2018-07-22 16:10:00,8.4812,9.576,0.0
716,7/22/2018,04:20:00 pm,0,2018-07-22 16:20:00,8.4779,9.576,9.999999999994457e-05
717,7/22/2018,04:30:00 pm,0,2018-07-22 16:30:00,8.4769,9.577,9.999999999994457e-05
718,7/22/2018,04:40:00 pm,0,2018-07-22 16:40:00,8.4753,9.576,0.0
719,7/22/2018,04:50:00 pm,0,2018-07-22 16:50:00,8.4738,9.576,0.00010000000000012221
720,7/22/2018,05:00:00 pm,0,2018-07-22 17:00:00,8.4738,9.575,0.00019999999999988915
721,7/22/2018,05:10:00 pm,0,2018-07-22 17:10:00,8.4746,9.573,9.999999999994457e-05
722,7/22/2018,05:20:00 pm,0,2018-07-22 17:20:00,8.4759,9.572000000000001,0.0002000000000000668
723,7/22/2018,05:30:00 pm,0,2018-07-22 17:30:00,8.4785,9.57,0.0002000000000000668
724,7/22/2018,05:40:00 pm,0,2018-07-22 17:40:00,8.4807,9.568,9.999999999994457e-05
725,7/22/2018,05:50:00 pm,0,2018-07-22 17:50:00,8.4848,9.567,9.999999999994457e-05
726,7/22/2018,06:00:00 pm,0,2018-07-22 18:00:00,8.4877,9.566,0.00010000000000012221
727,7/22/2018,06:10:00 pm,0,2018-07-22 18:10:00,8.4889,9.565,0.0
728,7/22/2018,06:20:00 pm,0,2018-07-22 18:20:00,8.4923,9.565,9.999999999994457e-05
729,7/22/2018,06:30:00 pm,0,2018-07-22 18:30:00,8.4931,9.564,0.0
730,7/22/2018,06:40:00 pm,0,2018-07-22 18:40:00,8.4931,9.564,0.0
731,7/22/2018,06:50:00 pm,0,2018-07-22 18:50:00,8.4956,9.564,0.00010000000000012221
732,7/22/2018,07:00:00 pm,0,2018-07-22 19:00:00,8.4972,9.562999999999999,9.999999999976694e-05
733,7/22/2018,07:10:00 pm,0,2018-07-22 19:10:00,8.5011,9.562000000000001,0.0
734,7/22/2018,07:20:00 pm,0,2018-07-22 19:20:00,8.5058,9.562000000000001,0.0
735,7/22/2018,07:30:00 pm,0,2018-07-22 19:30:00,8.5092,9.562000000000001,0.00010000000000012221
736,7/22/2018,07:40:00 pm,0,2018-07-22 19:40:00,8.5135,9.561,0.0
737,7/22/2018,07:50:00 pm,0,2018-07-22 19:50:00,8.5169,9.561,0.0
738,7/22/2018,08:00:00 pm,0,2018-07-22 20:00:00,8.5209,9.561,9.999999999994457e-05
739,7/22/2018,08:10:00 pm,0,2018-07-22 20:10:00,8.5233,9.56,0.0
740,7/22/2018,08:20:00 pm,0,2018-07-22 20:20:00,8.5258,9.56,9.999999999994457e-05
741,7/22/2018,08:30:00 pm,0,2018-07-22 20:30:00,8.5294,9.561,0.0002000000000000668
742,7/22/2018,08:40:00 pm,0,2018-07-22 20:40:00,8.532,9.559,0.0
743,7/22/2018,08:50:00 pm,0,2018-07-22 20:50:00,8.5353,9.559,0.0
744,7/22/2018,09:00:00 pm,0,2018-07-22 21:00:00,8.5375,9.559,0.0
745,7/22/2018,09:10:00 pm,0,2018-07-22 21:10:00,8.5406,9.559,0.0
746,7/22/2018,09:20:00 pm,0,2018-07-22 21:20:00,8.5441,9.559,9.999999999994457e-05
747,7/22/2018,09:30:00 pm,0,2018-07-22 21:30:00,8.5471,9.558,9.999999999994457e-05
748,7/22/2018,09:40:00 pm,0,2018-07-22 21:40:00,8.5495,9.559,9.999999999994457e-05
749,7/22/2018,09:50:00 pm,0,2018-07-22 21:50:00,8.552,9.558,0.0
750,7/22/2018,10:00:00 pm,0,2018-07-22 22:00:00,8.5538,9.558,0.0
751,7/22/2018,10:10:00 pm,0,2018-07-22 22:10:00,8.557,9.558,9.999999999994457e-05
752,7/22/2018,10:20:00 pm,0,2018-07-22 22:20:00,8.559,9.559,0.0
753,7/22/2018,10:30:00 pm,0,2018-07-22 22:30:00,8.5616,9.559,0.0
754,7/22/2018,10:40:00 pm,0,2018-07-22 22:40:00,8.563,9.559,0.0
755,7/22/2018,10:50:00 pm,0,2018-07-22 22:50:00,8.565,9.559,0.0
756,7/22/2018,11:00:00 pm,0,2018-07-22 23:00:00,8.5667,9.559,0.0
757,7/22/2018,11:10:00 pm,0,2018-07-22 23:10:00,8.5682,9.559,0.0
758,7/22/2018,11:20:00 pm,0,2018-07-22 23:20:00,8.5692,9.559,0.0
759,7/22/2018,11:30:00 pm,0,2018-07-22 23:30:00,8.5698,9.559,0.00010000000000012221
760,7/22/2018,11:40:00 pm,0,2018-07-22 23:40:00,8.571,9.56,0.0
761,7/22/2018,11:50:00 pm,0,2018-07-22 23:50:00,8.5718,9.56,0.0
762,7/23/2018,12:00:00 am,0,2018-07-23 00:00:00,8.5732,9.56,0.0
763,7/23/2018,12:10:00 am,0,2018-07-23 00:10:00,8.5747,9.56,0.0
764,7/23/2018,12:20:00 am,0,2018-07-23 00:20:00,8.5763,9.56,9.999999999994457e-05
765,7/23/2018,12:30:00 am,0,2018-07-23 00:30:00,8.5774,9.561,0.0
766,7/23/2018,12:40:00 am,0,2018-07-23 00:40:00,8.5797,9.561,0.0
767,7/23/2018,12:50:00 am,0,2018-07-23 00:50:00,8.5807,9.561,0.0
768,7/23/2018,01:00:00 am,0,2018-07-23 01:00:00,8.5813,9.561,0.00010000000000012221
769,7/23/2018,01:10:00 am,0,2018-07-23 01:10:00,8.5822,9.562000000000001,0.0
770,7/23/2018,01:20:00 am,0,2018-07-23 01:20:00,8.5834,9.562000000000001,9.999999999976694e-05
771,7/23/2018,01:30:00 am,0,2018-07-23 01:30:00,8.5836,9.562999999999999,0.0
772,7/23/2018,01:40:00 am,0,2018-07-23 01:40:00,8.5842,9.562999999999999,0.0
773,7/23/2018,01:50:00 am,0,2018-07-23 01:50:00,8.5852,9.562999999999999,0.00010000000000012221
774,7/23/2018,02:00:00 am,0,2018-07-23 02:00:00,8.5856,9.564,0.00010000000000012221
775,7/23/2018,02:10:00 am,0,2018-07-23 02:10:00,8.5856,9.562999999999999,0.00010000000000012221
776,7/23/2018,02:20:00 am,0,2018-07-23 02:20:00,8.586,9.564,0.0
777,7/23/2018,02:30:00 am,0,2018-07-23 02:30:00,8.5861,9.564,9.999999999994457e-05
778,7/23/2018,02:40:00 am,0,2018-07-23 02:40:00,8.5869,9.565,0.0
779,7/23/2018,02:50:00 am,0,2018-07-23 02:50:00,8.5872,9.565,0.0
780,7/23/2018,03:00:00 am,0,2018-07-23 03:00:00,8.588,9.565,0.0
781,7/23/2018,03:10:00 am,0,2018-07-23 03:10:00,8.5884,9.565,0.00010000000000012221
782,7/23/2018,03:20:00 am,0,2018-07-23 03:20:00,8.589,9.566,0.0
783,7/23/2018,03:30:00 am,0,2018-07-23 03:30:00,8.5895,9.566,0.0
784,7/23/2018,03:40:00 am,0,2018-07-23 03:40:00,8.5898,9.566,0.0
785,7/23/2018,03:50:00 am,0,2018-07-23 03:50:00,8.5904,9.566,9.999999999994457e-05
786,7/23/2018,04:00:00 am,0,2018-07-23 04:00:00,8.591,9.567,0.0
787,7/23/2018,04:10:00 am,0,2018-07-23 04:10:00,8.5914,9.567,9.999999999994457e-05
788,7/23/2018,04:20:00 am,0,2018-07-23 04:20:00,8.5921,9.568,0.0
789,7/23/2018,04:30:00 am,0,2018-07-23 04:30:00,8.5925,9.568,0.0
790,7/23/2018,04:40:00 am,0,2018-07-23 04:40:00,8.593,9.568,9.999999999994457e-05
791,7/23/2018,04:50:00 am,0,2018-07-23 04:50:00,8.5928,9.568999999999999,0.0
792,7/23/2018,05:00:00 am,0,2018-07-23 05:00:00,8.5932,9.568999999999999,0.00010000000000012221
793,7/23/2018,05:10:00 am,0,2018-07-23 05:10:00,8.5941,9.57,0.0
794,7/23/2018,05:20:00 am,0,2018-07-23 05:20:00,8.5949,9.57,0.0
795,7/23/2018,05:30:00 am,0,2018-07-23 05:30:00,8.5962,9.57,0.0
796,7/23/2018,05:40:00 am,0,2018-07-23 05:40:00,8.5973,9.57,9.999999999994457e-05
797,7/23/2018,05:50:00 am,0,2018-07-23 05:50:00,8.598,9.571,0.0
798,7/23/2018,06:00:00 am,0,2018-07-23 06:00:00,8.5989,9.571,0.0
799,7/23/2018,06:10:00 am,0,2018-07-23 06:10:00,8.6,9.571,0.00010000000000012221
800,7/23/2018,06:20:00 am,0,2018-07-23 06:20:00,8.6008,9.572000000000001,0.0
801,7/23/2018,06:30:00 am,0,2018-07-23 06:30:00,8.6019,9.572000000000001,9.999999999994457e-05
802,7/23/2018,06:40:00 am,0,2018-07-23 06:40:00,8.6029,9.573,9.999999999994457e-05
803,7/23/2018,06:50:00 am,0,2018-07-23 06:50:00,8.6039,9.574,0.0
804,7/23/2018,07:00:00 am,0,2018-07-23 07:00:00,8.6041,9.574,0.0
805,7/23/2018,07:10:00 am,0,2018-07-23 07:10:00,8.605,9.574,9.999999999994457e-05
806,7/23/2018,07:20:00 am,0,2018-07-23 07:20:00,8.6053,9.575,0.0002000000000000668
807,7/23/2018,07:30:00 am,0,2018-07-23 07:30:00,8.6058,9.577,9.999999999994457e-05
808,7/23/2018,07:40:00 am,0,2018-07-23 07:40:00,8.6058,9.578,0.00010000000000012221
809,7/23/2018,07:50:00 am,0,2018-07-23 07:50:00,8.6061,9.579,0.0
810,7/23/2018,08:00:00 am,0,2018-07-23 08:00:00,8.6063,9.579,0.00019999999999988915
811,7/23/2018,08:10:00 am,0,2018-07-23 08:10:00,8.6067,9.581,0.00010000000000012221
812,7/23/2018,08:20:00 am,0,2018-07-23 08:20:00,8.607,9.582,9.999999999994457e-05
813,7/23/2018,08:30:00 am,0,2018-07-23 08:30:00,8.6073,9.583,0.0002000000000000668
814,7/23/2018,08:40:00 am,0,2018-07-23 08:40:00,8.6078,9.585,9.999999999994457e-05
815,7/23/2018,08:50:00 am,0,2018-07-23 08:50:00,8.6073,9.586,9.999999999994457e-05
816,7/23/2018,09:00:00 am,0,2018-07-23 09:00:00,8.6069,9.587,0.0002000000000000668
817,7/23/2018,09:10:00 am,0,2018-07-23 09:10:00,8.6059,9.589,9.999999999994457e-05
818,7/23/2018,09:20:00 am,0,2018-07-23 09:20:00,8.6041,9.59,0.00010000000000012221
819,7/23/2018,09:30:00 am,0,2018-07-23 09:30:00,8.6028,9.591000000000001,0.00019999999999988915
820,7/23/2018,09:40:00 am,0,2018-07-23 09:40:00,8.6011,9.593,9.999999999994457e-05
821,7/23/2018,09:50:00 am,0,2018-07-23 09:50:00,8.599,9.594,0.00010000000000012221
822,7/23/2018,10:00:00 am,0,2018-07-23 10:00:00,8.5961,9.595,9.999999999994457e-05
823,7/23/2018,10:10:00 am,0,2018-07-23 10:10:00,8.5937,9.596,0.00019999999999988915
824,7/23/2018,10:20:00 am,0,2018-07-23 10:20:00,8.591,9.597999999999999,0.00010000000000012221
825,7/23/2018,10:30:00 am,0,2018-07-23 10:30:00,8.5875,9.599,0.0002000000000000668
826,7/23/2018,10:40:00 am,0,2018-07-23 10:40:00,8.584,9.601,9.999999999994457e-05
827,7/23/2018,10:50:00 am,0,2018-07-23 10:50:00,8.5801,9.602,0.00019999999999988915
828,7/23/2018,11:00:00 am,0,2018-07-23 11:00:00,8.5761,9.604,0.00010000000000012221
829,7/23/2018,11:10:00 am,0,2018-07-23 11:10:00,8.572,9.605,9.999999999994457e-05
830,7/23/2018,11:20:00 am,0,2018-07-23 11:20:00,8.568,9.606,0.00030000000000001136
831,7/23/2018,11:30:00 am,0,2018-07-23 11:30:00,8.564,9.609,9.999999999994457e-05
832,7/23/2018,11:40:00 am,0,2018-07-23 11:40:00,8.5596,9.61,0.00010000000000012221
833,7/23/2018,11:50:00 am,0,2018-07-23 11:50:00,8.5554,9.611,0.00019999999999988915
834,7/23/2018,12:00:00 pm,0,2018-07-23 12:00:00,8.5504,9.613,9.999999999994457e-05
835,7/23/2018,12:10:00 pm,0,2018-07-23 12:10:00,8.5462,9.613999999999999,0.00010000000000012221
836,7/23/2018,12:20:00 pm,0,2018-07-23 12:20:00,8.5421,9.615,0.0002000000000000668
837,7/23/2018,12:30:00 pm,0,2018-07-23 12:30:00,8.5372,9.617,9.999999999994457e-05
838,7/23/2018,12:40:00 pm,0,2018-07-23 12:40:00,8.5334,9.618,0.00019999999999988915
839,7/23/2018,12:50:00 pm,0,2018-07-23 12:50:00,8.5281,9.62,0.00010000000000012221
840,7/23/2018,01:00:00 pm,0,2018-07-23 13:00:00,8.5237,9.621,9.999999999994457e-05
841,7/23/2018,01:10:00 pm,0,2018-07-23 13:10:00,8.5189,9.622,9.999999999994457e-05
842,7/23/2018,01:20:00 pm,0,2018-07-23 13:20:00,8.5137,9.623,0.0002000000000000668
843,7/23/2018,01:30:00 pm,0,2018-07-23 13:30:00,8.5079,9.625,0.0
844,7/23/2018,01:40:00 pm,0,2018-07-23 13:40:00,8.504,9.625,9.999999999994457e-05
845,7/23/2018,01:50:00 pm,0,2018-07-23 13:50:00,8.5007,9.624,0.00010000000000012221
846,7/23/2018,02:00:00 pm,0,2018-07-23 14:00:00,8.4986,9.623,0.00030000000000001136
847,7/23/2018,02:10:00 pm,0,2018-07-23 14:10:00,8.4976,9.62,0.0002999999999998337
848,7/23/2018,02:20:00 pm,0,2018-07-23 14:20:00,8.4984,9.617,0.0002000000000000668
849,7/23/2018,02:30:00 pm,0,2018-07-23 14:30:00,8.5011,9.615,0.00030000000000001136
850,7/23/2018,02:40:00 pm,0,2018-07-23 14:40:00,8.5048,9.612,0.00030000000000001136
851,7/23/2018,02:50:00 pm,0,2018-07-23 14:50:00,8.5086,9.609,0.00010000000000012221
852,7/23/2018,03:00:00 pm,0,2018-07-23 15:00:00,8.5109,9.607999999999999,0.00019999999999988915
853,7/23/2018,03:10:00 pm,0,2018-07-23 15:10:00,8.5137,9.606,9.999999999994457e-05
854,7/23/2018,03:20:00 pm,0,2018-07-23 15:20:00,8.5165,9.605,0.00010000000000012221
855,7/23/2018,03:30:00 pm,0,2018-07-23 15:30:00,8.5184,9.604,9.999999999994457e-05
856,7/23/2018,03:40:00 pm,0,2018-07-23 15:40:00,8.5205,9.603,0.0
857,7/23/2018,03:50:00 pm,0,2018-07-23 15:50:00,8.5209,9.603,0.0
858,7/23/2018,04:00:00 pm,0,2018-07-23 16:00:00,8.5237,9.603,9.999999999994457e-05
859,7/23/2018,04:10:00 pm,0,2018-07-23 16:10:00,8.5251,9.604,9.999999999994457e-05
860,7/23/2018,04:20:00 pm,0,2018-07-23 16:20:00,8.5266,9.603,9.999999999994457e-05
861,7/23/2018,04:30:00 pm,0,2018-07-23 16:30:00,8.5268,9.604,0.00010000000000012221
862,7/23/2018,04:40:00 pm,0,2018-07-23 16:40:00,8.5279,9.605,0.0
863,7/23/2018,04:50:00 pm,0,2018-07-23 16:50:00,8.5289,9.605,0.0
864,7/23/2018,05:00:00 pm,0,2018-07-23 17:00:00,8.53,9.605,0.0
865,7/23/2018,05:10:00 pm,0,2018-07-23 17:10:00,8.5312,9.605,0.0
866,7/23/2018,05:20:00 pm,0,2018-07-23 17:20:00,8.5307,9.605,9.999999999994457e-05
867,7/23/2018,05:30:00 pm,0,2018-07-23 17:30:00,8.5322,9.606,0.00010000000000012221
868,7/23/2018,05:40:00 pm,0,2018-07-23 17:40:00,8.5316,9.607000000000001,0.0
869,7/23/2018,05:50:00 pm,0,2018-07-23 17:50:00,8.5313,9.607000000000001,0.0
870,7/23/2018,06:00:00 pm,0,2018-07-23 18:00:00,8.5326,9.607000000000001,9.999999999976694e-05
871,7/23/2018,06:10:00 pm,0,2018-07-23 18:10:00,8.5331,9.607999999999999,0.00010000000000012221
872,7/23/2018,06:20:00 pm,0,2018-07-23 18:20:00,8.5329,9.609,0.0
873,7/23/2018,06:30:00 pm,0,2018-07-23 18:30:00,8.5337,9.609,9.999999999994457e-05
874,7/23/2018,06:40:00 pm,0,2018-07-23 18:40:00,8.5336,9.61,0.0
875,7/23/2018,06:50:00 pm,0,2018-07-23 18:50:00,8.5348,9.61,0.0
876,7/23/2018,07:00:00 pm,0,2018-07-23 19:00:00,8.5348,9.61,0.0
877,7/23/2018,07:10:00 pm,0,2018-07-23 19:10:00,8.5358,9.61,0.0
878,7/23/2018,07:20:00 pm,0,2018-07-23 19:20:00,8.5362,9.61,9.999999999994457e-05
879,7/23/2018,07:30:00 pm,0,2018-07-23 19:30:00,8.5364,9.609,0.0
880,7/23/2018,07:40:00 pm,0,2018-07-23 19:40:00,8.5383,9.609,0.00010000000000012221
881,7/23/2018,07:50:00 pm,0,2018-07-23 19:50:00,8.539,9.607999999999999,0.0
882,7/23/2018,08:00:00 pm,0,2018-07-23 20:00:00,8.5402,9.607999999999999,0.0
883,7/23/2018,08:10:00 pm,0,2018-07-23 20:10:00,8.5415,9.607999999999999,9.999999999976694e-05
884,7/23/2018,08:20:00 pm,0,2018-07-23 20:20:00,8.5454,9.607000000000001,0.0
885,7/23/2018,08:30:00 pm,0,2018-07-23 20:30:00,8.5489,9.607000000000001,0.0
886,7/23/2018,08:40:00 pm,0,2018-07-23 20:40:00,8.5515,9.607000000000001,0.0
887,7/23/2018,08:50:00 pm,0,2018-07-23 20:50:00,8.5544,9.607000000000001,0.0
888,7/23/2018,09:00:00 pm,0,2018-07-23 21:00:00,8.5574,9.607000000000001,0.0
889,7/23/2018,09:10:00 pm,0,2018-07-23 21:10:00,8.5595,9.607000000000001,0.0
890,7/23/2018,09:20:00 pm,0,2018-07-23 21:20:00,8.5621,9.607000000000001,0.0
891,7/23/2018,09:30:00 pm,0,2018-07-23 21:30:00,8.5648,9.607000000000001,0.0
892,7/23/2018,09:40:00 pm,0,2018-07-23 21:40:00,8.5675,9.607000000000001,0.0
893,7/23/2018,09:50:00 pm,0,2018-07-23 21:50:00,8.5679,9.607000000000001,0.0
894,7/23/2018,10:00:00 pm,0,2018-07-23 22:00:00,8.5703,9.607000000000001,0.0
895,7/23/2018,10:10:00 pm,0,2018-07-23 22:10:00,8.5718,9.607000000000001,9.999999999976694e-05
896,7/23/2018,10:20:00 pm,0,2018-07-23 22:20:00,8.5734,9.607999999999999,0.0
897,7/23/2018,10:30:00 pm,0,2018-07-23 22:30:00,8.5748,9.607999999999999,0.00010000000000012221
898,7/23/2018,10:40:00 pm,0,2018-07-23 22:40:00,8.5761,9.609,0.0
899,7/23/2018,10:50:00 pm,0,2018-07-23 22:50:00,8.577,9.609,0.0
900,7/23/2018,11:00:00 pm,0,2018-07-23 23:00:00,8.5778,9.609,9.999999999994457e-05
901,7/23/2018,11:10:00 pm,0,2018-07-23 23:10:00,8.5792,9.61,9.999999999994457e-05
902,7/23/2018,11:20:00 pm,0,2018-07-23 23:20:00,8.5804,9.609,9.999999999994457e-05
903,7/23/2018,11:30:00 pm,0,2018-07-23 23:30:00,8.5818,9.61,0.0
904,7/23/2018,11:40:00 pm,0,2018-07-23 23:40:00,8.5831,9.61,0.00010000000000012221
905,7/23/2018,11:50:00 pm,0,2018-07-23 23:50:00,8.5842,9.611,0.0
906,7/24/2018,12:00:00 am,0,2018-07-24 00:00:00,8.586,9.611,0.0
907,7/24/2018,12:10:00 am,0,2018-07-24 00:10:00,8.5866,9.611,0.0
908,7/24/2018,12:20:00 am,0,2018-07-24 00:20:00,8.5882,9.611,9.999999999994457e-05
909,7/24/2018,12:30:00 am,0,2018-07-24 00:30:00,8.5894,9.612,0.0
910,7/24/2018,12:40:00 am,0,2018-07-24 00:40:00,8.59,9.612,9.999999999994457e-05
911,7/24/2018,12:50:00 am,0,2018-07-24 00:50:00,8.591,9.613,0.0
912,7/24/2018,01:00:00 am,0,2018-07-24 01:00:00,8.5922,9.613,0.0
913,7/24/2018,01:10:00 am,0,2018-07-24 01:10:00,8.5933,9.613,9.999999999994457e-05
914,7/24/2018,01:20:00 am,0,2018-07-24 01:20:00,8.5941,9.613999999999999,0.0
915,7/24/2018,01:30:00 am,0,2018-07-24 01:30:00,8.5951,9.613999999999999,0.0
916,7/24/2018,01:40:00 am,0,2018-07-24 01:40:00,8.5955,9.613999999999999,0.00010000000000012221
917,7/24/2018,01:50:00 am,0,2018-07-24 01:50:00,8.5961,9.615,0.0
918,7/24/2018,02:00:00 am,0,2018-07-24 02:00:00,8.597,9.615,9.999999999994457e-05
919,7/24/2018,02:10:00 am,0,2018-07-24 02:10:00,8.5975,9.616,0.0
920,7/24/2018,02:20:00 am,0,2018-07-24 02:20:00,8.598,9.616,0.0
921,7/24/2018,02:30:00 am,0,2018-07-24 02:30:00,8.5984,9.616,0.00010000000000012221
922,7/24/2018,02:40:00 am,0,2018-07-24 02:40:00,8.5995,9.617,0.0
923,7/24/2018,02:50:00 am,0,2018-07-24 02:50:00,8.6002,9.617,0.0
924,7/24/2018,03:00:00 am,0,2018-07-24 03:00:00,8.6006,9.617,0.0
925,7/24/2018,03:10:00 am,0,2018-07-24 03:10:00,8.6009,9.617,9.999999999994457e-05
926,7/24/2018,03:20:00 am,0,2018-07-24 03:20:00,8.6015,9.618,0.0
927,7/24/2018,03:30:00 am,0,2018-07-24 03:30:00,8.6022,9.618,0.0
928,7/24/2018,03:40:00 am,0,2018-07-24 03:40:00,8.6024,9.618,9.999999999994457e-05
929,7/24/2018,03:50:00 am,0,2018-07-24 03:50:00,8.6037,9.619,0.0
930,7/24/2018,04:00:00 am,0,2018-07-24 04:00:00,8.6046,9.619,0.0
931,7/24/2018,04:10:00 am,0,2018-07-24 04:10:00,8.6053,9.619,9.999999999994457e-05
932,7/24/2018,04:20:00 am,0,2018-07-24 04:20:00,8.6055,9.62,0.0
933,7/24/2018,04:30:00 am,0,2018-07-24 04:30:00,8.6062,9.62,0.0
934,7/24/2018,04:40:00 am,0,2018-07-24 04:40:00,8.607,9.62,0.0
935,7/24/2018,04:50:00 am,0,2018-07-24 04:50:00,8.6072,9.62,0.00010000000000012221
936,7/24/2018,05:00:00 am,0,2018-07-24 05:00:00,8.6081,9.621,9.999999999994457e-05
937,7/24/2018,05:10:00 am,0,2018-07-24 05:10:00,8.609,9.622,0.0
938,7/24/2018,05:20:00 am,0,2018-07-24 05:20:00,8.61,9.622,0.0
939,7/24/2018,05:30:00 am,0,2018-07-24 05:30:00,8.6109,9.622,0.0
940,7/24/2018,05:40:00 am,0,2018-07-24 05:40:00,8.612,9.622,0.0
941,7/24/2018,05:50:00 am,0,2018-07-24 05:50:00,8.6127,9.622,9.999999999994457e-05
942,7/24/2018,06:00:00 am,0,2018-07-24 06:00:00,8.6137,9.623,0.00010000000000012221
943,7/24/2018,06:10:00 am,0,2018-07-24 06:10:00,8.6144,9.624,0.0
944,7/24/2018,06:20:00 am,0,2018-07-24 06:20:00,8.615,9.624,9.999999999994457e-05
945,7/24/2018,06:30:00 am,0,2018-07-24 06:30:00,8.6159,9.625,0.0
946,7/24/2018,06:40:00 am,0,2018-07-24 06:40:00,8.617,9.625,0.0
947,7/24/2018,06:50:00 am,0,2018-07-24 06:50:00,8.6175,9.625,9.999999999994457e-05
948,7/24/2018,07:00:00 am,0,2018-07-24 07:00:00,8.6183,9.626,0.0
949,7/24/2018,07:10:00 am,0,2018-07-24 07:10:00,8.6191,9.626,0.00010000000000012221
950,7/24/2018,07:20:00 am,0,2018-07-24 07:20:00,8.6195,9.627,9.999999999994457e-05
951,7/24/2018,07:30:00 am,0,2018-07-24 07:30:00,8.6199,9.628,9.999999999994457e-05
952,7/24/2018,07:40:00 am,0,2018-07-24 07:40:00,8.6196,9.629,0.0002000000000000668
953,7/24/2018,07:50:00 am,0,2018-07-24 07:50:00,8.6202,9.631,0.0
954,7/24/2018,08:00:00 am,0,2018-07-24 08:00:00,8.6204,9.631,9.999999999994457e-05
955,7/24/2018,08:10:00 am,0,2018-07-24 08:10:00,8.6204,9.632,0.0002000000000000668
956,7/24/2018,08:20:00 am,0,2018-07-24 08:20:00,8.6206,9.634,9.999999999994457e-05
957,7/24/2018,08:30:00 am,0,2018-07-24 08:30:00,8.6208,9.635,0.00010000000000012221
958,7/24/2018,08:40:00 am,0,2018-07-24 08:40:00,8.6207,9.636000000000001,9.999999999994457e-05
959,7/24/2018,08:50:00 am,0,2018-07-24 08:50:00,8.621,9.637,0.00019999999999988915
960,7/24/2018,09:00:00 am,0,2018-07-24 09:00:00,8.6205,9.639,0.0
961,7/24/2018,09:10:00 am,0,2018-07-24 09:10:00,8.6199,9.639,0.00010000000000012221
962,7/24/2018,09:20:00 am,0,2018-07-24 09:20:00,8.6187,9.64,0.0002000000000000668
963,7/24/2018,09:30:00 am,0,2018-07-24 09:30:00,8.6175,9.642000000000001,0.0
964,7/24/2018,09:40:00 am,0,2018-07-24 09:40:00,8.6158,9.642000000000001,9.999999999976694e-05
965,7/24/2018,09:50:00 am,0,2018-07-24 09:50:00,8.6147,9.642999999999999,0.00010000000000012221
966,7/24/2018,10:00:00 am,0,2018-07-24 10:00:00,8.6132,9.644,0.0002000000000000668
967,7/24/2018,10:10:00 am,0,2018-07-24 10:10:00,8.6113,9.646,9.999999999994457e-05
968,7/24/2018,10:20:00 am,0,2018-07-24 10:20:00,8.609,9.647,9.999999999994457e-05
969,7/24/2018,10:30:00 am,0,2018-07-24 10:30:00,8.6067,9.648,9.999999999994457e-05
970,7/24/2018,10:40:00 am,0,2018-07-24 10:40:00,8.6039,9.649,0.00010000000000012221
971,7/24/2018,10:50:00 am,0,2018-07-24 10:50:00,8.601,9.65,9.999999999994457e-05
972,7/24/2018,11:00:00 am,0,2018-07-24 11:00:00,8.5982,9.651,0.00019999999999988915
973,7/24/2018,11:10:00 am,0,2018-07-24 11:10:00,8.5954,9.652999999999999,0.0002000000000000668
974,7/24/2018,11:20:00 am,0,2018-07-24 11:20:00,8.5922,9.655,0.0
975,7/24/2018,11:30:00 am,0,2018-07-24 11:30:00,8.5888,9.655,0.0002000000000000668
976,7/24/2018,11:40:00 am,0,2018-07-24 11:40:00,8.5857,9.657,9.999999999994457e-05
977,7/24/2018,11:50:00 am,0,2018-07-24 11:50:00,8.5818,9.658,0.0002000000000000668
978,7/24/2018,12:00:00 pm,0,2018-07-24 12:00:00,8.5777,9.66,9.999999999994457e-05
979,7/24/2018,12:10:00 pm,0,2018-07-24 12:10:00,8.5736,9.661,0.00010000000000012221
980,7/24/2018,12:20:00 pm,0,2018-07-24 12:20:00,8.5687,9.662,9.999999999994457e-05
981,7/24/2018,12:30:00 pm,0,2018-07-24 12:30:00,8.5644,9.663,0.00019999999999988915
982,7/24/2018,12:40:00 pm,0,2018-07-24 12:40:00,8.5597,9.665,0.00010000000000012221
983,7/24/2018,12:50:00 pm,0,2018-07-24 12:50:00,8.5554,9.666,0.00019999999999988915
984,7/24/2018,01:00:00 pm,0,2018-07-24 13:00:00,8.551,9.668,0.0
985,7/24/2018,01:10:00 pm,0,2018-07-24 13:10:00,8.5465,9.668,9.999999999994457e-05
986,7/24/2018,01:20:00 pm,0,2018-07-24 13:20:00,8.544,9.667,9.999999999994457e-05
987,7/24/2018,01:30:00 pm,0,2018-07-24 13:30:00,8.541,9.668,0.00010000000000012221
988,7/24/2018,01:40:00 pm,0,2018-07-24 13:40:00,8.5373,9.669,0.00019999999999988915
989,7/24/2018,01:50:00 pm,0,2018-07-24 13:50:00,8.5342,9.671,0.00010000000000012221
990,7/24/2018,02:00:00 pm,0,2018-07-24 14:00:00,8.5288,9.672,0.00019999999999988915
991,7/24/2018,02:10:00 pm,0,2018-07-24 14:10:00,8.5253,9.674,0.0
992,7/24/2018,02:20:00 pm,0,2018-07-24 14:20:00,8.5218,9.674,0.0
993,7/24/2018,02:30:00 pm,0,2018-07-24 14:30:00,8.5181,9.674,0.00010000000000012221
994,7/24/2018,02:40:00 pm,0,2018-07-24 14:40:00,8.5144,9.675,9.999999999994457e-05
995,7/24/2018,02:50:00 pm,0,2018-07-24 14:50:00,8.5114,9.676,9.999999999994457e-05
996,7/24/2018,03:00:00 pm,0,2018-07-24 15:00:00,8.5077,9.675,9.999999999994457e-05
997,7/24/2018,03:10:00 pm,0,2018-07-24 15:10:00,8.5046,9.676,0.0
998,7/24/2018,03:20:00 pm,0,2018-07-24 15:20:00,8.5015,9.676,0.0
999,7/24/2018,03:30:00 pm,0,2018-07-24 15:30:00,8.4991,9.676,9.999999999994457e-05
1000,7/24/2018,03:40:00 pm,0,2018-07-24 15:40:00,8.4955,9.677,0.0
1001,7/24/2018,03:50:00 pm,0,2018-07-24 15:50:00,8.4929,9.677,0.0
1002,7/24/2018,04:00:00 pm,0,2018-07-24 16:00:00,8.4906,9.677,0.0
1003,7/24/2018,04:10:00 pm,0,2018-07-24 16:10:00,8.4883,9.677,0.0
1004,7/24/2018,04:20:00 pm,0,2018-07-24 16:20:00,8.4864,9.677,9.999999999994457e-05
1005,7/24/2018,04:30:00 pm,0,2018-07-24 16:30:00,8.4839,9.676,0.0
1006,7/24/2018,04:40:00 pm,0,2018-07-24 16:40:00,8.482,9.676,0.0
1007,7/24/2018,04:50:00 pm,0,2018-07-24 16:50:00,8.4813,9.676,9.999999999994457e-05
1008,7/24/2018,05:00:00 pm,0,2018-07-24 17:00:00,8.4806,9.675,0.00010000000000012221
1009,7/24/2018,05:10:00 pm,0,2018-07-24 17:10:00,8.479,9.674,0.0
1010,7/24/2018,05:20:00 pm,0,2018-07-24 17:20:00,8.479,9.674,9.999999999994457e-05
1011,7/24/2018,05:30:00 pm,0,2018-07-24 17:30:00,8.48,9.673,9.999999999994457e-05
1012,7/24/2018,05:40:00 pm,0,2018-07-24 17:40:00,8.4796,9.672,0.0
1013,7/24/2018,05:50:00 pm,0,2018-07-24 17:50:00,8.4809,9.672,0.00010000000000012221
1014,7/24/2018,06:00:00 pm,0,2018-07-24 18:00:00,8.4815,9.671,9.999999999994457e-05
1015,7/24/2018,06:10:00 pm,0,2018-07-24 18:10:00,8.4821,9.67,9.999999999994457e-05
1016,7/24/2018,06:20:00 pm,0,2018-07-24 18:20:00,8.4828,9.669,0.0
1017,7/24/2018,06:30:00 pm,0,2018-07-24 18:30:00,8.4836,9.669,0.00010000000000012221
1018,7/24/2018,06:40:00 pm,0,2018-07-24 18:40:00,8.4846,9.668,9.999999999994457e-05
1019,7/24/2018,06:50:00 pm,0,2018-07-24 18:50:00,8.4867,9.667,0.0002000000000000668
1020,7/24/2018,07:00:00 pm,0,2018-07-24 19:00:00,8.489,9.665,0.00019999999999988915
1021,7/24/2018,07:10:00 pm,0,2018-07-24 19:10:00,8.4926,9.663,9.999999999994457e-05
1022,7/24/2018,07:20:00 pm,0,2018-07-24 19:20:00,8.4959,9.662,0.00010000000000012221
1023,7/24/2018,07:30:00 pm,0,2018-07-24 19:30:00,8.4991,9.661,9.999999999994457e-05
1024,7/24/2018,07:40:00 pm,0,2018-07-24 19:40:00,8.5029,9.66,0.00010000000000012221
1025,7/24/2018,07:50:00 pm,0,2018-07-24 19:50:00,8.5063,9.658999999999999,9.999999999994457e-05
1026,7/24/2018,08:00:00 pm,0,2018-07-24 20:00:00,8.5098,9.658,9.999999999994457e-05
1027,7/24/2018,08:10:00 pm,0,2018-07-24 20:10:00,8.5129,9.657,0.0
1028,7/24/2018,08:20:00 pm,0,2018-07-24 20:20:00,8.5155,9.657,9.999999999994457e-05
1029,7/24/2018,08:30:00 pm,0,2018-07-24 20:30:00,8.519,9.656,0.0
1030,7/24/2018,08:40:00 pm,0,2018-07-24 20:40:00,8.5217,9.656,0.0
1031,7/24/2018,08:50:00 pm,0,2018-07-24 20:50:00,8.5252,9.656,0.00010000000000012221
1032,7/24/2018,09:00:00 pm,0,2018-07-24 21:00:00,8.5298,9.655,0.0
1033,7/24/2018,09:10:00 pm,0,2018-07-24 21:10:00,8.5337,9.655,0.0
1034,7/24/2018,09:20:00 pm,0,2018-07-24 21:20:00,8.537,9.655,0.0
1035,7/24/2018,09:30:00 pm,0,2018-07-24 21:30:00,8.5406,9.655,0.0
1036,7/24/2018,09:40:00 pm,0,2018-07-24 21:40:00,8.5446,9.655,0.0
1037,7/24/2018,09:50:00 pm,0,2018-07-24 21:50:00,8.5484,9.655,0.0
1038,7/24/2018,10:00:00 pm,0,2018-07-24 22:00:00,8.5516,9.655,0.0
1039,7/24/2018,10:10:00 pm,0,2018-07-24 22:10:00,8.5544,9.655,0.0
1040,7/24/2018,10:20:00 pm,0,2018-07-24 22:20:00,8.5569,9.655,0.0
1041,7/24/2018,10:30:00 pm,0,2018-07-24 22:30:00,8.5589,9.655,0.0
1042,7/24/2018,10:40:00 pm,0,2018-07-24 22:40:00,8.561,9.655,0.00010000000000012221
1043,7/24/2018,10:50:00 pm,0,2018-07-24 22:50:00,8.5631,9.656,0.00010000000000012221
1044,7/24/2018,11:00:00 pm,0,2018-07-24 23:00:00,8.5656,9.655,0.0
1045,7/24/2018,11:10:00 pm,0,2018-07-24 23:10:00,8.5681,9.655,0.00010000000000012221
1046,7/24/2018,11:20:00 pm,0,2018-07-24 23:20:00,8.5698,9.656,0.0
1047,7/24/2018,11:30:00 pm,0,2018-07-24 23:30:00,8.5716,9.656,9.999999999994457e-05
1048,7/24/2018,11:40:00 pm,0,2018-07-24 23:40:00,8.5735,9.657,0.0
1049,7/24/2018,11:50:00 pm,0,2018-07-24 23:50:00,8.5752,9.657,0.0
1050,7/25/2018,12:00:00 am,0,2018-07-25 00:00:00,8.5765,9.657,0.0
1051,7/25/2018,12:10:00 am,0,2018-07-25 00:10:00,8.578,9.657,0.0
1052,7/25/2018,12:20:00 am,0,2018-07-25 00:20:00,8.579,9.657,9.999999999994457e-05
1053,7/25/2018,12:30:00 am,0,2018-07-25 00:30:00,8.5808,9.658,0.0
1054,7/25/2018,12:40:00 am,0,2018-07-25 00:40:00,8.5821,9.658,0.0
1055,7/25/2018,12:50:00 am,0,2018-07-25 00:50:00,8.5835,9.658,9.999999999994457e-05
1056,7/25/2018,01:00:00 am,0,2018-07-25 01:00:00,8.5848,9.658999999999999,0.0
1057,7/25/2018,01:10:00 am,0,2018-07-25 01:10:00,8.5858,9.658999999999999,0.0
1058,7/25/2018,01:20:00 am,0,2018-07-25 01:20:00,8.5871,9.658999999999999,0.00010000000000012221
1059,7/25/2018,01:30:00 am,0,2018-07-25 01:30:00,8.5879,9.66,0.0
1060,7/25/2018,01:40:00 am,0,2018-07-25 01:40:00,8.589,9.66,0.0
1061,7/25/2018,01:50:00 am,0,2018-07-25 01:50:00,8.5899,9.66,0.0
1062,7/25/2018,02:00:00 am,0,2018-07-25 02:00:00,8.5911,9.66,9.999999999994457e-05
1063,7/25/2018,02:10:00 am,0,2018-07-25 02:10:00,8.5925,9.661,0.0
1064,7/25/2018,02:20:00 am,0,2018-07-25 02:20:00,8.5933,9.661,0.0
1065,7/25/2018,02:30:00 am,0,2018-07-25 02:30:00,8.5938,9.661,0.00010000000000012221
1066,7/25/2018,02:40:00 am,0,2018-07-25 02:40:00,8.5953,9.662,0.0
1067,7/25/2018,02:50:00 am,0,2018-07-25 02:50:00,8.5955,9.662,0.0
1068,7/25/2018,03:00:00 am,0,2018-07-25 03:00:00,8.5961,9.662,9.999999999994457e-05
1069,7/25/2018,03:10:00 am,0,2018-07-25 03:10:00,8.5969,9.663,0.0
1070,7/25/2018,03:20:00 am,0,2018-07-25 03:20:00,8.5975,9.663,0.0
1071,7/25/2018,03:30:00 am,0,2018-07-25 03:30:00,8.5981,9.663,9.999999999994457e-05
1072,7/25/2018,03:40:00 am,0,2018-07-25 03:40:00,8.599,9.664,0.0
1073,7/25/2018,03:50:00 am,0,2018-07-25 03:50:00,8.5995,9.664,0.0
1074,7/25/2018,04:00:00 am,0,2018-07-25 04:00:00,8.6003,9.664,9.999999999994457e-05
1075,7/25/2018,04:10:00 am,0,2018-07-25 04:10:00,8.6012,9.665,0.0
1076,7/25/2018,04:20:00 am,0,2018-07-25 04:20:00,8.6016,9.665,0.0
1077,7/25/2018,04:30:00 am,0,2018-07-25 04:30:00,8.602,9.665,0.0
1078,7/25/2018,04:40:00 am,0,2018-07-25 04:40:00,8.6034,9.665,0.0
1079,7/25/2018,04:50:00 am,0,2018-07-25 04:50:00,8.6036,9.665,0.00010000000000012221
1080,7/25/2018,05:00:00 am,0,2018-07-25 05:00:00,8.6043,9.666,9.999999999994457e-05
1081,7/25/2018,05:10:00 am,0,2018-07-25 05:10:00,8.6055,9.667,0.0
1082,7/25/2018,05:20:00 am,0,2018-07-25 05:20:00,8.6065,9.667,0.0
1083,7/25/2018,05:30:00 am,0,2018-07-25 05:30:00,8.6072,9.667,9.999999999994457e-05
1084,7/25/2018,05:40:00 am,0,2018-07-25 05:40:00,8.6086,9.668,0.0
1085,7/25/2018,05:50:00 am,0,2018-07-25 05:50:00,8.6106,9.668,0.0
1086,7/25/2018,06:00:00 am,0,2018-07-25 06:00:00,8.6118,9.668,0.0
1087,7/25/2018,06:10:00 am,0,2018-07-25 06:10:00,8.6128,9.668,0.00010000000000012221
1088,7/25/2018,06:20:00 am,0,2018-07-25 06:20:00,8.6138,9.669,0.0
1089,7/25/2018,06:30:00 am,0,2018-07-25 06:30:00,8.615,9.669,9.999999999994457e-05
1090,7/25/2018,06:40:00 am,0,2018-07-25 06:40:00,8.6158,9.67,0.0
1091,7/25/2018,06:50:00 am,0,2018-07-25 06:50:00,8.6172,9.67,9.999999999994457e-05
1092,7/25/2018,07:00:00 am,0,2018-07-25 07:00:00,8.6185,9.671,0.0
1093,7/25/2018,07:10:00 am,0,2018-07-25 07:10:00,8.6188,9.671,0.0
1094,7/25/2018,07:20:00 am,0,2018-07-25 07:20:00,8.6202,9.671,0.0019000000000000128
1095,7/25/2018,07:30:00 am,0,2018-07-25 07:30:00,8.6219,9.69,0.0014999999999998793
1096,7/25/2018,07:40:00 am,0,2018-07-25 07:40:00,8.6221,9.675,9.999999999994457e-05
1097,7/25/2018,07:50:00 am,0,2018-07-25 07:50:00,8.6225,9.676,9.999999999994457e-05
1098,7/25/2018,08:00:00 am,0,2018-07-25 08:00:00,8.6226,9.677,9.999999999994457e-05
1099,7/25/2018,08:10:00 am,0,2018-07-25 08:10:00,8.623,9.677999999999999,0.00010000000000012221
1100,7/25/2018,08:20:00 am,0,2018-07-25 08:20:00,8.6235,9.679,0.0002000000000000668
1101,7/25/2018,08:30:00 am,0,2018-07-25 08:30:00,8.6244,9.681000000000001,9.999999999994457e-05
1102,7/25/2018,08:40:00 am,0,2018-07-25 08:40:00,8.6242,9.682,9.999999999994457e-05
1103,7/25/2018,08:50:00 am,0,2018-07-25 08:50:00,8.6241,9.683,0.0002000000000000668
1104,7/25/2018,09:00:00 am,0,2018-07-25 09:00:00,8.6235,9.685,0.0002000000000000668
1105,7/25/2018,09:10:00 am,0,2018-07-25 09:10:00,8.6221,9.687000000000001,9.999999999976694e-05
1106,7/25/2018,09:20:00 am,0,2018-07-25 09:20:00,8.6204,9.687999999999999,0.00010000000000012221
1107,7/25/2018,09:30:00 am,0,2018-07-25 09:30:00,8.6183,9.689,0.0002000000000000668
