well_id,DateTime,raw_Level_m,Temp_c,deployment_id,Rate of Change,temp_threshold
KWT-2,2025-06-18 12:20:00,8.6315,10.024,KWT-2_2025_0618_0624,2.2079999999999997,1.0
KWT-2,2025-06-18 12:30:00,8.66,8.895,KWT-2_2025_0618_0624,0.11289999999999996,1.0
KWT-2,2025-06-18 12:40:00,8.6628,8.533,KWT-2_2025_0618_0624,0.03620000000000001,1.0
KWT-2,2025-06-18 12:50:00,8.6598,8.353,KWT-2_2025_0618_0624,0.01799999999999997,1.0
KWT-2,2025-06-18 13:00:00,8.6565,8.25,KWT-2_2025_0618_0624,0.010299999999999976,1.0
KWT-2,2025-06-18 13:10:00,8.6535,8.186,KWT-2_2025_0618_0624,0.0064000000000000055,1.0
KWT-2,2025-06-18 13:20:00,8.6511,8.143,KWT-2_2025_0618_0624,0.004299999999999926,1.0
KWT-2,2025-06-18 13:30:00,8.6484,8.115,KWT-2_2025_0618_0624,0.002800000000000047,1.0
KWT-2,2025-06-18 13:40:00,8.6477,8.094,KWT-2_2025_0618_0624,0.0021000000000000797,1.0
KWT-2,2025-06-18 13:50:00,8.648,8.079,KWT-2_2025_0618_0624,0.0014999999999998793,1.0
KWT-2,2025-06-18 14:00:00,8.6491,8.067,KWT-2_2025_0618_0624,0.0012000000000000454,1.0
KWT-2,2025-06-18 14:10:00,8.6486,8.057,KWT-2_2025_0618_0624,0.0009999999999999788,1.0
KWT-2,2025-06-18 14:20:00,8.6475,8.049,KWT-2_2025_0618_0624,0.0008000000000000895,1.0
KWT-2,2025-06-18 14:30:00,8.6464,8.043,KWT-2_2025_0618_0624,0.0006000000000000227,1.0
KWT-2,2025-06-18 14:40:00,8.6453,8.038,KWT-2_2025_0618_0624,0.0004999999999999005,1.0
KWT-2,2025-06-18 14:50:00,8.6438,8.035,KWT-2_2025_0618_0624,0.00030000000000001136,1.0
KWT-2,2025-06-18 15:00:00,8.6428,8.032,KWT-2_2025_0618_0624,0.00030000000000001136,1.0
KWT-2,2025-06-18 15:10:00,8.6408,8.028,KWT-2_2025_0618_0624,0.00039999999999995595,1.0
KWT-2,2025-06-18 15:20:00,8.639,8.026,KWT-2_2025_0618_0624,0.0002000000000000668,1.0
KWT-2,2025-06-18 15:30:00,8.6374,8.021,KWT-2_2025_0618_0624,0.0004999999999999005,1.0
KWT-2,2025-06-18 15:40:00,8.6358,8.022,KWT-2_2025_0618_0624,9.999999999994457e-05,1.0
KWT-2,2025-06-18 15:50:00,8.6341,8.02,KWT-2_2025_0618_0624,0.0002000000000000668,1.0
KWT-2,2025-06-18 16:00:00,8.6322,8.019,KWT-2_2025_0618_0624,9.999999999994457e-05,1.0
KWT-2,2025-06-18 16:10:00,8.631,8.017,KWT-2_2025_0618_0624,0.0002000000000000668,1.0
KWT-2,2025-06-18 16:20:00,8.6298,8.016,KWT-2_2025_0618_0624,9.999999999994457e-05,1.0
KWT-2,2025-06-18 16:30:00,8.6288,8.015,KWT-2_2025_0618_0624,9.999999999994457e-05,1.0
KWT-2,2025-06-18 16:40:00,8.6281,8.016,KWT-2_2025_0618_0624,9.999999999994457e-05,1.0
KWT-2,2025-06-18 16:50:00,8.6266,8.013,KWT-2_2025_0618_0624,0.00030000000000001136,1.0
KWT-2,2025-06-18 17:00:00,8.6258,8.01,KWT-2_2025_0618_0624,0.00030000000000001136,1.0
KWT-2,2025-06-18 17:10:00,8.6254,8.011,KWT-2_2025_0618_0624,9.999999999994457e-05,1.0
KWT-2,2025-06-18 17:20:00,8.6255,8.012,KWT-2_2025_0618_0624,0.00010000000000012221,1.0
KWT-2,2025-06-18 17:30:00,8.6254,8.009,KWT-2_2025_0618_0624,0.00030000000000001136,1.0
KWT-2,2025-06-18 17:40:00,8.6251,8.01,KWT-2_2025_0618_0624,9.999999999994457e-05,1.0
KWT-2,2025-06-18 17:50:00,8.6254,8.009,KWT-2_2025_0618_0624,9.999999999994457e-05,1.0
KWT-2,2025-06-18 18:00:00,8.6271,8.01,KWT-2_2025_0618_0624,9.999999999994457e-05,1.0
KWT-2,2025-06-18 18:10:00,8.6271,8.008,KWT-2_2025_0618_0624,0.0002000000000000668,1.0
KWT-2,2025-06-18 18:20:00,8.6268,8.006,KWT-2_2025_0618_0624,0.00019999999999988915,1.0
KWT-2,2025-06-18 18:30:00,8.6264,8.005,KWT-2_2025_0618_0624,9.999999999994457e-05,1.0
KWT-2,2025-06-18 18:40:00,8.6262,8.007,KWT-2_2025_0618_0624,0.00019999999999988915,1.0
KWT-2,2025-06-18 18:50:00,8.6258,8.005,KWT-2_2025_0618_0624,0.00019999999999988915,1.0
KWT-2,2025-06-18 19:00:00,8.6253,8.004,KWT-2_2025_0618_0624,0.00010000000000012221,1.0
KWT-2,2025-06-18 19:10:00,8.6252,8.004,KWT-2_2025_0618_0624,0.0,1.0
KWT-2,2025-06-18 19:20:00,8.6251,8.004,KWT-2_2025_0618_0624,0.0,1.0
KWT-2,2025-06-18 19:30:00,8.6249,8.004,KWT-2_2025_0618_0624,0.0,1.0
KWT-2,2025-06-18 19:40:00,8.6248,8.003,KWT-2_2025_0618_0624,9.999999999994457e-05,1.0
KWT-2,2025-06-18 19:50:00,8.6249,8.002,KWT-2_2025_0618_0624,9.999999999994457e-05,1.0
KWT-2,2025-06-18 20:00:00,8.6247,8.001,KWT-2_2025_0618_0624,0.00010000000000012221,1.0
KWT-2,2025-06-18 20:10:00,8.6245,8.0,KWT-2_2025_0618_0624,9.999999999994457e-05,1.0
KWT-2,2025-06-18 20:20:00,8.6242,8.001,KWT-2_2025_0618_0624,9.999999999994457e-05,1.0
KWT-2,2025-06-18 20:30:00,8.6239,8.001,KWT-2_2025_0618_0624,0.0,1.0
KWT-2,2025-06-18 20:40:00,8.6233,8.0,KWT-2_2025_0618_0624,9.999999999994457e-05,1.0
KWT-2,2025-06-18 20:50:00,8.6228,8.001,KWT-2_2025_0618_0624,9.999999999994457e-05,1.0
KWT-2,2025-06-18 21:00:00,8.6221,7.998,KWT-2_2025_0618_0624,0.00029999999999992256,1.0
KWT-2,2025-06-18 21:10:00,8.6212,7.998,KWT-2_2025_0618_0624,0.0,1.0
KWT-2,2025-06-18 21:20:00,8.621,8.001,KWT-2_2025_0618_0624,0.00029999999999992256,1.0
KWT-2,2025-06-18 21:30:00,8.6209,7.998,KWT-2_2025_0618_0624,0.00029999999999992256,1.0
KWT-2,2025-06-18 21:40:00,8.6209,7.998,KWT-2_2025_0618_0624,0.0,1.0
KWT-2,2025-06-18 21:50:00,8.6206,7.997,KWT-2_2025_0618_0624,0.0001000000000000334,1.0
KWT-2,2025-06-18 22:00:00,8.6207,7.998,KWT-2_2025_0618_0624,0.0001000000000000334,1.0
KWT-2,2025-06-18 22:10:00,8.6206,7.997,KWT-2_2025_0618_0624,0.0001000000000000334,1.0
KWT-2,2025-06-18 22:20:00,8.6201,7.996,KWT-2_2025_0618_0624,9.999999999994457e-05,1.0
KWT-2,2025-06-18 22:30:00,8.6195,7.996,KWT-2_2025_0618_0624,0.0,1.0
KWT-2,2025-06-18 22:40:00,8.6189,7.996,KWT-2_2025_0618_0624,0.0,1.0
KWT-2,2025-06-18 22:50:00,8.6186,7.997,KWT-2_2025_0618_0624,9.999999999994457e-05,1.0
KWT-2,2025-06-18 23:00:00,8.6176,7.996,KWT-2_2025_0618_0624,9.999999999994457e-05,1.0
KWT-2,2025-06-18 23:10:00,8.6165,7.994,KWT-2_2025_0618_0624,0.0002000000000000668,1.0
KWT-2,2025-06-18 23:20:00,8.6158,7.997,KWT-2_2025_0618_0624,0.00030000000000001136,1.0
KWT-2,2025-06-18 23:30:00,8.6149,7.996,KWT-2_2025_0618_0624,9.999999999994457e-05,1.0
KWT-2,2025-06-18 23:40:00,8.6139,7.996,KWT-2_2025_0618_0624,0.0,1.0
KWT-2,2025-06-18 23:50:00,8.6129,7.996,KWT-2_2025_0618_0624,0.0,1.0
KWT-2,2025-06-19 00:00:00,8.6122,7.996,KWT-2_2025_0618_0624,0.0,1.0
KWT-2,2025-06-19 00:10:00,8.6115,7.994,KWT-2_2025_0618_0624,0.0002000000000000668,1.0
KWT-2,2025-06-19 00:20:00,8.6103,7.996,KWT-2_2025_0618_0624,0.0002000000000000668,1.0
KWT-2,2025-06-19 00:30:00,8.6092,7.995,KWT-2_2025_0618_0624,0.0001000000000000334,1.0
KWT-2,2025-06-19 00:40:00,8.6079,7.996,KWT-2_2025_0618_0624,0.0001000000000000334,1.0
KWT-2,2025-06-19 00:50:00,8.6069,7.995,KWT-2_2025_0618_0624,0.0001000000000000334,1.0
KWT-2,2025-06-19 01:00:00,8.606,7.996,KWT-2_2025_0618_0624,0.0001000000000000334,1.0
KWT-2,2025-06-19 01:10:00,8.6048,7.996,KWT-2_2025_0618_0624,0.0,1.0
KWT-2,2025-06-19 01:20:00,8.6039,7.995,KWT-2_2025_0618_0624,0.0001000000000000334,1.0
KWT-2,2025-06-19 01:30:00,8.603,7.994,KWT-2_2025_0618_0624,0.0001000000000000334,1.0
KWT-2,2025-06-19 01:40:00,8.6022,7.997,KWT-2_2025_0618_0624,0.00030000000000001136,1.0
KWT-2,2025-06-19 01:50:00,8.6015,7.997,KWT-2_2025_0618_0624,0.0,1.0
KWT-2,2025-06-19 02:00:00,8.601,7.995,KWT-2_2025_0618_0624,0.00019999999999997797,1.0
KWT-2,2025-06-19 02:10:00,8.6006,7.996,KWT-2_2025_0618_0624,0.0001000000000000334,1.0
KWT-2,2025-06-19 02:20:00,8.5996,7.995,KWT-2_2025_0618_0624,0.0001000000000000334,1.0
KWT-2,2025-06-19 02:30:00,8.5985,7.997,KWT-2_2025_0618_0624,0.00019999999999997797,1.0
KWT-2,2025-06-19 02:40:00,8.5974,7.996,KWT-2_2025_0618_0624,9.999999999994457e-05,1.0
KWT-2,2025-06-19 02:50:00,8.5965,7.996,KWT-2_2025_0618_0624,0.0,1.0
KWT-2,2025-06-19 03:00:00,8.5957,7.995,KWT-2_2025_0618_0624,0.0001000000000000334,1.0
KWT-2,2025-06-19 03:10:00,8.5946,7.996,KWT-2_2025_0618_0624,0.0001000000000000334,1.0
KWT-2,2025-06-19 03:20:00,8.5936,7.998,KWT-2_2025_0618_0624,0.00019999999999997797,1.0
KWT-2,2025-06-19 03:30:00,8.5923,7.999,KWT-2_2025_0618_0624,9.999999999994457e-05,1.0
KWT-2,2025-06-19 03:40:00,8.5912,7.998,KWT-2_2025_0618_0624,9.999999999994457e-05,1.0
KWT-2,2025-06-19 03:50:00,8.5903,7.997,KWT-2_2025_0618_0624,0.0001000000000000334,1.0
KWT-2,2025-06-19 04:00:00,8.5896,7.997,KWT-2_2025_0618_0624,0.0,1.0
KWT-2,2025-06-19 04:10:00,8.5887,7.997,KWT-2_2025_0618_0624,0.0,1.0
KWT-2,2025-06-19 04:20:00,8.588,7.998,KWT-2_2025_0618_0624,0.0001000000000000334,1.0
KWT-2,2025-06-19 04:30:00,8.5872,8.0,KWT-2_2025_0618_0624,0.00019999999999997797,1.0
KWT-2,2025-06-19 04:40:00,8.5864,7.999,KWT-2_2025_0618_0624,0.0001000000000000334,1.0
KWT-2,2025-06-19 04:50:00,8.5854,7.999,KWT-2_2025_0618_0624,0.0,1.0
KWT-2,2025-06-19 05:00:00,8.5849,7.997,KWT-2_2025_0618_0624,0.00019999999999997797,1.0
KWT-2,2025-06-19 05:10:00,8.5844,8.0,KWT-2_2025_0618_0624,0.00030000000000001136,1.0
KWT-2,2025-06-19 05:20:00,8.5838,7.999,KWT-2_2025_0618_0624,0.0001000000000000334,1.0
KWT-2,2025-06-19 05:30:00,8.5832,7.999,KWT-2_2025_0618_0624,0.0,1.0
KWT-2,2025-06-19 05:40:00,8.583,8.0,KWT-2_2025_0618_0624,0.0001000000000000334,1.0
KWT-2,2025-06-19 05:50:00,8.5827,7.999,KWT-2_2025_0618_0624,0.0001000000000000334,1.0
KWT-2,2025-06-19 06:00:00,8.5818,7.999,KWT-2_2025_0618_0624,0.0,1.0
KWT-2,2025-06-19 06:10:00,8.5814,7.998,KWT-2_2025_0618_0624,9.999999999994457e-05,1.0
KWT-2,2025-06-19 06:20:00,8.5807,8.0,KWT-2_2025_0618_0624,0.00019999999999997797,1.0
KWT-2,2025-06-19 06:30:00,8.5802,8.001,KWT-2_2025_0618_0624,9.999999999994457e-05,1.0
KWT-2,2025-06-19 06:40:00,8.5797,8.002,KWT-2_2025_0618_0624,0.00010000000000012221,1.0
KWT-2,2025-06-19 06:50:00,8.5791,8.001,KWT-2_2025_0618_0624,0.00010000000000012221,1.0
KWT-2,2025-06-19 07:00:00,8.5783,8.0,KWT-2_2025_0618_0624,9.999999999994457e-05,1.0
KWT-2,2025-06-19 07:10:00,8.5779,8.003,KWT-2_2025_0618_0624,0.00030000000000001136,1.0
KWT-2,2025-06-19 07:20:00,8.5773,8.002,KWT-2_2025_0618_0624,9.999999999994457e-05,1.0
KWT-2,2025-06-19 07:30:00,8.5767,8.001,KWT-2_2025_0618_0624,0.00010000000000012221,1.0
KWT-2,2025-06-19 07:40:00,8.5758,8.004,KWT-2_2025_0618_0624,0.00030000000000001136,1.0
KWT-2,2025-06-19 07:50:00,8.5748,8.003,KWT-2_2025_0618_0624,9.999999999994457e-05,1.0
KWT-2,2025-06-19 08:00:00,8.5735,8.001,KWT-2_2025_0618_0624,0.0002000000000000668,1.0
KWT-2,2025-06-19 08:10:00,8.5722,8.003,KWT-2_2025_0618_0624,0.0002000000000000668,1.0
KWT-2,2025-06-19 08:20:00,8.5712,8.004,KWT-2_2025_0618_0624,9.999999999994457e-05,1.0
KWT-2,2025-06-19 08:30:00,8.5702,8.005,KWT-2_2025_0618_0624,0.00010000000000012221,1.0
KWT-2,2025-06-19 08:40:00,8.5695,8.006,KWT-2_2025_0618_0624,9.999999999994457e-05,1.0
KWT-2,2025-06-19 08:50:00,8.5685,8.003,KWT-2_2025_0618_0624,0.00030000000000001136,1.0
KWT-2,2025-06-19 09:00:00,8.5677,8.006,KWT-2_2025_0618_0624,0.00030000000000001136,1.0
KWT-2,2025-06-19 09:10:00,8.5668,8.005,KWT-2_2025_0618_0624,9.999999999994457e-05,1.0
KWT-2,2025-06-19 09:20:00,8.5656,8.005,KWT-2_2025_0618_0624,0.0,1.0
KWT-2,2025-06-19 09:30:00,8.5647,8.007,KWT-2_2025_0618_0624,0.00019999999999988915,1.0
KWT-2,2025-06-19 09:40:00,8.5638,8.007,KWT-2_2025_0618_0624,0.0,1.0
KWT-2,2025-06-19 09:50:00,8.5633,8.006,KWT-2_2025_0618_0624,9.999999999994457e-05,1.0
KWT-2,2025-06-19 10:00:00,8.5628,8.007,KWT-2_2025_0618_0624,9.999999999994457e-05,1.0
KWT-2,2025-06-19 10:10:00,8.5623,8.007,KWT-2_2025_0618_0624,0.0,1.0
KWT-2,2025-06-19 10:20:00,8.5613,8.008,KWT-2_2025_0618_0624,9.999999999994457e-05,1.0
KWT-2,2025-06-19 10:30:00,8.5616,8.009,KWT-2_2025_0618_0624,0.00010000000000012221,1.0
KWT-2,2025-06-19 10:40:00,8.5608,8.008,KWT-2_2025_0618_0624,0.00010000000000012221,1.0
KWT-2,2025-06-19 10:50:00,8.5602,8.009,KWT-2_2025_0618_0624,0.00010000000000012221,1.0
KWT-2,2025-06-19 11:00:00,8.56,8.007,KWT-2_2025_0618_0624,0.0002000000000000668,1.0
KWT-2,2025-06-19 11:10:00,8.5599,8.011,KWT-2_2025_0618_0624,0.00039999999999995595,1.0
KWT-2,2025-06-19 11:20:00,8.5589,8.01,KWT-2_2025_0618_0624,9.999999999994457e-05,1.0
KWT-2,2025-06-19 11:30:00,8.558,8.011,KWT-2_2025_0618_0624,9.999999999994457e-05,1.0
KWT-2,2025-06-19 11:40:00,8.5573,8.011,KWT-2_2025_0618_0624,0.0,1.0
KWT-2,2025-06-19 11:50:00,8.5567,8.013,KWT-2_2025_0618_0624,0.0002000000000000668,1.0
KWT-2,2025-06-19 12:00:00,8.5556,8.01,KWT-2_2025_0618_0624,0.00030000000000001136,1.0
KWT-2,2025-06-19 12:10:00,8.5542,8.011,KWT-2_2025_0618_0624,9.999999999994457e-05,1.0
KWT-2,2025-06-19 12:20:00,8.553,8.013,KWT-2_2025_0618_0624,0.0002000000000000668,1.0
KWT-2,2025-06-19 12:30:00,8.552,8.013,KWT-2_2025_0618_0624,0.0,1.0
KWT-2,2025-06-19 12:40:00,8.5513,8.015,KWT-2_2025_0618_0624,0.0002000000000000668,1.0
KWT-2,2025-06-19 12:50:00,8.5497,8.013,KWT-2_2025_0618_0624,0.0002000000000000668,1.0
KWT-2,2025-06-19 13:00:00,8.5486,8.014,KWT-2_2025_0618_0624,9.999999999994457e-05,1.0
KWT-2,2025-06-19 13:10:00,8.5474,8.016,KWT-2_2025_0618_0624,0.0002000000000000668,1.0
KWT-2,2025-06-19 13:20:00,8.5465,8.015,KWT-2_2025_0618_0624,9.999999999994457e-05,1.0
KWT-2,2025-06-19 13:30:00,8.5456,8.017,KWT-2_2025_0618_0624,0.00019999999999988915,1.0
KWT-2,2025-06-19 13:40:00,8.5453,8.015,KWT-2_2025_0618_0624,0.00019999999999988915,1.0
KWT-2,2025-06-19 13:50:00,8.5469,8.017,KWT-2_2025_0618_0624,0.00019999999999988915,1.0
KWT-2,2025-06-19 14:00:00,8.5479,8.018,KWT-2_2025_0618_0624,0.00010000000000012221,1.0
KWT-2,2025-06-19 14:10:00,8.5468,8.02,KWT-2_2025_0618_0624,0.00019999999999988915,1.0
KWT-2,2025-06-19 14:20:00,8.5468,8.018,KWT-2_2025_0618_0624,0.00019999999999988915,1.0
KWT-2,2025-06-19 14:30:00,8.5464,8.018,KWT-2_2025_0618_0624,0.0,1.0
KWT-2,2025-06-19 14:40:00,8.5462,8.019,KWT-2_2025_0618_0624,9.999999999994457e-05,1.0
KWT-2,2025-06-19 14:50:00,8.5456,8.021,KWT-2_2025_0618_0624,0.0002000000000000668,1.0
KWT-2,2025-06-19 15:00:00,8.5447,8.019,KWT-2_2025_0618_0624,0.0002000000000000668,1.0
KWT-2,2025-06-19 15:10:00,8.5443,8.02,KWT-2_2025_0618_0624,9.999999999994457e-05,1.0
KWT-2,2025-06-19 15:20:00,8.5435,8.022,KWT-2_2025_0618_0624,0.0002000000000000668,1.0
KWT-2,2025-06-19 15:30:00,8.5426,8.021,KWT-2_2025_0618_0624,9.999999999994457e-05,1.0
KWT-2,2025-06-19 15:40:00,8.5414,8.022,KWT-2_2025_0618_0624,9.999999999994457e-05,1.0
KWT-2,2025-06-19 15:50:00,8.5392,8.021,KWT-2_2025_0618_0624,9.999999999994457e-05,1.0
KWT-2,2025-06-19 16:00:00,8.5361,8.02,KWT-2_2025_0618_0624,0.00010000000000012221,1.0
KWT-2,2025-06-19 16:10:00,8.5351,8.023,KWT-2_2025_0618_0624,0.00030000000000001136,1.0
KWT-2,2025-06-19 16:20:00,8.5333,8.023,KWT-2_2025_0618_0624,0.0,1.0
KWT-2,2025-06-19 16:30:00,8.5335,8.023,KWT-2_2025_0618_0624,0.0,1.0
KWT-2,2025-06-19 16:40:00,8.5335,8.027,KWT-2_2025_0618_0624,0.00039999999999995595,1.0
KWT-2,2025-06-19 16:50:00,8.5324,8.025,KWT-2_2025_0618_0624,0.00019999999999988915,1.0
KWT-2,2025-06-19 17:00:00,8.5328,8.024,KWT-2_2025_0618_0624,0.00010000000000012221,1.0
KWT-2,2025-06-19 17:10:00,8.5337,8.026,KWT-2_2025_0618_0624,0.0002000000000000668,1.0
KWT-2,2025-06-19 17:20:00,8.533,8.025,KWT-2_2025_0618_0624,9.999999999994457e-05,1.0
KWT-2,2025-06-19 17:30:00,8.5326,8.027,KWT-2_2025_0618_0624,0.00019999999999988915,1.0
KWT-2,2025-06-19 17:40:00,8.5322,8.025,KWT-2_2025_0618_0624,0.00019999999999988915,1.0
KWT-2,2025-06-19 17:50:00,8.5333,8.026,KWT-2_2025_0618_0624,9.999999999994457e-05,1.0
KWT-2,2025-06-19 18:00:00,8.5344,8.028,KWT-2_2025_0618_0624,0.0002000000000000668,1.0
KWT-2,2025-06-19 18:10:00,8.5343,8.026,KWT-2_2025_0618_0624,0.0002000000000000668,1.0
KWT-2,2025-06-19 18:20:00,8.5343,8.027,KWT-2_2025_0618_0624,9.999999999994457e-05,1.0
KWT-2,2025-06-19 18:30:00,8.5342,8.029,KWT-2_2025_0618_0624,0.0002000000000000668,1.0
KWT-2,2025-06-19 18:40:00,8.5334,8.03,KWT-2_2025_0618_0624,9.999999999994457e-05,1.0
KWT-2,2025-06-19 18:50:00,8.5328,8.029,KWT-2_2025_0618_0624,9.999999999994457e-05,1.0
KWT-2,2025-06-19 19:00:00,8.5321,8.03,KWT-2_2025_0618_0624,9.999999999994457e-05,1.0
KWT-2,2025-06-19 19:10:00,8.5313,8.027,KWT-2_2025_0618_0624,0.00030000000000001136,1.0
KWT-2,2025-06-19 19:20:00,8.5309,8.029,KWT-2_2025_0618_0624,0.0002000000000000668,1.0
KWT-2,2025-06-19 19:30:00,8.5301,8.029,KWT-2_2025_0618_0624,0.0,1.0
KWT-2,2025-06-19 19:40:00,8.5297,8.028,KWT-2_2025_0618_0624,9.999999999994457e-05,1.0
KWT-2,2025-06-19 19:50:00,8.529,8.031,KWT-2_2025_0618_0624,0.00030000000000001136,1.0
KWT-2,2025-06-19 20:00:00,8.528,8.031,KWT-2_2025_0618_0624,0.0,1.0
KWT-2,2025-06-19 20:10:00,8.5271,8.031,KWT-2_2025_0618_0624,0.0,1.0
KWT-2,2025-06-19 20:20:00,8.5265,8.031,KWT-2_2025_0618_0624,0.0,1.0
KWT-2,2025-06-19 20:30:00,8.525,8.033,KWT-2_2025_0618_0624,0.00019999999999988915,1.0
KWT-2,2025-06-19 20:40:00,8.5242,8.03,KWT-2_2025_0618_0624,0.00030000000000001136,1.0
KWT-2,2025-06-19 20:50:00,8.5232,8.033,KWT-2_2025_0618_0624,0.00030000000000001136,1.0
KWT-2,2025-06-19 21:00:00,8.5224,8.032,KWT-2_2025_0618_0624,9.999999999994457e-05,1.0
KWT-2,2025-06-19 21:10:00,8.5217,8.032,KWT-2_2025_0618_0624,0.0,1.0
KWT-2,2025-06-19 21:20:00,8.5216,8.032,KWT-2_2025_0618_0624,0.0,1.0
KWT-2,2025-06-19 21:30:00,8.5217,8.033,KWT-2_2025_0618_0624,9.999999999994457e-05,1.0
KWT-2,2025-06-19 21:40:00,8.5226,8.035,KWT-2_2025_0618_0624,0.0002000000000000668,1.0
KWT-2,2025-06-19 21:50:00,8.524,8.035,KWT-2_2025_0618_0624,0.0,1.0
KWT-2,2025-06-19 22:00:00,8.525,8.034,KWT-2_2025_0618_0624,9.999999999994457e-05,1.0
KWT-2,2025-06-19 22:10:00,8.5259,8.035,KWT-2_2025_0618_0624,9.999999999994457e-05,1.0
KWT-2,2025-06-19 22:20:00,8.5257,8.034,KWT-2_2025_0618_0624,9.999999999994457e-05,1.0
KWT-2,2025-06-19 22:30:00,8.5258,8.034,KWT-2_2025_0618_0624,0.0,1.0
KWT-2,2025-06-19 22:40:00,8.5252,8.035,KWT-2_2025_0618_0624,9.999999999994457e-05,1.0
KWT-2,2025-06-19 22:50:00,8.524,8.036,KWT-2_2025_0618_0624,9.999999999994457e-05,1.0
KWT-2,2025-06-19 23:00:00,8.5227,8.037,KWT-2_2025_0618_0624,0.00010000000000012221,1.0
KWT-2,2025-06-19 23:10:00,8.5223,8.036,KWT-2_2025_0618_0624,0.00010000000000012221,1.0
KWT-2,2025-06-19 23:20:00,8.5215,8.037,KWT-2_2025_0618_0624,0.00010000000000012221,1.0
KWT-2,2025-06-19 23:30:00,8.5208,8.038,KWT-2_2025_0618_0624,9.999999999994457e-05,1.0
KWT-2,2025-06-19 23:40:00,8.5195,8.037,KWT-2_2025_0618_0624,9.999999999994457e-05,1.0
KWT-2,2025-06-19 23:50:00,8.5189,8.039,KWT-2_2025_0618_0624,0.00019999999999988915,1.0
KWT-2,2025-06-20 00:00:00,8.5187,8.039,KWT-2_2025_0618_0624,0.0,1.0
KWT-2,2025-06-20 00:10:00,8.5182,8.041,KWT-2_2025_0618_0624,0.0002000000000000668,1.0
KWT-2,2025-06-20 00:20:00,8.5173,8.041,KWT-2_2025_0618_0624,0.0,1.0
KWT-2,2025-06-20 00:30:00,8.5173,8.041,KWT-2_2025_0618_0624,0.0,1.0
KWT-2,2025-06-20 00:40:00,8.5166,8.041,KWT-2_2025_0618_0624,0.0,1.0
KWT-2,2025-06-20 00:50:00,8.5161,8.042,KWT-2_2025_0618_0624,9.999999999994457e-05,1.0
KWT-2,2025-06-20 01:00:00,8.5154,8.043,KWT-2_2025_0618_0624,9.999999999994457e-05,1.0
KWT-2,2025-06-20 01:10:00,8.5145,8.042,KWT-2_2025_0618_0624,9.999999999994457e-05,1.0
KWT-2,2025-06-20 01:20:00,8.5136,8.043,KWT-2_2025_0618_0624,9.999999999994457e-05,1.0
KWT-2,2025-06-20 01:30:00,8.5128,8.043,KWT-2_2025_0618_0624,0.0,1.0
KWT-2,2025-06-20 01:40:00,8.5117,8.044,KWT-2_2025_0618_0624,0.00010000000000012221,1.0
KWT-2,2025-06-20 01:50:00,8.5106,8.046,KWT-2_2025_0618_0624,0.00019999999999988915,1.0
KWT-2,2025-06-20 02:00:00,8.51,8.044,KWT-2_2025_0618_0624,0.00019999999999988915,1.0
KWT-2,2025-06-20 02:10:00,8.5092,8.044,KWT-2_2025_0618_0624,0.0,1.0
KWT-2,2025-06-20 02:20:00,8.5083,8.045,KWT-2_2025_0618_0624,9.999999999994457e-05,1.0
KWT-2,2025-06-20 02:30:00,8.5072,8.046,KWT-2_2025_0618_0624,9.999999999994457e-05,1.0
KWT-2,2025-06-20 02:40:00,8.5061,8.045,KWT-2_2025_0618_0624,9.999999999994457e-05,1.0
KWT-2,2025-06-20 02:50:00,8.5054,8.045,KWT-2_2025_0618_0624,0.0,1.0
KWT-2,2025-06-20 03:00:00,8.5048,8.046,KWT-2_2025_0618_0624,9.999999999994457e-05,1.0
KWT-2,2025-06-20 03:10:00,8.5041,8.048,KWT-2_2025_0618_0624,0.0002000000000000668,1.0
KWT-2,2025-06-20 03:20:00,8.5032,8.048,KWT-2_2025_0618_0624,0.0,1.0
KWT-2,2025-06-20 03:30:00,8.5027,8.048,KWT-2_2025_0618_0624,0.0,1.0
KWT-2,2025-06-20 03:40:00,8.5026,8.048,KWT-2_2025_0618_0624,0.0,1.0
KWT-2,2025-06-20 03:50:00,8.5017,8.047,KWT-2_2025_0618_0624,9.999999999994457e-05,1.0
KWT-2,2025-06-20 04:00:00,8.5007,8.048,KWT-2_2025_0618_0624,9.999999999994457e-05,1.0
KWT-2,2025-06-20 04:10:00,8.5,8.049,KWT-2_2025_0618_0624,9.999999999994457e-05,1.0
KWT-2,2025-06-20 04:20:00,8.4996,8.049,KWT-2_2025_0618_0624,0.0,1.0
KWT-2,2025-06-20 04:30:00,8.4994,8.05,KWT-2_2025_0618_0624,0.00010000000000012221,1.0
KWT-2,2025-06-20 04:40:00,8.4993,8.05,KWT-2_2025_0618_0624,0.0,1.0
KWT-2,2025-06-20 04:50:00,8.4993,8.05,KWT-2_2025_0618_0624,0.0,1.0
KWT-2,2025-06-20 05:00:00,8.4991,8.05,KWT-2_2025_0618_0624,0.0,1.0
KWT-2,2025-06-20 05:10:00,8.4987,8.05,KWT-2_2025_0618_0624,0.0,1.0
KWT-2,2025-06-20 05:20:00,8.4986,8.05,KWT-2_2025_0618_0624,0.0,1.0
KWT-2,2025-06-20 05:30:00,8.498,8.052,KWT-2_2025_0618_0624,0.00019999999999988915,1.0
KWT-2,2025-06-20 05:40:00,8.4973,8.051,KWT-2_2025_0618_0624,9.999999999994457e-05,1.0
KWT-2,2025-06-20 05:50:00,8.4966,8.05,KWT-2_2025_0618_0624,9.999999999994457e-05,1.0
KWT-2,2025-06-20 06:00:00,8.4966,8.053,KWT-2_2025_0618_0624,0.00030000000000001136,1.0
KWT-2,2025-06-20 06:10:00,8.4965,8.053,KWT-2_2025_0618_0624,0.0,1.0
KWT-2,2025-06-20 06:20:00,8.4962,8.054,KWT-2_2025_0618_0624,9.999999999994457e-05,1.0
KWT-2,2025-06-20 06:30:00,8.4958,8.053,KWT-2_2025_0618_0624,9.999999999994457e-05,1.0
KWT-2,2025-06-20 06:40:00,8.4952,8.054,KWT-2_2025_0618_0624,9.999999999994457e-05,1.0
KWT-2,2025-06-20 06:50:00,8.4945,8.055,KWT-2_2025_0618_0624,9.999999999994457e-05,1.0
KWT-2,2025-06-20 07:00:00,8.4942,8.054,KWT-2_2025_0618_0624,9.999999999994457e-05,1.0
KWT-2,2025-06-20 07:10:00,8.4939,8.057,KWT-2_2025_0618_0624,0.00030000000000001136,1.0
KWT-2,2025-06-20 07:20:00,8.4938,8.056,KWT-2_2025_0618_0624,0.00010000000000012221,1.0
KWT-2,2025-06-20 07:30:00,8.4927,8.058,KWT-2_2025_0618_0624,0.0002000000000000668,1.0
KWT-2,2025-06-20 07:40:00,8.4915,8.056,KWT-2_2025_0618_0624,0.0002000000000000668,1.0
KWT-2,2025-06-20 07:50:00,8.4906,8.056,KWT-2_2025_0618_0624,0.0,1.0
KWT-2,2025-06-20 08:00:00,8.4908,8.058,KWT-2_2025_0618_0624,0.0002000000000000668,1.0
KWT-2,2025-06-20 08:10:00,8.4899,8.059,KWT-2_2025_0618_0624,9.999999999994457e-05,1.0
KWT-2,2025-06-20 08:20:00,8.4902,8.058,KWT-2_2025_0618_0624,9.999999999994457e-05,1.0
KWT-2,2025-06-20 08:30:00,8.4902,8.06,KWT-2_2025_0618_0624,0.0002000000000000668,1.0
KWT-2,2025-06-20 08:40:00,8.4901,8.059,KWT-2_2025_0618_0624,0.00010000000000012221,1.0
KWT-2,2025-06-20 08:50:00,8.4895,8.06,KWT-2_2025_0618_0624,0.00010000000000012221,1.0
KWT-2,2025-06-20 09:00:00,8.4896,8.062,KWT-2_2025_0618_0624,0.00019999999999988915,1.0
KWT-2,2025-06-20 09:10:00,8.4899,8.063,KWT-2_2025_0618_0624,0.00010000000000012221,1.0
KWT-2,2025-06-20 09:20:00,8.4893,8.061,KWT-2_2025_0618_0624,0.0002000000000000668,1.0
KWT-2,2025-06-20 09:30:00,8.4885,8.062,KWT-2_2025_0618_0624,9.999999999994457e-05,1.0
KWT-2,2025-06-20 09:40:00,8.4883,8.063,KWT-2_2025_0618_0624,0.00010000000000012221,1.0
KWT-2,2025-06-20 09:50:00,8.4876,8.062,KWT-2_2025_0618_0624,0.00010000000000012221,1.0
KWT-2,2025-06-20 10:00:00,8.4864,8.065,KWT-2_2025_0618_0624,0.00030000000000001136,1.0
KWT-2,2025-06-20 10:10:00,8.4855,8.065,KWT-2_2025_0618_0624,0.0,1.0
KWT-2,2025-06-20 10:20:00,8.4846,8.066,KWT-2_2025_0618_0624,0.00010000000000012221,1.0
KWT-2,2025-06-20 10:30:00,8.4846,8.064,KWT-2_2025_0618_0624,0.0002000000000000668,1.0
KWT-2,2025-06-20 10:40:00,8.4844,8.064,KWT-2_2025_0618_0624,0.0,1.0
KWT-2,2025-06-20 10:50:00,8.4837,8.067,KWT-2_2025_0618_0624,0.00030000000000001136,1.0
KWT-2,2025-06-20 11:00:00,8.4839,8.068,KWT-2_2025_0618_0624,9.999999999994457e-05,1.0
KWT-2,2025-06-20 11:10:00,8.4838,8.067,KWT-2_2025_0618_0624,9.999999999994457e-05,1.0
KWT-2,2025-06-20 11:20:00,8.4834,8.068,KWT-2_2025_0618_0624,9.999999999994457e-05,1.0
KWT-2,2025-06-20 11:30:00,8.4826,8.069,KWT-2_2025_0618_0624,0.00010000000000012221,1.0
KWT-2,2025-06-20 11:40:00,8.4819,8.069,KWT-2_2025_0618_0624,0.0,1.0
KWT-2,2025-06-20 11:50:00,8.4818,8.07,KWT-2_2025_0618_0624,9.999999999994457e-05,1.0
KWT-2,2025-06-20 12:00:00,8.4808,8.07,KWT-2_2025_0618_0624,0.0,1.0
KWT-2,2025-06-20 12:10:00,8.4791,8.07,KWT-2_2025_0618_0624,0.0,1.0
KWT-2,2025-06-20 12:20:00,8.4775,8.071,KWT-2_2025_0618_0624,9.999999999994457e-05,1.0
KWT-2,2025-06-20 12:30:00,8.4773,8.071,KWT-2_2025_0618_0624,0.0,1.0
KWT-2,2025-06-20 12:40:00,8.4764,8.072,KWT-2_2025_0618_0624,9.999999999994457e-05,1.0
KWT-2,2025-06-20 12:50:00,8.4757,8.074,KWT-2_2025_0618_0624,0.0002000000000000668,1.0
KWT-2,2025-06-20 13:00:00,8.4749,8.074,KWT-2_2025_0618_0624,0.0,1.0
KWT-2,2025-06-20 13:10:00,8.4747,8.075,KWT-2_2025_0618_0624,9.999999999994457e-05,1.0
KWT-2,2025-06-20 13:20:00,8.474,8.076,KWT-2_2025_0618_0624,0.00010000000000012221,1.0
KWT-2,2025-06-20 13:30:00,8.4733,8.076,KWT-2_2025_0618_0624,0.0,1.0
KWT-2,2025-06-20 13:40:00,8.4737,8.077,KWT-2_2025_0618_0624,9.999999999994457e-05,1.0
KWT-2,2025-06-20 13:50:00,8.4756,8.077,KWT-2_2025_0618_0624,0.0,1.0
KWT-2,2025-06-20 14:00:00,8.4767,8.078,KWT-2_2025_0618_0624,9.999999999994457e-05,1.0
KWT-2,2025-06-20 14:10:00,8.4768,8.079,KWT-2_2025_0618_0624,0.00010000000000012221,1.0
KWT-2,2025-06-20 14:20:00,8.4765,8.08,KWT-2_2025_0618_0624,9.999999999994457e-05,1.0
KWT-2,2025-06-20 14:30:00,8.4768,8.079,KWT-2_2025_0618_0624,9.999999999994457e-05,1.0
KWT-2,2025-06-20 14:40:00,8.476,8.079,KWT-2_2025_0618_0624,0.0,1.0
KWT-2,2025-06-20 14:50:00,8.4755,8.079,KWT-2_2025_0618_0624,0.0,1.0
KWT-2,2025-06-20 15:00:00,8.4757,8.08,KWT-2_2025_0618_0624,9.999999999994457e-05,1.0
KWT-2,2025-06-20 15:10:00,8.4757,8.08,KWT-2_2025_0618_0624,0.0,1.0
KWT-2,2025-06-20 15:20:00,8.4753,8.08,KWT-2_2025_0618_0624,0.0,1.0
KWT-2,2025-06-20 15:30:00,8.475,8.081,KWT-2_2025_0618_0624,9.999999999994457e-05,1.0
KWT-2,2025-06-20 15:40:00,8.4745,8.082,KWT-2_2025_0618_0624,0.00010000000000012221,1.0
KWT-2,2025-06-20 15:50:00,8.4738,8.082,KWT-2_2025_0618_0624,0.0,1.0
KWT-2,2025-06-20 16:00:00,8.4723,8.084,KWT-2_2025_0618_0624,0.00019999999999988915,1.0
KWT-2,2025-06-20 16:10:00,8.4721,8.084,KWT-2_2025_0618_0624,0.0,1.0
KWT-2,2025-06-20 16:20:00,8.4716,8.084,KWT-2_2025_0618_0624,0.0,1.0
KWT-2,2025-06-20 16:30:00,8.4713,8.085,KWT-2_2025_0618_0624,0.00010000000000012221,1.0
KWT-2,2025-06-20 16:40:00,8.4713,8.086,KWT-2_2025_0618_0624,9.999999999994457e-05,1.0
KWT-2,2025-06-20 16:50:00,8.4719,8.087,KWT-2_2025_0618_0624,9.999999999994457e-05,1.0
KWT-2,2025-06-20 17:00:00,8.4725,8.085,KWT-2_2025_0618_0624,0.00019999999999988915,1.0
KWT-2,2025-06-20 17:10:00,8.4722,8.087,KWT-2_2025_0618_0624,0.00019999999999988915,1.0
KWT-2,2025-06-20 17:20:00,8.4723,8.088,KWT-2_2025_0618_0624,9.999999999994457e-05,1.0
KWT-2,2025-06-20 17:30:00,8.4726,8.088,KWT-2_2025_0618_0624,0.0,1.0
KWT-2,2025-06-20 17:40:00,8.4724,8.088,KWT-2_2025_0618_0624,0.0,1.0
KWT-2,2025-06-20 17:50:00,8.4742,8.09,KWT-2_2025_0618_0624,0.0002000000000000668,1.0
KWT-2,2025-06-20 18:00:00,8.476,8.09,KWT-2_2025_0618_0624,0.0,1.0
KWT-2,2025-06-20 18:10:00,8.4763,8.09,KWT-2_2025_0618_0624,0.0,1.0
KWT-2,2025-06-20 18:20:00,8.4768,8.09,KWT-2_2025_0618_0624,0.0,1.0
KWT-2,2025-06-20 18:30:00,8.4767,8.091,KWT-2_2025_0618_0624,9.999999999994457e-05,1.0
KWT-2,2025-06-20 18:40:00,8.4763,8.09,KWT-2_2025_0618_0624,9.999999999994457e-05,1.0
KWT-2,2025-06-20 18:50:00,8.4763,8.091,KWT-2_2025_0618_0624,9.999999999994457e-05,1.0
KWT-2,2025-06-20 19:00:00,8.4763,8.092,KWT-2_2025_0618_0624,0.00010000000000012221,1.0
KWT-2,2025-06-20 19:10:00,8.4767,8.092,KWT-2_2025_0618_0624,0.0,1.0
KWT-2,2025-06-20 19:20:00,8.4769,8.092,KWT-2_2025_0618_0624,0.0,1.0
KWT-2,2025-06-20 19:30:00,8.4771,8.092,KWT-2_2025_0618_0624,0.0,1.0
KWT-2,2025-06-20 19:40:00,8.4772,8.092,KWT-2_2025_0618_0624,0.0,1.0
KWT-2,2025-06-20 19:50:00,8.4773,8.091,KWT-2_2025_0618_0624,0.00010000000000012221,1.0
KWT-2,2025-06-20 20:00:00,8.4774,8.092,KWT-2_2025_0618_0624,0.00010000000000012221,1.0
KWT-2,2025-06-20 20:10:00,8.4776,8.093,KWT-2_2025_0618_0624,9.999999999994457e-05,1.0
KWT-2,2025-06-20 20:20:00,8.4779,8.094,KWT-2_2025_0618_0624,9.999999999994457e-05,1.0
KWT-2,2025-06-20 20:30:00,8.4778,8.093,KWT-2_2025_0618_0624,9.999999999994457e-05,1.0
KWT-2,2025-06-20 20:40:00,8.4776,8.095,KWT-2_2025_0618_0624,0.0002000000000000668,1.0
KWT-2,2025-06-20 20:50:00,8.4778,8.092,KWT-2_2025_0618_0624,0.00030000000000001136,1.0
KWT-2,2025-06-20 21:00:00,8.4778,8.096,KWT-2_2025_0618_0624,0.00039999999999995595,1.0
KWT-2,2025-06-20 21:10:00,8.478,8.096,KWT-2_2025_0618_0624,0.0,1.0
KWT-2,2025-06-20 21:20:00,8.4788,8.097,KWT-2_2025_0618_0624,9.999999999994457e-05,1.0
KWT-2,2025-06-20 21:30:00,8.4791,8.095,KWT-2_2025_0618_0624,0.00019999999999988915,1.0
KWT-2,2025-06-20 21:40:00,8.4798,8.096,KWT-2_2025_0618_0624,9.999999999994457e-05,1.0
KWT-2,2025-06-20 21:50:00,8.48,8.094,KWT-2_2025_0618_0624,0.0002000000000000668,1.0
KWT-2,2025-06-20 22:00:00,8.4806,8.098,KWT-2_2025_0618_0624,0.0004000000000001336,1.0
KWT-2,2025-06-20 22:10:00,8.481,8.097,KWT-2_2025_0618_0624,0.00010000000000012221,1.0
KWT-2,2025-06-20 22:20:00,8.481,8.098,KWT-2_2025_0618_0624,0.00010000000000012221,1.0
KWT-2,2025-06-20 22:30:00,8.4809,8.098,KWT-2_2025_0618_0624,0.0,1.0
KWT-2,2025-06-20 22:40:00,8.4813,8.097,KWT-2_2025_0618_0624,0.00010000000000012221,1.0
KWT-2,2025-06-20 22:50:00,8.4808,8.099,KWT-2_2025_0618_0624,0.0002000000000000668,1.0
KWT-2,2025-06-20 23:00:00,8.4807,8.099,KWT-2_2025_0618_0624,0.0,1.0
KWT-2,2025-06-20 23:10:00,8.4805,8.098,KWT-2_2025_0618_0624,9.999999999994457e-05,1.0
KWT-2,2025-06-20 23:20:00,8.4802,8.099,KWT-2_2025_0618_0624,9.999999999994457e-05,1.0
KWT-2,2025-06-20 23:30:00,8.4814,8.101,KWT-2_2025_0618_0624,0.0002000000000000668,1.0
KWT-2,2025-06-20 23:40:00,8.4812,8.101,KWT-2_2025_0618_0624,0.0,1.0
KWT-2,2025-06-20 23:50:00,8.4809,8.102,KWT-2_2025_0618_0624,9.999999999994457e-05,1.0
KWT-2,2025-06-21 00:00:00,8.4805,8.1,KWT-2_2025_0618_0624,0.0002000000000000668,1.0
KWT-2,2025-06-21 00:10:00,8.4798,8.101,KWT-2_2025_0618_0624,0.00010000000000012221,1.0
KWT-2,2025-06-21 00:20:00,8.4796,8.102,KWT-2_2025_0618_0624,9.999999999994457e-05,1.0
KWT-2,2025-06-21 00:30:00,8.4794,8.102,KWT-2_2025_0618_0624,0.0,1.0
KWT-2,2025-06-21 00:40:00,8.4789,8.103,KWT-2_2025_0618_0624,9.999999999994457e-05,1.0
KWT-2,2025-06-21 00:50:00,8.4782,8.104,KWT-2_2025_0618_0624,9.999999999994457e-05,1.0
KWT-2,2025-06-21 01:00:00,8.4778,8.102,KWT-2_2025_0618_0624,0.00019999999999988915,1.0
KWT-2,2025-06-21 01:10:00,8.4776,8.105,KWT-2_2025_0618_0624,0.00030000000000001136,1.0
KWT-2,2025-06-21 01:20:00,8.4767,8.105,KWT-2_2025_0618_0624,0.0,1.0
KWT-2,2025-06-21 01:30:00,8.4759,8.105,KWT-2_2025_0618_0624,0.0,1.0
KWT-2,2025-06-21 01:40:00,8.4753,8.106,KWT-2_2025_0618_0624,9.999999999994457e-05,1.0
KWT-2,2025-06-21 01:50:00,8.4747,8.106,KWT-2_2025_0618_0624,0.0,1.0
KWT-2,2025-06-21 02:00:00,8.4744,8.106,KWT-2_2025_0618_0624,0.0,1.0
KWT-2,2025-06-21 02:10:00,8.4737,8.107,KWT-2_2025_0618_0624,9.999999999994457e-05,1.0
KWT-2,2025-06-21 02:20:00,8.4729,8.109,KWT-2_2025_0618_0624,0.0002000000000000668,1.0
KWT-2,2025-06-21 02:30:00,8.4722,8.108,KWT-2_2025_0618_0624,9.999999999994457e-05,1.0
KWT-2,2025-06-21 02:40:00,8.4717,8.109,KWT-2_2025_0618_0624,9.999999999994457e-05,1.0
KWT-2,2025-06-21 02:50:00,8.4712,8.11,KWT-2_2025_0618_0624,9.999999999994457e-05,1.0
KWT-2,2025-06-21 03:00:00,8.4706,8.109,KWT-2_2025_0618_0624,9.999999999994457e-05,1.0
KWT-2,2025-06-21 03:10:00,8.4699,8.109,KWT-2_2025_0618_0624,0.0,1.0
KWT-2,2025-06-21 03:20:00,8.4695,8.108,KWT-2_2025_0618_0624,9.999999999994457e-05,1.0
KWT-2,2025-06-21 03:30:00,8.4692,8.112,KWT-2_2025_0618_0624,0.00039999999999995595,1.0
KWT-2,2025-06-21 03:40:00,8.4689,8.113,KWT-2_2025_0618_0624,9.999999999994457e-05,1.0
KWT-2,2025-06-21 03:50:00,8.4686,8.111,KWT-2_2025_0618_0624,0.00019999999999988915,1.0
KWT-2,2025-06-21 04:00:00,8.4682,8.112,KWT-2_2025_0618_0624,9.999999999994457e-05,1.0
KWT-2,2025-06-21 04:10:00,8.4681,8.112,KWT-2_2025_0618_0624,0.0,1.0
KWT-2,2025-06-21 04:20:00,8.4677,8.112,KWT-2_2025_0618_0624,0.0,1.0
KWT-2,2025-06-21 04:30:00,8.4678,8.114,KWT-2_2025_0618_0624,0.0002000000000000668,1.0
KWT-2,2025-06-21 04:40:00,8.4678,8.113,KWT-2_2025_0618_0624,0.00010000000000012221,1.0
KWT-2,2025-06-21 04:50:00,8.4676,8.113,KWT-2_2025_0618_0624,0.0,1.0
KWT-2,2025-06-21 05:00:00,8.4678,8.114,KWT-2_2025_0618_0624,0.00010000000000012221,1.0
KWT-2,2025-06-21 05:10:00,8.4675,8.114,KWT-2_2025_0618_0624,0.0,1.0
KWT-2,2025-06-21 05:20:00,8.468,8.115,KWT-2_2025_0618_0624,9.999999999994457e-05,1.0
KWT-2,2025-06-21 05:30:00,8.4695,8.117,KWT-2_2025_0618_0624,0.0002000000000000668,1.0
KWT-2,2025-06-21 05:40:00,8.4705,8.118,KWT-2_2025_0618_0624,9.999999999994457e-05,1.0
KWT-2,2025-06-21 05:50:00,8.4712,8.116,KWT-2_2025_0618_0624,0.0002000000000000668,1.0
KWT-2,2025-06-21 06:00:00,8.4713,8.117,KWT-2_2025_0618_0624,0.00010000000000012221,1.0
KWT-2,2025-06-21 06:10:00,8.4715,8.117,KWT-2_2025_0618_0624,0.0,1.0
KWT-2,2025-06-21 06:20:00,8.4716,8.116,KWT-2_2025_0618_0624,0.00010000000000012221,1.0
KWT-2,2025-06-21 06:30:00,8.4717,8.118,KWT-2_2025_0618_0624,0.0002000000000000668,1.0
KWT-2,2025-06-21 06:40:00,8.4716,8.119,KWT-2_2025_0618_0624,9.999999999994457e-05,1.0
KWT-2,2025-06-21 06:50:00,8.4717,8.119,KWT-2_2025_0618_0624,0.0,1.0
KWT-2,2025-06-21 07:00:00,8.472,8.119,KWT-2_2025_0618_0624,0.0,1.0
KWT-2,2025-06-21 07:10:00,8.4724,8.119,KWT-2_2025_0618_0624,0.0,1.0
KWT-2,2025-06-21 07:20:00,8.4729,8.121,KWT-2_2025_0618_0624,0.0002000000000000668,1.0
KWT-2,2025-06-21 07:30:00,8.4733,8.121,KWT-2_2025_0618_0624,0.0,1.0
KWT-2,2025-06-21 07:40:00,8.4742,8.123,KWT-2_2025_0618_0624,0.00019999999999988915,1.0
KWT-2,2025-06-21 07:50:00,8.4752,8.122,KWT-2_2025_0618_0624,9.999999999994457e-05,1.0
KWT-2,2025-06-21 08:00:00,8.4761,8.122,KWT-2_2025_0618_0624,0.0,1.0
KWT-2,2025-06-21 08:10:00,8.4768,8.122,KWT-2_2025_0618_0624,0.0,1.0
KWT-2,2025-06-21 08:20:00,8.4777,8.123,KWT-2_2025_0618_0624,9.999999999994457e-05,1.0
KWT-2,2025-06-21 08:30:00,8.4782,8.123,KWT-2_2025_0618_0624,0.0,1.0
KWT-2,2025-06-21 08:40:00,8.4787,8.123,KWT-2_2025_0618_0624,0.0,1.0
KWT-2,2025-06-21 08:50:00,8.4788,8.124,KWT-2_2025_0618_0624,0.00010000000000012221,1.0
KWT-2,2025-06-21 09:00:00,8.4793,8.125,KWT-2_2025_0618_0624,9.999999999994457e-05,1.0
KWT-2,2025-06-21 09:10:00,8.4793,8.124,KWT-2_2025_0618_0624,9.999999999994457e-05,1.0
KWT-2,2025-06-21 09:20:00,8.4797,8.127,KWT-2_2025_0618_0624,0.00030000000000001136,1.0
KWT-2,2025-06-21 09:30:00,8.4801,8.128,KWT-2_2025_0618_0624,9.999999999994457e-05,1.0
KWT-2,2025-06-21 09:40:00,8.4802,8.125,KWT-2_2025_0618_0624,0.00030000000000001136,1.0
KWT-2,2025-06-21 09:50:00,8.4801,8.128,KWT-2_2025_0618_0624,0.00030000000000001136,1.0
KWT-2,2025-06-21 10:00:00,8.4805,8.128,KWT-2_2025_0618_0624,0.0,1.0
KWT-2,2025-06-21 10:10:00,8.4808,8.128,KWT-2_2025_0618_0624,0.0,1.0
KWT-2,2025-06-21 10:20:00,8.4811,8.128,KWT-2_2025_0618_0624,0.0,1.0
KWT-2,2025-06-21 10:30:00,8.4829,8.129,KWT-2_2025_0618_0624,9.999999999994457e-05,1.0
KWT-2,2025-06-21 10:40:00,8.4834,8.128,KWT-2_2025_0618_0624,9.999999999994457e-05,1.0
KWT-2,2025-06-21 10:50:00,8.4836,8.13,KWT-2_2025_0618_0624,0.0002000000000000668,1.0
KWT-2,2025-06-21 11:00:00,8.4839,8.128,KWT-2_2025_0618_0624,0.0002000000000000668,1.0
KWT-2,2025-06-21 11:10:00,8.4837,8.129,KWT-2_2025_0618_0624,9.999999999994457e-05,1.0
KWT-2,2025-06-21 11:20:00,8.4851,8.129,KWT-2_2025_0618_0624,0.0,1.0
KWT-2,2025-06-21 11:30:00,8.4855,8.132,KWT-2_2025_0618_0624,0.00030000000000001136,1.0
KWT-2,2025-06-21 11:40:00,8.4864,8.132,KWT-2_2025_0618_0624,0.0,1.0
KWT-2,2025-06-21 11:50:00,8.4863,8.131,KWT-2_2025_0618_0624,9.999999999994457e-05,1.0
KWT-2,2025-06-21 12:00:00,8.4866,8.131,KWT-2_2025_0618_0624,0.0,1.0
KWT-2,2025-06-21 12:10:00,8.4872,8.131,KWT-2_2025_0618_0624,0.0,1.0
KWT-2,2025-06-21 12:20:00,8.488,8.131,KWT-2_2025_0618_0624,0.0,1.0
KWT-2,2025-06-21 12:30:00,8.489,8.133,KWT-2_2025_0618_0624,0.00019999999999988915,1.0
KWT-2,2025-06-21 12:40:00,8.4892,8.133,KWT-2_2025_0618_0624,0.0,1.0
KWT-2,2025-06-21 12:50:00,8.4892,8.133,KWT-2_2025_0618_0624,0.0,1.0
KWT-2,2025-06-21 13:00:00,8.4887,8.134,KWT-2_2025_0618_0624,0.00010000000000012221,1.0
KWT-2,2025-06-21 13:10:00,8.4887,8.134,KWT-2_2025_0618_0624,0.0,1.0
KWT-2,2025-06-21 13:20:00,8.4895,8.136,KWT-2_2025_0618_0624,0.00019999999999988915,1.0
KWT-2,2025-06-21 13:30:00,8.4903,8.134,KWT-2_2025_0618_0624,0.00019999999999988915,1.0
KWT-2,2025-06-21 13:40:00,8.4915,8.135,KWT-2_2025_0618_0624,9.999999999994457e-05,1.0
KWT-2,2025-06-21 13:50:00,8.4925,8.136,KWT-2_2025_0618_0624,9.999999999994457e-05,1.0
KWT-2,2025-06-21 14:00:00,8.4925,8.138,KWT-2_2025_0618_0624,0.0002000000000000668,1.0
KWT-2,2025-06-21 14:10:00,8.4937,8.136,KWT-2_2025_0618_0624,0.0002000000000000668,1.0
KWT-2,2025-06-21 14:20:00,8.4948,8.138,KWT-2_2025_0618_0624,0.0002000000000000668,1.0
KWT-2,2025-06-21 14:30:00,8.4961,8.136,KWT-2_2025_0618_0624,0.0002000000000000668,1.0
KWT-2,2025-06-21 14:40:00,8.4966,8.139,KWT-2_2025_0618_0624,0.00030000000000001136,1.0
KWT-2,2025-06-21 14:50:00,8.4978,8.137,KWT-2_2025_0618_0624,0.00019999999999988915,1.0
KWT-2,2025-06-21 15:00:00,8.4979,8.139,KWT-2_2025_0618_0624,0.00019999999999988915,1.0
KWT-2,2025-06-21 15:10:00,8.4993,8.139,KWT-2_2025_0618_0624,0.0,1.0
KWT-2,2025-06-21 15:20:00,8.4999,8.139,KWT-2_2025_0618_0624,0.0,1.0
KWT-2,2025-06-21 15:30:00,8.5007,8.139,KWT-2_2025_0618_0624,0.0,1.0
KWT-2,2025-06-21 15:40:00,8.5008,8.141,KWT-2_2025_0618_0624,0.0002000000000000668,1.0
KWT-2,2025-06-21 15:50:00,8.5006,8.139,KWT-2_2025_0618_0624,0.0002000000000000668,1.0
KWT-2,2025-06-21 16:00:00,8.4987,8.14,KWT-2_2025_0618_0624,0.00010000000000012221,1.0
KWT-2,2025-06-21 16:10:00,8.4979,8.141,KWT-2_2025_0618_0624,9.999999999994457e-05,1.0
KWT-2,2025-06-21 16:20:00,8.4975,8.142,KWT-2_2025_0618_0624,9.999999999994457e-05,1.0
KWT-2,2025-06-21 16:30:00,8.4978,8.142,KWT-2_2025_0618_0624,0.0,1.0
KWT-2,2025-06-21 16:40:00,8.4998,8.142,KWT-2_2025_0618_0624,0.0,1.0
KWT-2,2025-06-21 16:50:00,8.5001,8.142,KWT-2_2025_0618_0624,0.0,1.0
KWT-2,2025-06-21 17:00:00,8.4986,8.143,KWT-2_2025_0618_0624,0.00010000000000012221,1.0
KWT-2,2025-06-21 17:10:00,8.4982,8.143,KWT-2_2025_0618_0624,0.0,1.0
KWT-2,2025-06-21 17:20:00,8.5004,8.145,KWT-2_2025_0618_0624,0.00019999999999988915,1.0
KWT-2,2025-06-21 17:30:00,8.5014,8.144,KWT-2_2025_0618_0624,9.999999999994457e-05,1.0
KWT-2,2025-06-21 17:40:00,8.4999,8.144,KWT-2_2025_0618_0624,0.0,1.0
KWT-2,2025-06-21 17:50:00,8.4994,8.145,KWT-2_2025_0618_0624,9.999999999994457e-05,1.0
KWT-2,2025-06-21 18:00:00,8.499,8.146,KWT-2_2025_0618_0624,0.00010000000000012221,1.0
KWT-2,2025-06-21 18:10:00,8.499,8.144,KWT-2_2025_0618_0624,0.0002000000000000668,1.0
KWT-2,2025-06-21 18:20:00,8.4993,8.145,KWT-2_2025_0618_0624,9.999999999994457e-05,1.0
KWT-2,2025-06-21 18:30:00,8.4995,8.146,KWT-2_2025_0618_0624,0.00010000000000012221,1.0
KWT-2,2025-06-21 18:40:00,8.4994,8.145,KWT-2_2025_0618_0624,0.00010000000000012221,1.0
KWT-2,2025-06-21 18:50:00,8.499,8.146,KWT-2_2025_0618_0624,0.00010000000000012221,1.0
KWT-2,2025-06-21 19:00:00,8.4994,8.147,KWT-2_2025_0618_0624,9.999999999994457e-05,1.0
KWT-2,2025-06-21 19:10:00,8.4997,8.146,KWT-2_2025_0618_0624,9.999999999994457e-05,1.0
KWT-2,2025-06-21 19:20:00,8.4996,8.147,KWT-2_2025_0618_0624,9.999999999994457e-05,1.0
KWT-2,2025-06-21 19:30:00,8.4996,8.146,KWT-2_2025_0618_0624,9.999999999994457e-05,1.0
KWT-2,2025-06-21 19:40:00,8.5001,8.149,KWT-2_2025_0618_0624,0.0002999999999998337,1.0
KWT-2,2025-06-21 19:50:00,8.5005,8.148,KWT-2_2025_0618_0624,9.999999999994457e-05,1.0
KWT-2,2025-06-21 20:00:00,8.5019,8.149,KWT-2_2025_0618_0624,9.999999999994457e-05,1.0
KWT-2,2025-06-21 20:10:00,8.5025,8.146,KWT-2_2025_0618_0624,0.0002999999999998337,1.0
KWT-2,2025-06-21 20:20:00,8.5026,8.147,KWT-2_2025_0618_0624,9.999999999994457e-05,1.0
KWT-2,2025-06-21 20:30:00,8.5032,8.149,KWT-2_2025_0618_0624,0.00019999999999988915,1.0
KWT-2,2025-06-21 20:40:00,8.5037,8.148,KWT-2_2025_0618_0624,9.999999999994457e-05,1.0
KWT-2,2025-06-21 20:50:00,8.5043,8.149,KWT-2_2025_0618_0624,9.999999999994457e-05,1.0
KWT-2,2025-06-21 21:00:00,8.5047,8.149,KWT-2_2025_0618_0624,0.0,1.0
KWT-2,2025-06-21 21:10:00,8.505,8.148,KWT-2_2025_0618_0624,9.999999999994457e-05,1.0
KWT-2,2025-06-21 21:20:00,8.5055,8.15,KWT-2_2025_0618_0624,0.0002000000000000668,1.0
KWT-2,2025-06-21 21:30:00,8.506,8.15,KWT-2_2025_0618_0624,0.0,1.0
KWT-2,2025-06-21 21:40:00,8.5069,8.149,KWT-2_2025_0618_0624,0.00010000000000012221,1.0
KWT-2,2025-06-21 21:50:00,8.5078,8.149,KWT-2_2025_0618_0624,0.0,1.0
KWT-2,2025-06-21 22:00:00,8.5091,8.15,KWT-2_2025_0618_0624,0.00010000000000012221,1.0
KWT-2,2025-06-21 22:10:00,8.5103,8.15,KWT-2_2025_0618_0624,0.0,1.0
KWT-2,2025-06-21 22:20:00,8.5109,8.15,KWT-2_2025_0618_0624,0.0,1.0
KWT-2,2025-06-21 22:30:00,8.5115,8.151,KWT-2_2025_0618_0624,9.999999999994457e-05,1.0
KWT-2,2025-06-21 22:40:00,8.5118,8.151,KWT-2_2025_0618_0624,0.0,1.0
KWT-2,2025-06-21 22:50:00,8.5119,8.15,KWT-2_2025_0618_0624,9.999999999994457e-05,1.0
KWT-2,2025-06-21 23:00:00,8.5126,8.152,KWT-2_2025_0618_0624,0.00019999999999988915,1.0
KWT-2,2025-06-21 23:10:00,8.5127,8.15,KWT-2_2025_0618_0624,0.00019999999999988915,1.0
KWT-2,2025-06-21 23:20:00,8.5125,8.152,KWT-2_2025_0618_0624,0.00019999999999988915,1.0
KWT-2,2025-06-21 23:30:00,8.5122,8.151,KWT-2_2025_0618_0624,9.999999999994457e-05,1.0
KWT-2,2025-06-21 23:40:00,8.5125,8.15,KWT-2_2025_0618_0624,9.999999999994457e-05,1.0
KWT-2,2025-06-21 23:50:00,8.5125,8.15,KWT-2_2025_0618_0624,0.0,1.0
KWT-2,2025-06-22 00:00:00,8.5125,8.151,KWT-2_2025_0618_0624,9.999999999994457e-05,1.0
KWT-2,2025-06-22 00:10:00,8.512,8.152,KWT-2_2025_0618_0624,9.999999999994457e-05,1.0
KWT-2,2025-06-22 00:20:00,8.5119,8.151,KWT-2_2025_0618_0624,9.999999999994457e-05,1.0
KWT-2,2025-06-22 00:30:00,8.5116,8.152,KWT-2_2025_0618_0624,9.999999999994457e-05,1.0
KWT-2,2025-06-22 00:40:00,8.5114,8.151,KWT-2_2025_0618_0624,9.999999999994457e-05,1.0
KWT-2,2025-06-22 00:50:00,8.5112,8.155,KWT-2_2025_0618_0624,0.00039999999999995595,1.0
KWT-2,2025-06-22 01:00:00,8.5109,8.154,KWT-2_2025_0618_0624,9.999999999994457e-05,1.0
KWT-2,2025-06-22 01:10:00,8.5106,8.152,KWT-2_2025_0618_0624,0.0002000000000000668,1.0
KWT-2,2025-06-22 01:20:00,8.5099,8.153,KWT-2_2025_0618_0624,0.00010000000000012221,1.0
KWT-2,2025-06-22 01:30:00,8.5099,8.153,KWT-2_2025_0618_0624,0.0,1.0
KWT-2,2025-06-22 01:40:00,8.5096,8.152,KWT-2_2025_0618_0624,0.00010000000000012221,1.0
KWT-2,2025-06-22 01:50:00,8.5088,8.154,KWT-2_2025_0618_0624,0.0002000000000000668,1.0
KWT-2,2025-06-22 02:00:00,8.5086,8.154,KWT-2_2025_0618_0624,0.0,1.0
KWT-2,2025-06-22 02:10:00,8.5076,8.153,KWT-2_2025_0618_0624,9.999999999994457e-05,1.0
KWT-2,2025-06-22 02:20:00,8.5077,8.153,KWT-2_2025_0618_0624,0.0,1.0
KWT-2,2025-06-22 02:30:00,8.5073,8.156,KWT-2_2025_0618_0624,0.00030000000000001136,1.0
KWT-2,2025-06-22 02:40:00,8.5063,8.153,KWT-2_2025_0618_0624,0.00030000000000001136,1.0
KWT-2,2025-06-22 02:50:00,8.5058,8.155,KWT-2_2025_0618_0624,0.00019999999999988915,1.0
KWT-2,2025-06-22 03:00:00,8.5048,8.155,KWT-2_2025_0618_0624,0.0,1.0
KWT-2,2025-06-22 03:10:00,8.5046,8.153,KWT-2_2025_0618_0624,0.00019999999999988915,1.0
KWT-2,2025-06-22 03:20:00,8.5042,8.154,KWT-2_2025_0618_0624,9.999999999994457e-05,1.0
KWT-2,2025-06-22 03:30:00,8.5039,8.154,KWT-2_2025_0618_0624,0.0,1.0
KWT-2,2025-06-22 03:40:00,8.504,8.157,KWT-2_2025_0618_0624,0.00030000000000001136,1.0
KWT-2,2025-06-22 03:50:00,8.504,8.155,KWT-2_2025_0618_0624,0.0002000000000000668,1.0
KWT-2,2025-06-22 04:00:00,8.5037,8.156,KWT-2_2025_0618_0624,0.00010000000000012221,1.0
KWT-2,2025-06-22 04:10:00,8.5039,8.155,KWT-2_2025_0618_0624,0.00010000000000012221,1.0
KWT-2,2025-06-22 04:20:00,8.5042,8.155,KWT-2_2025_0618_0624,0.0,1.0
KWT-2,2025-06-22 04:30:00,8.5041,8.156,KWT-2_2025_0618_0624,0.00010000000000012221,1.0
KWT-2,2025-06-22 04:40:00,8.5039,8.155,KWT-2_2025_0618_0624,0.00010000000000012221,1.0
KWT-2,2025-06-22 04:50:00,8.5036,8.156,KWT-2_2025_0618_0624,0.00010000000000012221,1.0
KWT-2,2025-06-22 05:00:00,8.5031,8.156,KWT-2_2025_0618_0624,0.0,1.0
KWT-2,2025-06-22 05:10:00,8.503,8.155,KWT-2_2025_0618_0624,0.00010000000000012221,1.0
KWT-2,2025-06-22 05:20:00,8.5028,8.156,KWT-2_2025_0618_0624,0.00010000000000012221,1.0
KWT-2,2025-06-22 05:30:00,8.5025,8.156,KWT-2_2025_0618_0624,0.0,1.0
KWT-2,2025-06-22 05:40:00,8.5028,8.156,KWT-2_2025_0618_0624,0.0,1.0
KWT-2,2025-06-22 05:50:00,8.5033,8.155,KWT-2_2025_0618_0624,0.00010000000000012221,1.0
KWT-2,2025-06-22 06:00:00,8.5042,8.155,KWT-2_2025_0618_0624,0.0,1.0
KWT-2,2025-06-22 06:10:00,8.5048,8.156,KWT-2_2025_0618_0624,0.00010000000000012221,1.0
KWT-2,2025-06-22 06:20:00,8.5051,8.155,KWT-2_2025_0618_0624,0.00010000000000012221,1.0
KWT-2,2025-06-22 06:30:00,8.5049,8.157,KWT-2_2025_0618_0624,0.0002000000000000668,1.0
KWT-2,2025-06-22 06:40:00,8.5043,8.156,KWT-2_2025_0618_0624,9.999999999994457e-05,1.0
KWT-2,2025-06-22 06:50:00,8.5039,8.155,KWT-2_2025_0618_0624,0.00010000000000012221,1.0
KWT-2,2025-06-22 07:00:00,8.504,8.156,KWT-2_2025_0618_0624,0.00010000000000012221,1.0
KWT-2,2025-06-22 07:10:00,8.5045,8.156,KWT-2_2025_0618_0624,0.0,1.0
KWT-2,2025-06-22 07:20:00,8.5048,8.156,KWT-2_2025_0618_0624,0.0,1.0
KWT-2,2025-06-22 07:30:00,8.5049,8.156,KWT-2_2025_0618_0624,0.0,1.0
KWT-2,2025-06-22 07:40:00,8.5053,8.156,KWT-2_2025_0618_0624,0.0,1.0
KWT-2,2025-06-22 07:50:00,8.5057,8.157,KWT-2_2025_0618_0624,9.999999999994457e-05,1.0
KWT-2,2025-06-22 08:00:00,8.5061,8.158,KWT-2_2025_0618_0624,9.999999999994457e-05,1.0
KWT-2,2025-06-22 08:10:00,8.5059,8.157,KWT-2_2025_0618_0624,9.999999999994457e-05,1.0
KWT-2,2025-06-22 08:20:00,8.5058,8.157,KWT-2_2025_0618_0624,0.0,1.0
KWT-2,2025-06-22 08:30:00,8.5066,8.156,KWT-2_2025_0618_0624,9.999999999994457e-05,1.0
KWT-2,2025-06-22 08:40:00,8.5065,8.155,KWT-2_2025_0618_0624,0.00010000000000012221,1.0
KWT-2,2025-06-22 08:50:00,8.5068,8.156,KWT-2_2025_0618_0624,0.00010000000000012221,1.0
KWT-2,2025-06-22 09:00:00,8.5071,8.157,KWT-2_2025_0618_0624,9.999999999994457e-05,1.0
KWT-2,2025-06-22 09:10:00,8.5068,8.158,KWT-2_2025_0618_0624,9.999999999994457e-05,1.0
KWT-2,2025-06-22 09:20:00,8.5065,8.158,KWT-2_2025_0618_0624,0.0,1.0
KWT-2,2025-06-22 09:30:00,8.5054,8.157,KWT-2_2025_0618_0624,9.999999999994457e-05,1.0
KWT-2,2025-06-22 09:40:00,8.5045,8.158,KWT-2_2025_0618_0624,9.999999999994457e-05,1.0
KWT-2,2025-06-22 09:50:00,8.504,8.157,KWT-2_2025_0618_0624,9.999999999994457e-05,1.0
KWT-2,2025-06-22 10:00:00,8.504,8.157,KWT-2_2025_0618_0624,0.0,1.0
KWT-2,2025-06-22 10:10:00,8.5051,8.158,KWT-2_2025_0618_0624,9.999999999994457e-05,1.0
KWT-2,2025-06-22 10:20:00,8.5064,8.157,KWT-2_2025_0618_0624,9.999999999994457e-05,1.0
KWT-2,2025-06-22 10:30:00,8.5069,8.158,KWT-2_2025_0618_0624,9.999999999994457e-05,1.0
KWT-2,2025-06-22 10:40:00,8.5067,8.159,KWT-2_2025_0618_0624,0.00010000000000012221,1.0
KWT-2,2025-06-22 10:50:00,8.5073,8.158,KWT-2_2025_0618_0624,0.00010000000000012221,1.0
KWT-2,2025-06-22 11:00:00,8.5077,8.158,KWT-2_2025_0618_0624,0.0,1.0
KWT-2,2025-06-22 11:10:00,8.5088,8.158,KWT-2_2025_0618_0624,0.0,1.0
KWT-2,2025-06-22 11:20:00,8.5097,8.158,KWT-2_2025_0618_0624,0.0,1.0
KWT-2,2025-06-22 11:30:00,8.5097,8.159,KWT-2_2025_0618_0624,0.00010000000000012221,1.0
KWT-2,2025-06-22 11:40:00,8.5076,8.157,KWT-2_2025_0618_0624,0.0002000000000000668,1.0
KWT-2,2025-06-22 11:50:00,8.5066,8.159,KWT-2_2025_0618_0624,0.0002000000000000668,1.0
KWT-2,2025-06-22 12:00:00,8.5083,8.158,KWT-2_2025_0618_0624,0.00010000000000012221,1.0
KWT-2,2025-06-22 12:10:00,8.509,8.158,KWT-2_2025_0618_0624,0.0,1.0
KWT-2,2025-06-22 12:20:00,8.5098,8.158,KWT-2_2025_0618_0624,0.0,1.0
KWT-2,2025-06-22 12:30:00,8.5097,8.158,KWT-2_2025_0618_0624,0.0,1.0
KWT-2,2025-06-22 12:40:00,8.5095,8.158,KWT-2_2025_0618_0624,0.0,1.0
KWT-2,2025-06-22 12:50:00,8.5098,8.157,KWT-2_2025_0618_0624,9.999999999994457e-05,1.0
KWT-2,2025-06-22 13:00:00,8.5093,8.156,KWT-2_2025_0618_0624,9.999999999994457e-05,1.0
KWT-2,2025-06-22 13:10:00,8.5086,8.158,KWT-2_2025_0618_0624,0.00019999999999988915,1.0
KWT-2,2025-06-22 13:20:00,8.5094,8.158,KWT-2_2025_0618_0624,0.0,1.0
KWT-2,2025-06-22 13:30:00,8.5102,8.159,KWT-2_2025_0618_0624,0.00010000000000012221,1.0
KWT-2,2025-06-22 13:40:00,8.5106,8.157,KWT-2_2025_0618_0624,0.0002000000000000668,1.0
KWT-2,2025-06-22 13:50:00,8.5105,8.158,KWT-2_2025_0618_0624,9.999999999994457e-05,1.0
KWT-2,2025-06-22 14:00:00,8.5109,8.158,KWT-2_2025_0618_0624,0.0,1.0
KWT-2,2025-06-22 14:10:00,8.5112,8.159,KWT-2_2025_0618_0624,0.00010000000000012221,1.0
KWT-2,2025-06-22 14:20:00,8.5116,8.158,KWT-2_2025_0618_0624,0.00010000000000012221,1.0
KWT-2,2025-06-22 14:30:00,8.5123,8.158,KWT-2_2025_0618_0624,0.0,1.0
KWT-2,2025-06-22 14:40:00,8.5128,8.159,KWT-2_2025_0618_0624,0.00010000000000012221,1.0
KWT-2,2025-06-22 14:50:00,8.513,8.157,KWT-2_2025_0618_0624,0.0002000000000000668,1.0
KWT-2,2025-06-22 15:00:00,8.5128,8.157,KWT-2_2025_0618_0624,0.0,1.0
KWT-2,2025-06-22 15:10:00,8.5128,8.159,KWT-2_2025_0618_0624,0.0002000000000000668,1.0
KWT-2,2025-06-22 15:20:00,8.5127,8.157,KWT-2_2025_0618_0624,0.0002000000000000668,1.0
KWT-2,2025-06-22 15:30:00,8.513,8.156,KWT-2_2025_0618_0624,9.999999999994457e-05,1.0
KWT-2,2025-06-22 15:40:00,8.5128,8.155,KWT-2_2025_0618_0624,0.00010000000000012221,1.0
KWT-2,2025-06-22 15:50:00,8.5125,8.158,KWT-2_2025_0618_0624,0.00030000000000001136,1.0
KWT-2,2025-06-22 16:00:00,8.5123,8.158,KWT-2_2025_0618_0624,0.0,1.0
KWT-2,2025-06-22 16:10:00,8.5124,8.157,KWT-2_2025_0618_0624,9.999999999994457e-05,1.0
KWT-2,2025-06-22 16:20:00,8.512,8.156,KWT-2_2025_0618_0624,9.999999999994457e-05,1.0
KWT-2,2025-06-22 16:30:00,8.5121,8.158,KWT-2_2025_0618_0624,0.00019999999999988915,1.0
KWT-2,2025-06-22 16:40:00,8.5122,8.157,KWT-2_2025_0618_0624,9.999999999994457e-05,1.0
KWT-2,2025-06-22 16:50:00,8.5122,8.157,KWT-2_2025_0618_0624,0.0,1.0
KWT-2,2025-06-22 17:00:00,8.5116,8.155,KWT-2_2025_0618_0624,0.0002000000000000668,1.0
KWT-2,2025-06-22 17:10:00,8.5118,8.156,KWT-2_2025_0618_0624,0.00010000000000012221,1.0
KWT-2,2025-06-22 17:20:00,8.5116,8.155,KWT-2_2025_0618_0624,0.00010000000000012221,1.0
KWT-2,2025-06-22 17:30:00,8.5113,8.155,KWT-2_2025_0618_0624,0.0,1.0
KWT-2,2025-06-22 17:40:00,8.5108,8.155,KWT-2_2025_0618_0624,0.0,1.0
KWT-2,2025-06-22 17:50:00,8.5104,8.154,KWT-2_2025_0618_0624,9.999999999994457e-05,1.0
KWT-2,2025-06-22 18:00:00,8.5104,8.155,KWT-2_2025_0618_0624,9.999999999994457e-05,1.0
KWT-2,2025-06-22 18:10:00,8.5103,8.153,KWT-2_2025_0618_0624,0.00019999999999988915,1.0
KWT-2,2025-06-22 18:20:00,8.5103,8.156,KWT-2_2025_0618_0624,0.00030000000000001136,1.0
KWT-2,2025-06-22 18:30:00,8.5106,8.154,KWT-2_2025_0618_0624,0.0002000000000000668,1.0
KWT-2,2025-06-22 18:40:00,8.5108,8.155,KWT-2_2025_0618_0624,9.999999999994457e-05,1.0
KWT-2,2025-06-22 18:50:00,8.511,8.154,KWT-2_2025_0618_0624,9.999999999994457e-05,1.0
KWT-2,2025-06-22 19:00:00,8.5109,8.155,KWT-2_2025_0618_0624,9.999999999994457e-05,1.0
KWT-2,2025-06-22 19:10:00,8.5122,8.153,KWT-2_2025_0618_0624,0.00019999999999988915,1.0
KWT-2,2025-06-22 19:20:00,8.5131,8.154,KWT-2_2025_0618_0624,9.999999999994457e-05,1.0
KWT-2,2025-06-22 19:30:00,8.5135,8.154,KWT-2_2025_0618_0624,0.0,1.0
KWT-2,2025-06-22 19:40:00,8.5134,8.152,KWT-2_2025_0618_0624,0.0002000000000000668,1.0
KWT-2,2025-06-22 19:50:00,8.5132,8.153,KWT-2_2025_0618_0624,0.00010000000000012221,1.0
KWT-2,2025-06-22 20:00:00,8.5138,8.152,KWT-2_2025_0618_0624,0.00010000000000012221,1.0
KWT-2,2025-06-22 20:10:00,8.5146,8.153,KWT-2_2025_0618_0624,0.00010000000000012221,1.0
KWT-2,2025-06-22 20:20:00,8.5155,8.153,KWT-2_2025_0618_0624,0.0,1.0
KWT-2,2025-06-22 20:30:00,8.516,8.154,KWT-2_2025_0618_0624,9.999999999994457e-05,1.0
KWT-2,2025-06-22 20:40:00,8.5169,8.153,KWT-2_2025_0618_0624,9.999999999994457e-05,1.0
KWT-2,2025-06-22 20:50:00,8.5175,8.152,KWT-2_2025_0618_0624,0.00010000000000012221,1.0
KWT-2,2025-06-22 21:00:00,8.5188,8.152,KWT-2_2025_0618_0624,0.0,1.0
KWT-2,2025-06-22 21:10:00,8.5203,8.15,KWT-2_2025_0618_0624,0.00019999999999988915,1.0
KWT-2,2025-06-22 21:20:00,8.5213,8.151,KWT-2_2025_0618_0624,9.999999999994457e-05,1.0
KWT-2,2025-06-22 21:30:00,8.5224,8.151,KWT-2_2025_0618_0624,0.0,1.0
KWT-2,2025-06-22 21:40:00,8.5234,8.15,KWT-2_2025_0618_0624,9.999999999994457e-05,1.0
KWT-2,2025-06-22 21:50:00,8.5241,8.149,KWT-2_2025_0618_0624,0.00010000000000012221,1.0
KWT-2,2025-06-22 22:00:00,8.5252,8.148,KWT-2_2025_0618_0624,9.999999999994457e-05,1.0
KWT-2,2025-06-22 22:10:00,8.5264,8.15,KWT-2_2025_0618_0624,0.0002000000000000668,1.0
KWT-2,2025-06-22 22:20:00,8.5266,8.149,KWT-2_2025_0618_0624,0.00010000000000012221,1.0
KWT-2,2025-06-22 22:30:00,8.5271,8.149,KWT-2_2025_0618_0624,0.0,1.0
KWT-2,2025-06-22 22:40:00,8.5279,8.149,KWT-2_2025_0618_0624,0.0,1.0
KWT-2,2025-06-22 22:50:00,8.5282,8.149,KWT-2_2025_0618_0624,0.0,1.0
KWT-2,2025-06-22 23:00:00,8.5287,8.148,KWT-2_2025_0618_0624,9.999999999994457e-05,1.0
KWT-2,2025-06-22 23:10:00,8.5289,8.148,KWT-2_2025_0618_0624,0.0,1.0
KWT-2,2025-06-22 23:20:00,8.5294,8.149,KWT-2_2025_0618_0624,9.999999999994457e-05,1.0
KWT-2,2025-06-22 23:30:00,8.5291,8.147,KWT-2_2025_0618_0624,0.00019999999999988915,1.0
KWT-2,2025-06-22 23:40:00,8.5284,8.146,KWT-2_2025_0618_0624,9.999999999994457e-05,1.0
KWT-2,2025-06-22 23:50:00,8.5279,8.148,KWT-2_2025_0618_0624,0.00019999999999988915,1.0
KWT-2,2025-06-23 00:00:00,8.5277,8.146,KWT-2_2025_0618_0624,0.00019999999999988915,1.0
KWT-2,2025-06-23 00:10:00,8.5283,8.145,KWT-2_2025_0618_0624,0.00010000000000012221,1.0
KWT-2,2025-06-23 00:20:00,8.5282,8.147,KWT-2_2025_0618_0624,0.0002000000000000668,1.0
KWT-2,2025-06-23 00:30:00,8.5281,8.146,KWT-2_2025_0618_0624,9.999999999994457e-05,1.0
KWT-2,2025-06-23 00:40:00,8.528,8.145,KWT-2_2025_0618_0624,0.00010000000000012221,1.0
KWT-2,2025-06-23 00:50:00,8.528,8.145,KWT-2_2025_0618_0624,0.0,1.0
KWT-2,2025-06-23 01:00:00,8.5284,8.146,KWT-2_2025_0618_0624,0.00010000000000012221,1.0
KWT-2,2025-06-23 01:10:00,8.5282,8.145,KWT-2_2025_0618_0624,0.00010000000000012221,1.0
KWT-2,2025-06-23 01:20:00,8.5278,8.145,KWT-2_2025_0618_0624,0.0,1.0
KWT-2,2025-06-23 01:30:00,8.5274,8.143,KWT-2_2025_0618_0624,0.00019999999999988915,1.0
KWT-2,2025-06-23 01:40:00,8.5269,8.144,KWT-2_2025_0618_0624,9.999999999994457e-05,1.0
KWT-2,2025-06-23 01:50:00,8.5278,8.144,KWT-2_2025_0618_0624,0.0,1.0
KWT-2,2025-06-23 02:00:00,8.5273,8.141,KWT-2_2025_0618_0624,0.00030000000000001136,1.0
KWT-2,2025-06-23 02:10:00,8.5272,8.142,KWT-2_2025_0618_0624,9.999999999994457e-05,1.0
KWT-2,2025-06-23 02:20:00,8.5268,8.142,KWT-2_2025_0618_0624,0.0,1.0
KWT-2,2025-06-23 02:30:00,8.5265,8.141,KWT-2_2025_0618_0624,9.999999999994457e-05,1.0
KWT-2,2025-06-23 02:40:00,8.5261,8.142,KWT-2_2025_0618_0624,9.999999999994457e-05,1.0
KWT-2,2025-06-23 02:50:00,8.5255,8.142,KWT-2_2025_0618_0624,0.0,1.0
KWT-2,2025-06-23 03:00:00,8.5253,8.142,KWT-2_2025_0618_0624,0.0,1.0
KWT-2,2025-06-23 03:10:00,8.5251,8.142,KWT-2_2025_0618_0624,0.0,1.0
KWT-2,2025-06-23 03:20:00,8.5248,8.141,KWT-2_2025_0618_0624,9.999999999994457e-05,1.0
KWT-2,2025-06-23 03:30:00,8.5254,8.14,KWT-2_2025_0618_0624,9.999999999994457e-05,1.0
KWT-2,2025-06-23 03:40:00,8.5257,8.139,KWT-2_2025_0618_0624,0.00010000000000012221,1.0
KWT-2,2025-06-23 03:50:00,8.5257,8.14,KWT-2_2025_0618_0624,0.00010000000000012221,1.0
KWT-2,2025-06-23 04:00:00,8.5254,8.138,KWT-2_2025_0618_0624,0.0002000000000000668,1.0
KWT-2,2025-06-23 04:10:00,8.5252,8.139,KWT-2_2025_0618_0624,9.999999999994457e-05,1.0
KWT-2,2025-06-23 04:20:00,8.5249,8.137,KWT-2_2025_0618_0624,0.00019999999999988915,1.0
KWT-2,2025-06-23 04:30:00,8.5248,8.138,KWT-2_2025_0618_0624,9.999999999994457e-05,1.0
KWT-2,2025-06-23 04:40:00,8.5245,8.138,KWT-2_2025_0618_0624,0.0,1.0
KWT-2,2025-06-23 04:50:00,8.5248,8.137,KWT-2_2025_0618_0624,9.999999999994457e-05,1.0
KWT-2,2025-06-23 05:00:00,8.5249,8.138,KWT-2_2025_0618_0624,9.999999999994457e-05,1.0
KWT-2,2025-06-23 05:10:00,8.525,8.138,KWT-2_2025_0618_0624,0.0,1.0
KWT-2,2025-06-23 05:20:00,8.5252,8.136,KWT-2_2025_0618_0624,0.0002000000000000668,1.0
KWT-2,2025-06-23 05:30:00,8.5253,8.136,KWT-2_2025_0618_0624,0.0,1.0
KWT-2,2025-06-23 05:40:00,8.5257,8.134,KWT-2_2025_0618_0624,0.00019999999999988915,1.0
KWT-2,2025-06-23 05:50:00,8.5259,8.136,KWT-2_2025_0618_0624,0.00019999999999988915,1.0
KWT-2,2025-06-23 06:00:00,8.5266,8.132,KWT-2_2025_0618_0624,0.00039999999999995595,1.0
KWT-2,2025-06-23 06:10:00,8.5268,8.133,KWT-2_2025_0618_0624,9.999999999994457e-05,1.0
KWT-2,2025-06-23 06:20:00,8.5271,8.133,KWT-2_2025_0618_0624,0.0,1.0
KWT-2,2025-06-23 06:30:00,8.5273,8.134,KWT-2_2025_0618_0624,0.00010000000000012221,1.0
KWT-2,2025-06-23 06:40:00,8.5271,8.133,KWT-2_2025_0618_0624,0.00010000000000012221,1.0
KWT-2,2025-06-23 06:50:00,8.5269,8.133,KWT-2_2025_0618_0624,0.0,1.0
KWT-2,2025-06-23 07:00:00,8.5272,8.132,KWT-2_2025_0618_0624,9.999999999994457e-05,1.0
KWT-2,2025-06-23 07:10:00,8.527,8.132,KWT-2_2025_0618_0624,0.0,1.0
KWT-2,2025-06-23 07:20:00,8.5274,8.133,KWT-2_2025_0618_0624,9.999999999994457e-05,1.0
KWT-2,2025-06-23 07:30:00,8.5273,8.134,KWT-2_2025_0618_0624,0.00010000000000012221,1.0
KWT-2,2025-06-23 07:40:00,8.5277,8.133,KWT-2_2025_0618_0624,0.00010000000000012221,1.0
KWT-2,2025-06-23 07:50:00,8.5278,8.131,KWT-2_2025_0618_0624,0.00019999999999988915,1.0
KWT-2,2025-06-23 08:00:00,8.5278,8.131,KWT-2_2025_0618_0624,0.0,1.0
KWT-2,2025-06-23 08:10:00,8.5278,8.13,KWT-2_2025_0618_0624,9.999999999994457e-05,1.0
KWT-2,2025-06-23 08:20:00,8.5276,8.132,KWT-2_2025_0618_0624,0.00019999999999988915,1.0
KWT-2,2025-06-23 08:30:00,8.5271,8.13,KWT-2_2025_0618_0624,0.00019999999999988915,1.0
KWT-2,2025-06-23 08:40:00,8.5274,8.129,KWT-2_2025_0618_0624,0.00010000000000012221,1.0
KWT-2,2025-06-23 08:50:00,8.5274,8.129,KWT-2_2025_0618_0624,0.0,1.0
KWT-2,2025-06-23 09:00:00,8.5273,8.129,KWT-2_2025_0618_0624,0.0,1.0
KWT-2,2025-06-23 09:10:00,8.5262,8.128,KWT-2_2025_0618_0624,9.999999999994457e-05,1.0
KWT-2,2025-06-23 09:20:00,8.526,8.128,KWT-2_2025_0618_0624,0.0,1.0
KWT-2,2025-06-23 09:30:00,8.5251,8.129,KWT-2_2025_0618_0624,9.999999999994457e-05,1.0
KWT-2,2025-06-23 09:40:00,8.5236,8.128,KWT-2_2025_0618_0624,9.999999999994457e-05,1.0
KWT-2,2025-06-23 09:50:00,8.5232,8.128,KWT-2_2025_0618_0624,0.0,1.0
KWT-2,2025-06-23 10:00:00,8.5219,8.128,KWT-2_2025_0618_0624,0.0,1.0
KWT-2,2025-06-23 10:10:00,8.5212,8.127,KWT-2_2025_0618_0624,9.999999999994457e-05,1.0
KWT-2,2025-06-23 10:20:00,8.5212,8.128,KWT-2_2025_0618_0624,9.999999999994457e-05,1.0
KWT-2,2025-06-23 10:30:00,8.5211,8.127,KWT-2_2025_0618_0624,9.999999999994457e-05,1.0
KWT-2,2025-06-23 10:40:00,8.521,8.127,KWT-2_2025_0618_0624,0.0,1.0
KWT-2,2025-06-23 10:50:00,8.5202,8.126,KWT-2_2025_0618_0624,0.00010000000000012221,1.0
KWT-2,2025-06-23 11:00:00,8.5197,8.127,KWT-2_2025_0618_0624,0.00010000000000012221,1.0
KWT-2,2025-06-23 11:10:00,8.5205,8.124,KWT-2_2025_0618_0624,0.00030000000000001136,1.0
KWT-2,2025-06-23 11:20:00,8.5211,8.126,KWT-2_2025_0618_0624,0.00019999999999988915,1.0
KWT-2,2025-06-23 11:30:00,8.5209,8.124,KWT-2_2025_0618_0624,0.00019999999999988915,1.0
KWT-2,2025-06-23 11:40:00,8.5205,8.126,KWT-2_2025_0618_0624,0.00019999999999988915,1.0
KWT-2,2025-06-23 11:50:00,8.5215,8.124,KWT-2_2025_0618_0624,0.00019999999999988915,1.0
KWT-2,2025-06-23 12:00:00,8.5218,8.123,KWT-2_2025_0618_0624,0.00010000000000012221,1.0
KWT-2,2025-06-23 12:10:00,8.5214,8.124,KWT-2_2025_0618_0624,0.00010000000000012221,1.0
KWT-2,2025-06-23 12:20:00,8.5195,8.123,KWT-2_2025_0618_0624,0.00010000000000012221,1.0
KWT-2,2025-06-23 12:30:00,8.5193,8.125,KWT-2_2025_0618_0624,0.0002000000000000668,1.0
KWT-2,2025-06-23 12:40:00,8.5189,8.123,KWT-2_2025_0618_0624,0.0002000000000000668,1.0
KWT-2,2025-06-23 12:50:00,8.5176,8.123,KWT-2_2025_0618_0624,0.0,1.0
KWT-2,2025-06-23 13:00:00,8.5175,8.122,KWT-2_2025_0618_0624,9.999999999994457e-05,1.0
KWT-2,2025-06-23 13:10:00,8.5191,8.123,KWT-2_2025_0618_0624,9.999999999994457e-05,1.0
KWT-2,2025-06-23 13:20:00,8.517,8.122,KWT-2_2025_0618_0624,9.999999999994457e-05,1.0
KWT-2,2025-06-23 13:30:00,8.5145,8.123,KWT-2_2025_0618_0624,9.999999999994457e-05,1.0
KWT-2,2025-06-23 13:40:00,8.5135,8.121,KWT-2_2025_0618_0624,0.00019999999999988915,1.0
KWT-2,2025-06-23 13:50:00,8.5141,8.12,KWT-2_2025_0618_0624,0.00010000000000012221,1.0
KWT-2,2025-06-23 14:00:00,8.5193,8.119,KWT-2_2025_0618_0624,9.999999999994457e-05,1.0
KWT-2,2025-06-23 14:10:00,8.5197,8.12,KWT-2_2025_0618_0624,9.999999999994457e-05,1.0
KWT-2,2025-06-23 14:20:00,8.5202,8.119,KWT-2_2025_0618_0624,9.999999999994457e-05,1.0
KWT-2,2025-06-23 14:30:00,8.5201,8.118,KWT-2_2025_0618_0624,9.999999999994457e-05,1.0
KWT-2,2025-06-23 14:40:00,8.5182,8.117,KWT-2_2025_0618_0624,9.999999999994457e-05,1.0
KWT-2,2025-06-23 14:50:00,8.5176,8.118,KWT-2_2025_0618_0624,9.999999999994457e-05,1.0
KWT-2,2025-06-23 15:00:00,8.516,8.118,KWT-2_2025_0618_0624,0.0,1.0
KWT-2,2025-06-23 15:10:00,8.5147,8.117,KWT-2_2025_0618_0624,9.999999999994457e-05,1.0
KWT-2,2025-06-23 15:20:00,8.5128,8.117,KWT-2_2025_0618_0624,0.0,1.0
KWT-2,2025-06-23 15:30:00,8.5118,8.117,KWT-2_2025_0618_0624,0.0,1.0
KWT-2,2025-06-23 15:40:00,8.5106,8.115,KWT-2_2025_0618_0624,0.0002000000000000668,1.0
KWT-2,2025-06-23 15:50:00,8.5095,8.116,KWT-2_2025_0618_0624,9.999999999994457e-05,1.0
KWT-2,2025-06-23 16:00:00,8.5064,8.114,KWT-2_2025_0618_0624,0.00019999999999988915,1.0
KWT-2,2025-06-23 16:10:00,8.5057,8.115,KWT-2_2025_0618_0624,9.999999999994457e-05,1.0
KWT-2,2025-06-23 16:20:00,8.5075,8.115,KWT-2_2025_0618_0624,0.0,1.0
KWT-2,2025-06-23 16:30:00,8.5082,8.116,KWT-2_2025_0618_0624,9.999999999994457e-05,1.0
KWT-2,2025-06-23 16:40:00,8.5096,8.115,KWT-2_2025_0618_0624,9.999999999994457e-05,1.0
KWT-2,2025-06-23 16:50:00,8.5121,8.115,KWT-2_2025_0618_0624,0.0,1.0
KWT-2,2025-06-23 17:00:00,8.5133,8.114,KWT-2_2025_0618_0624,9.999999999994457e-05,1.0
KWT-2,2025-06-23 17:10:00,8.5136,8.113,KWT-2_2025_0618_0624,0.00010000000000012221,1.0
KWT-2,2025-06-23 17:20:00,8.5134,8.113,KWT-2_2025_0618_0624,0.0,1.0
KWT-2,2025-06-23 17:30:00,8.5127,8.112,KWT-2_2025_0618_0624,9.999999999994457e-05,1.0
KWT-2,2025-06-23 17:40:00,8.5127,8.112,KWT-2_2025_0618_0624,0.0,1.0
KWT-2,2025-06-23 17:50:00,8.5121,8.111,KWT-2_2025_0618_0624,9.999999999994457e-05,1.0
KWT-2,2025-06-23 18:00:00,8.5125,8.109,KWT-2_2025_0618_0624,0.0002000000000000668,1.0
KWT-2,2025-06-23 18:10:00,8.5127,8.11,KWT-2_2025_0618_0624,9.999999999994457e-05,1.0
KWT-2,2025-06-23 18:20:00,8.5125,8.109,KWT-2_2025_0618_0624,9.999999999994457e-05,1.0
KWT-2,2025-06-23 18:30:00,8.5124,8.109,KWT-2_2025_0618_0624,0.0,1.0
KWT-2,2025-06-23 18:40:00,8.5119,8.109,KWT-2_2025_0618_0624,0.0,1.0
KWT-2,2025-06-23 18:50:00,8.5114,8.109,KWT-2_2025_0618_0624,0.0,1.0
KWT-2,2025-06-23 19:00:00,8.5111,8.108,KWT-2_2025_0618_0624,9.999999999994457e-05,1.0
KWT-2,2025-06-23 19:10:00,8.5109,8.108,KWT-2_2025_0618_0624,0.0,1.0
KWT-2,2025-06-23 19:20:00,8.5122,8.107,KWT-2_2025_0618_0624,0.00010000000000012221,1.0
KWT-2,2025-06-23 19:30:00,8.5136,8.106,KWT-2_2025_0618_0624,9.999999999994457e-05,1.0
KWT-2,2025-06-23 19:40:00,8.5144,8.105,KWT-2_2025_0618_0624,9.999999999994457e-05,1.0
KWT-2,2025-06-23 19:50:00,8.5148,8.103,KWT-2_2025_0618_0624,0.0002000000000000668,1.0
KWT-2,2025-06-23 20:00:00,8.5151,8.103,KWT-2_2025_0618_0624,0.0,1.0
KWT-2,2025-06-23 20:10:00,8.5158,8.104,KWT-2_2025_0618_0624,9.999999999994457e-05,1.0
KWT-2,2025-06-23 20:20:00,8.5168,8.103,KWT-2_2025_0618_0624,9.999999999994457e-05,1.0
KWT-2,2025-06-23 20:30:00,8.5168,8.103,KWT-2_2025_0618_0624,0.0,1.0
KWT-2,2025-06-23 20:40:00,8.5177,8.103,KWT-2_2025_0618_0624,0.0,1.0
KWT-2,2025-06-23 20:50:00,8.5184,8.101,KWT-2_2025_0618_0624,0.00019999999999988915,1.0
KWT-2,2025-06-23 21:00:00,8.5191,8.103,KWT-2_2025_0618_0624,0.00019999999999988915,1.0
KWT-2,2025-06-23 21:10:00,8.5195,8.102,KWT-2_2025_0618_0624,9.999999999994457e-05,1.0
KWT-2,2025-06-23 21:20:00,8.5208,8.1,KWT-2_2025_0618_0624,0.0002000000000000668,1.0
KWT-2,2025-06-23 21:30:00,8.5213,8.102,KWT-2_2025_0618_0624,0.0002000000000000668,1.0
KWT-2,2025-06-23 21:40:00,8.522,8.099,KWT-2_2025_0618_0624,0.00030000000000001136,1.0
KWT-2,2025-06-23 21:50:00,8.5239,8.098,KWT-2_2025_0618_0624,9.999999999994457e-05,1.0
KWT-2,2025-06-23 22:00:00,8.5256,8.098,KWT-2_2025_0618_0624,0.0,1.0
KWT-2,2025-06-23 22:10:00,8.5263,8.099,KWT-2_2025_0618_0624,9.999999999994457e-05,1.0
KWT-2,2025-06-23 22:20:00,8.5265,8.098,KWT-2_2025_0618_0624,9.999999999994457e-05,1.0
KWT-2,2025-06-23 22:30:00,8.5267,8.098,KWT-2_2025_0618_0624,0.0,1.0
KWT-2,2025-06-23 22:40:00,8.5271,8.097,KWT-2_2025_0618_0624,0.00010000000000012221,1.0
KWT-2,2025-06-23 22:50:00,8.5275,8.095,KWT-2_2025_0618_0624,0.00019999999999988915,1.0
KWT-2,2025-06-23 23:00:00,8.5275,8.097,KWT-2_2025_0618_0624,0.00019999999999988915,1.0
KWT-2,2025-06-23 23:10:00,8.5272,8.097,KWT-2_2025_0618_0624,0.0,1.0
KWT-2,2025-06-23 23:20:00,8.5276,8.095,KWT-2_2025_0618_0624,0.00019999999999988915,1.0
KWT-2,2025-06-23 23:30:00,8.5283,8.095,KWT-2_2025_0618_0624,0.0,1.0
KWT-2,2025-06-23 23:40:00,8.5283,8.093,KWT-2_2025_0618_0624,0.0002000000000000668,1.0
KWT-2,2025-06-23 23:50:00,8.5276,8.094,KWT-2_2025_0618_0624,9.999999999994457e-05,1.0
KWT-2,2025-06-24 00:00:00,8.527,8.092,KWT-2_2025_0618_0624,0.00019999999999988915,1.0
KWT-2,2025-06-24 00:10:00,8.5266,8.092,KWT-2_2025_0618_0624,0.0,1.0
KWT-2,2025-06-24 00:20:00,8.5261,8.095,KWT-2_2025_0618_0624,0.00030000000000001136,1.0
KWT-2,2025-06-24 00:30:00,8.5256,8.09,KWT-2_2025_0618_0624,0.0005000000000000782,1.0
KWT-2,2025-06-24 00:40:00,8.5249,8.091,KWT-2_2025_0618_0624,9.999999999994457e-05,1.0
KWT-2,2025-06-24 00:50:00,8.5246,8.09,KWT-2_2025_0618_0624,9.999999999994457e-05,1.0
KWT-2,2025-06-24 01:00:00,8.5246,8.09,KWT-2_2025_0618_0624,0.0,1.0
KWT-2,2025-06-24 01:10:00,8.524,8.089,KWT-2_2025_0618_0624,9.999999999994457e-05,1.0
KWT-2,2025-06-24 01:20:00,8.5236,8.089,KWT-2_2025_0618_0624,0.0,1.0
KWT-2,2025-06-24 01:30:00,8.5229,8.089,KWT-2_2025_0618_0624,0.0,1.0
KWT-2,2025-06-24 01:40:00,8.5224,8.088,KWT-2_2025_0618_0624,0.00010000000000012221,1.0
KWT-2,2025-06-24 01:50:00,8.5221,8.086,KWT-2_2025_0618_0624,0.00019999999999988915,1.0
KWT-2,2025-06-24 02:00:00,8.5222,8.087,KWT-2_2025_0618_0624,9.999999999994457e-05,1.0
KWT-2,2025-06-24 02:10:00,8.5221,8.087,KWT-2_2025_0618_0624,0.0,1.0
KWT-2,2025-06-24 02:20:00,8.5221,8.086,KWT-2_2025_0618_0624,9.999999999994457e-05,1.0
KWT-2,2025-06-24 02:30:00,8.5226,8.087,KWT-2_2025_0618_0624,9.999999999994457e-05,1.0
KWT-2,2025-06-24 02:40:00,8.5223,8.085,KWT-2_2025_0618_0624,0.00019999999999988915,1.0
KWT-2,2025-06-24 02:50:00,8.5219,8.085,KWT-2_2025_0618_0624,0.0,1.0
KWT-2,2025-06-24 03:00:00,8.5216,8.084,KWT-2_2025_0618_0624,0.00010000000000012221,1.0
KWT-2,2025-06-24 03:10:00,8.5215,8.085,KWT-2_2025_0618_0624,0.00010000000000012221,1.0
KWT-2,2025-06-24 03:20:00,8.5212,8.084,KWT-2_2025_0618_0624,0.00010000000000012221,1.0
KWT-2,2025-06-24 03:30:00,8.5211,8.082,KWT-2_2025_0618_0624,0.00019999999999988915,1.0
KWT-2,2025-06-24 03:40:00,8.5213,8.082,KWT-2_2025_0618_0624,0.0,1.0
KWT-2,2025-06-24 03:50:00,8.5211,8.08,KWT-2_2025_0618_0624,0.0002000000000000668,1.0
KWT-2,2025-06-24 04:00:00,8.5209,8.081,KWT-2_2025_0618_0624,9.999999999994457e-05,1.0
KWT-2,2025-06-24 04:10:00,8.5209,8.081,KWT-2_2025_0618_0624,0.0,1.0
KWT-2,2025-06-24 04:20:00,8.521,8.08,KWT-2_2025_0618_0624,9.999999999994457e-05,1.0
KWT-2,2025-06-24 04:30:00,8.5212,8.08,KWT-2_2025_0618_0624,0.0,1.0
KWT-2,2025-06-24 04:40:00,8.5213,8.081,KWT-2_2025_0618_0624,9.999999999994457e-05,1.0
KWT-2,2025-06-24 04:50:00,8.5218,8.079,KWT-2_2025_0618_0624,0.00019999999999988915,1.0
KWT-2,2025-06-24 05:00:00,8.5222,8.077,KWT-2_2025_0618_0624,0.0002000000000000668,1.0
KWT-2,2025-06-24 05:10:00,8.5223,8.078,KWT-2_2025_0618_0624,9.999999999994457e-05,1.0
KWT-2,2025-06-24 05:20:00,8.5224,8.077,KWT-2_2025_0618_0624,9.999999999994457e-05,1.0
KWT-2,2025-06-24 05:30:00,8.5229,8.076,KWT-2_2025_0618_0624,9.999999999994457e-05,1.0
KWT-2,2025-06-24 05:40:00,8.5232,8.078,KWT-2_2025_0618_0624,0.00019999999999988915,1.0
KWT-2,2025-06-24 05:50:00,8.5233,8.076,KWT-2_2025_0618_0624,0.00019999999999988915,1.0
KWT-2,2025-06-24 06:00:00,8.5235,8.075,KWT-2_2025_0618_0624,0.00010000000000012221,1.0
KWT-2,2025-06-24 06:10:00,8.5239,8.075,KWT-2_2025_0618_0624,0.0,1.0
KWT-2,2025-06-24 06:20:00,8.5244,8.076,KWT-2_2025_0618_0624,0.00010000000000012221,1.0
KWT-2,2025-06-24 06:30:00,8.5248,8.075,KWT-2_2025_0618_0624,0.00010000000000012221,1.0
KWT-2,2025-06-24 06:40:00,8.5253,8.075,KWT-2_2025_0618_0624,0.0,1.0
KWT-2,2025-06-24 06:50:00,8.526,8.073,KWT-2_2025_0618_0624,0.00019999999999988915,1.0
KWT-2,2025-06-24 07:00:00,8.5266,8.073,KWT-2_2025_0618_0624,0.0,1.0
KWT-2,2025-06-24 07:10:00,8.5274,8.074,KWT-2_2025_0618_0624,9.999999999994457e-05,1.0
KWT-2,2025-06-24 07:20:00,8.5285,8.072,KWT-2_2025_0618_0624,0.0002000000000000668,1.0
KWT-2,2025-06-24 07:30:00,8.5291,8.072,KWT-2_2025_0618_0624,0.0,1.0
KWT-2,2025-06-24 07:40:00,8.5296,8.071,KWT-2_2025_0618_0624,9.999999999994457e-05,1.0
KWT-2,2025-06-24 07:50:00,8.53,8.07,KWT-2_2025_0618_0624,9.999999999994457e-05,1.0
KWT-2,2025-06-24 08:00:00,8.5303,8.072,KWT-2_2025_0618_0624,0.00019999999999988915,1.0
KWT-2,2025-06-24 08:10:00,8.5306,8.07,KWT-2_2025_0618_0624,0.00019999999999988915,1.0
KWT-2,2025-06-24 08:20:00,8.5305,8.071,KWT-2_2025_0618_0624,9.999999999994457e-05,1.0
KWT-2,2025-06-24 08:30:00,8.5306,8.07,KWT-2_2025_0618_0624,9.999999999994457e-05,1.0
KWT-2,2025-06-24 08:40:00,8.5308,8.068,KWT-2_2025_0618_0624,0.0002000000000000668,1.0
KWT-2,2025-06-24 08:50:00,8.5309,8.071,KWT-2_2025_0618_0624,0.00030000000000001136,1.0
KWT-2,2025-06-24 09:00:00,8.5309,8.069,KWT-2_2025_0618_0624,0.00019999999999988915,1.0
KWT-2,2025-06-24 09:10:00,8.5312,8.067,KWT-2_2025_0618_0624,0.0002000000000000668,1.0
KWT-2,2025-06-24 09:20:00,8.5312,8.068,KWT-2_2025_0618_0624,9.999999999994457e-05,1.0
KWT-2,2025-06-24 09:30:00,8.5312,8.067,KWT-2_2025_0618_0624,9.999999999994457e-05,1.0
KWT-2,2025-06-24 09:40:00,8.5308,8.068,KWT-2_2025_0618_0624,9.999999999994457e-05,1.0
KWT-2,2025-06-24 09:50:00,8.531,8.067,KWT-2_2025_0618_0624,9.999999999994457e-05,1.0
KWT-2,2025-06-24 10:00:00,8.5309,8.065,KWT-2_2025_0618_0624,0.0002000000000000668,1.0
KWT-2,2025-06-24 10:10:00,8.5313,8.067,KWT-2_2025_0618_0624,0.0002000000000000668,1.0
KWT-2,2025-06-24 10:20:00,8.5322,8.065,KWT-2_2025_0618_0624,0.0002000000000000668,1.0
KWT-2,2025-06-24 10:30:00,8.5328,8.066,KWT-2_2025_0618_0624,0.00010000000000012221,1.0
KWT-2,2025-06-24 10:40:00,8.533,8.064,KWT-2_2025_0618_0624,0.0002000000000000668,1.0
KWT-2,2025-06-24 10:50:00,8.5325,8.065,KWT-2_2025_0618_0624,9.999999999994457e-05,1.0
KWT-2,2025-06-24 11:00:00,8.5321,8.064,KWT-2_2025_0618_0624,9.999999999994457e-05,1.0
KWT-2,2025-06-24 11:10:00,8.5331,8.064,KWT-2_2025_0618_0624,0.0,1.0
KWT-2,2025-06-24 11:20:00,8.5338,8.063,KWT-2_2025_0618_0624,9.999999999994457e-05,1.0
KWT-2,2025-06-24 11:30:00,8.5342,8.063,KWT-2_2025_0618_0624,0.0,1.0
KWT-2,2025-06-24 11:40:00,8.5341,8.063,KWT-2_2025_0618_0624,0.0,1.0
KWT-2,2025-06-24 11:50:00,8.5363,8.062,KWT-2_2025_0618_0624,0.00010000000000012221,1.0
KWT-2,2025-06-24 12:00:00,8.5369,8.062,KWT-2_2025_0618_0624,0.0,1.0
KWT-2,2025-06-24 12:10:00,8.537,8.061,KWT-2_2025_0618_0624,9.999999999994457e-05,1.0
KWT-2,2025-06-24 12:20:00,8.5376,8.063,KWT-2_2025_0618_0624,0.0002000000000000668,1.0
KWT-2,2025-06-24 12:30:00,8.5355,8.06,KWT-2_2025_0618_0624,0.00030000000000001136,1.0
KWT-2,2025-06-24 12:40:00,8.5354,8.062,KWT-2_2025_0618_0624,0.00019999999999988915,1.0
KWT-2,2025-06-24 12:50:00,8.5387,8.06,KWT-2_2025_0618_0624,0.00019999999999988915,1.0
KWT-2,2025-06-24 13:00:00,8.5369,8.062,KWT-2_2025_0618_0624,0.00019999999999988915,1.0
KWT-2,2025-06-24 13:10:00,8.5399,8.061,KWT-2_2025_0618_0624,9.999999999994457e-05,1.0
KWT-2,2025-06-24 13:20:00,8.5378,8.059,KWT-2_2025_0618_0624,0.0002000000000000668,1.0
KWT-2,2025-06-24 13:30:00,8.5335,8.06,KWT-2_2025_0618_0624,0.00010000000000012221,1.0
KWT-2,2025-06-24 13:40:00,8.532,8.06,KWT-2_2025_0618_0624,0.0,1.0
KWT-2,2025-06-24 13:50:00,8.5313,8.06,KWT-2_2025_0618_0624,0.0,1.0
KWT-2,2025-06-24 14:00:00,8.5324,8.06,KWT-2_2025_0618_0624,0.0,1.0
KWT-2,2025-06-24 14:10:00,8.5334,8.06,KWT-2_2025_0618_0624,0.0,1.0
KWT-2,2025-06-24 14:20:00,8.5345,8.059,KWT-2_2025_0618_0624,0.00010000000000012221,1.0
KWT-2,2025-06-24 14:30:00,8.5345,8.058,KWT-2_2025_0618_0624,9.999999999994457e-05,1.0
KWT-2,2025-06-24 14:40:00,8.5328,8.057,KWT-2_2025_0618_0624,9.999999999994457e-05,1.0
KWT-2,2025-06-24 14:50:00,8.532,8.056,KWT-2_2025_0618_0624,0.00010000000000012221,1.0
KWT-2,2025-06-24 15:00:00,8.5314,8.057,KWT-2_2025_0618_0624,0.00010000000000012221,1.0
KWT-2,2025-06-24 15:10:00,8.5305,8.057,KWT-2_2025_0618_0624,0.0,1.0
KWT-2,2025-06-24 15:20:00,8.5291,8.056,KWT-2_2025_0618_0624,0.00010000000000012221,1.0
KWT-2,2025-06-24 15:30:00,8.5295,8.058,KWT-2_2025_0618_0624,0.0002000000000000668,1.0
KWT-2,2025-06-24 15:40:00,8.5296,8.057,KWT-2_2025_0618_0624,9.999999999994457e-05,1.0
KWT-2,2025-06-24 15:50:00,8.5293,8.056,KWT-2_2025_0618_0624,0.00010000000000012221,1.0
KWT-2,2025-06-24 16:00:00,8.5264,8.054,KWT-2_2025_0618_0624,0.00019999999999988915,1.0
KWT-2,2025-06-24 16:10:00,8.5263,8.055,KWT-2_2025_0618_0624,9.999999999994457e-05,1.0
KWT-2,2025-06-24 16:20:00,8.525,8.054,KWT-2_2025_0618_0624,9.999999999994457e-05,1.0
KWT-2,2025-06-24 16:30:00,8.5261,8.055,KWT-2_2025_0618_0624,9.999999999994457e-05,1.0
KWT-2,2025-06-24 16:40:00,8.5273,8.053,KWT-2_2025_0618_0624,0.00019999999999988915,1.0
KWT-2,2025-06-24 16:50:00,8.528,8.054,KWT-2_2025_0618_0624,9.999999999994457e-05,1.0
KWT-2,2025-06-24 17:00:00,8.5285,8.055,KWT-2_2025_0618_0624,9.999999999994457e-05,1.0
KWT-2,2025-06-24 17:10:00,8.5316,8.055,KWT-2_2025_0618_0624,0.0,1.0
KWT-2,2025-06-24 17:20:00,8.5345,8.053,KWT-2_2025_0618_0624,0.00019999999999988915,1.0
KWT-2,2025-06-24 17:30:00,8.5323,8.054,KWT-2_2025_0618_0624,9.999999999994457e-05,1.0
KWT-2,2025-06-24 17:40:00,8.5284,8.052,KWT-2_2025_0618_0624,0.0002000000000000668,1.0
